GAME_ID,GAME_DATE,GAME_DATETIME,GAME_TIME_DISPLAY,SEASON,STATUS,DETAILED_STATE,ABSTRACT_STATE,DOUBLEHEADER,DAY_NIGHT,SERIES_GAME_NUMBER,SERIES_DESCRIPTION,VENUE,AWAY_TEAM_ID,AWAY_TEAM_NAME,AWAY_TEAM_ABBREVIATION,AWAY_SCORE,AWAY_IS_WINNER,HOME_TEAM_ID,HOME_TEAM_NAME,HOME_TEAM_ABBREVIATION,HOME_SCORE,HOME_IS_WINNER,IS_HOME_WIN
832033,2026-02-20,2026-02-20T18:05:00+00:00,2026-02-20 06:05 PM UTC,2026,Final,Final,Final,N,day,,Exhibition Game,JetBlue Park,343,Northeastern Huskies,NEU,3.0,False,111,Boston Red Sox,BOS,18.0,True,True
832034,2026-02-20,2026-02-20T18:05:00+00:00,2026-02-20 06:05 PM UTC,2026,Final,Final,Final,N,day,1.0,Spring Training,Ed Smith Stadium,147,New York Yankees,NYY,0.0,False,110,Baltimore Orioles,BAL,2.0,True,True
831829,2026-02-20,2026-02-20T20:05:00+00:00,2026-02-20 08:05 PM UTC,2026,Final,Final,Final,N,day,1.0,Spring Training,Surprise Stadium,118,Kansas City Royals,KC,7.0,True,140,Texas Rangers,TEX,3.0,False,False
832042,2026-02-20,2026-02-20T20:05:00+00:00,2026-02-20 08:05 PM UTC,2026,Final,Final,Final,N,day,1.0,Spring Training,Sloan Park,145,Chicago White Sox,CWS,8.0,True,112,Chicago Cubs,CHC,1.0,False,False
831764,2026-02-20,2026-02-20T20:10:00+00:00,2026-02-20 08:10 PM UTC,2026,Final,Final,Final,N,day,1.0,Spring Training,Peoria Stadium,135,San Diego Padres,SD,4.0,False,136,Seattle Mariners,SEA,7.0,True,True
831959,2026-02-20,2026-02-20T20:10:00+00:00,2026-02-20 08:10 PM UTC,2026,Final,Final,Final,N,day,1.0,Spring Training,Salt River Fields at Talking Stick,109,Arizona Diamondbacks,AZ,3.0,True,115,Colorado Rockies,COL,2.0,False,False
832043,2026-02-20,2026-02-20T23:05:00+00:00,2026-02-20 11:05 PM UTC,2026,Final,Completed Early,Final,N,night,,Exhibition Game,Lee Health Sports Complex,4864,Minnesota Golden Gophers,UM,3.0,False,142,Minnesota Twins,MIN,10.0,True,True
831494,2026-02-21,2026-02-21T18:05:00+00:00,2026-02-21 06:05 PM UTC,2026,Final,Final,Final,N,day,1.0,Spring Training,Roger Dean Chevrolet Stadium,120,Washington Nationals,WSH,6.0,True,138,St. Louis Cardinals,STL,2.0,False,False
831543,2026-02-21,2026-02-21T18:05:00+00:00,2026-02-21 06:05 PM UTC,2026,Final,Final,Final,N,day,1.0,Spring Training,Charlotte Sports Park,144,Atlanta Braves,ATL,5.0,True,139,Tampa Bay Rays,TB,1.0,False,False
831544,2026-02-21,2026-02-21T18:05:00+00:00,2026-02-21 06:05 PM UTC,2026,Final,Final,Final,N,day,1.0,Spring Training,Ed Smith Stadium,134,Pittsburgh Pirates,PIT,8.0,True,110,Baltimore Orioles,BAL,2.0,False,False
831598,2026-02-21,2026-02-21T18:05:00+00:00,2026-02-21 06:05 PM UTC,2026,Final,Final,Final,N,day,1.0,Spring Training,CACTI Park of the Palm Beaches,117,Houston Astros,HOU,1.0,False,120,Washington Nationals,WSH,2.0,True,True
831654,2026-02-21,2026-02-21T18:05:00+00:00,2026-02-21 06:05 PM UTC,2026,Final,Final,Final,N,day,1.0,Spring Training,Lee Health Sports Complex,111,Boston Red Sox,BOS,7.0,True,142,Minnesota Twins,MIN,2.0,False,False
831655,2026-02-21,2026-02-21T18:05:00+00:00,2026-02-21 06:05 PM UTC,2026,Final,Final,Final,N,day,1.0,Spring Training,George M. Steinbrenner Field,116,Detroit Tigers,DET,3.0,False,147,New York Yankees,NYY,20.0,True,True
831542,2026-02-21,2026-02-21T18:07:00+00:00,2026-02-21 06:07 PM UTC,2026,Final,Final,Final,N,day,1.0,Spring Training,TD Ballpark,143,Philadelphia Phillies,PHI,0.0,False,141,Toronto Blue Jays,TOR,3.0,True,True
831497,2026-02-21,2026-02-21T18:10:00+00:00,2026-02-21 06:10 PM UTC,2026,Final,Final,Final,N,day,1.0,Spring Training,Clover Park,146,Miami Marlins,MIA,2.0,True,121,New York Mets,NYM,1.0,False,False
831732,2026-02-21,2026-02-21T20:05:00+00:00,2026-02-21 08:05 PM UTC,2026,Final,Final,Final,N,day,1.0,Spring Training,Sloan Park,140,Texas Rangers,TEX,3.0,True,112,Chicago Cubs,CHC,2.0,False,False
831775,2026-02-21,2026-02-21T20:05:00+00:00,2026-02-21 08:05 PM UTC,2026,Final,Final,Final,N,day,1.0,Spring Training,Surprise Stadium,135,San Diego Padres,SD,10.0,True,118,Kansas City Royals,KC,3.0,False,False
831900,2026-02-21,2026-02-21T20:05:00+00:00,2026-02-21 08:05 PM UTC,2026,Final,Final,Final,N,day,1.0,Spring Training,Goodyear Ballpark,113,Cincinnati Reds,CIN,2.0,False,114,Cleveland Guardians,CLE,4.0,True,True
831948,2026-02-21,2026-02-21T20:05:00+00:00,2026-02-21 08:05 PM UTC,2026,Final,Final,Final,N,day,1.0,Spring Training,Camelback Ranch,133,Athletics,ATH,2.0,False,145,Chicago White Sox,CWS,11.0,True,True
831750,2026-02-21,2026-02-21T20:10:00+00:00,2026-02-21 08:10 PM UTC,2026,Final,Final,Final,N,day,1.0,Spring Training,Peoria Stadium,137,San Francisco Giants,SF,10.0,True,136,Seattle Mariners,SEA,5.0,False,False
831872,2026-02-21,2026-02-21T20:10:00+00:00,2026-02-21 08:10 PM UTC,2026,Final,Final,Final,N,day,2.0,Spring Training,Salt River Fields at Talking Stick,115,Colorado Rockies,COL,11.0,True,109,Arizona Diamondbacks,AZ,6.0,False,False
831878,2026-02-21,2026-02-21T20:10:00+00:00,2026-02-21 08:10 PM UTC,2026,Final,Final,Final,N,day,1.0,Spring Training,American Family Fields of Phoenix,114,Cleveland Guardians,CLE,9.0,True,158,Milwaukee Brewers,MIL,6.0,False,False
832063,2026-02-21,2026-02-21T20:10:00+00:00,2026-02-21 08:10 PM UTC,2026,Final,Final,Final,N,day,1.0,Spring Training,Tempe Diablo Stadium,119,Los Angeles Dodgers,LAD,15.0,True,108,Los Angeles Angels,LAA,2.0,False,False
831484,2026-02-22,2026-02-22T18:05:00+00:00,2026-02-22 06:05 PM UTC,2026,Final,Final,Final,N,day,1.0,Spring Training,BayCare Ballpark,134,Pittsburgh Pirates,PIT,4.0,True,143,Philadelphia Phillies,PHI,3.0,False,False
831537,2026-02-22,2026-02-22T18:05:00+00:00,2026-02-22 06:05 PM UTC,2026,Final,Final,Final,N,day,1.0,Spring Training,George M. Steinbrenner Field,121,New York Mets,NYM,6.0,True,147,New York Yankees,NYY,4.0,False,False
831548,2026-02-22,2026-02-22T18:05:00+00:00,2026-02-22 06:05 PM UTC,2026,Final,Final,Final,N,day,1.0,Spring Training,CACTI Park of the Palm Beaches,138,St. Louis Cardinals,STL,6.0,True,117,Houston Astros,HOU,5.0,False,False
831596,2026-02-22,2026-02-22T18:05:00+00:00,2026-02-22 06:05 PM UTC,2026,Final,Final,Final,N,day,1.0,Spring Training,LECOM Park,139,Tampa Bay Rays,TB,4.0,False,134,Pittsburgh Pirates,PIT,7.0,True,True
831597,2026-02-22,2026-02-22T18:05:00+00:00,2026-02-22 06:05 PM UTC,2026,Final,Final,Final,N,day,1.0,Spring Training,CoolToday Park,142,Minnesota Twins,MIN,8.0,True,144,Atlanta Braves,ATL,1.0,False,False
831656,2026-02-22,2026-02-22T18:05:00+00:00,2026-02-22 06:05 PM UTC,2026,Final,Final,Final,N,day,1.0,Spring Training,JetBlue Park,141,Toronto Blue Jays,TOR,10.0,False,111,Boston Red Sox,BOS,11.0,True,True
831657,2026-02-22,2026-02-22T18:05:00+00:00,2026-02-22 06:05 PM UTC,2026,Final,Final,Final,N,day,1.0,Spring Training,Publix Field at Joker Marchant Stadium,110,Baltimore Orioles,BAL,4.0,,116,Detroit Tigers,DET,4.0,,
831495,2026-02-22,2026-02-22T18:10:00+00:00,2026-02-22 06:10 PM UTC,2026,Final,Final,Final,N,day,1.0,Spring Training,Roger Dean Chevrolet Stadium,120,Washington Nationals,WSH,16.0,True,146,Miami Marlins,MIA,8.0,False,False
831744,2026-02-22,2026-02-22T20:05:00+00:00,2026-02-22 08:05 PM UTC,2026,Final,Final,Final,N,day,1.0,Spring Training,Goodyear Ballpark,136,Seattle Mariners,SEA,14.0,True,113,Cincinnati Reds,CIN,8.0,False,False
831790,2026-02-22,2026-02-22T20:05:00+00:00,2026-02-22 08:05 PM UTC,2026,Final,Final,Final,N,day,1.0,Spring Training,Camelback Ranch,158,Milwaukee Brewers,MIL,2.0,False,145,Chicago White Sox,CWS,5.0,True,True
831859,2026-02-22,2026-02-22T20:05:00+00:00,2026-02-22 08:05 PM UTC,2026,Final,Final,Final,N,day,1.0,Spring Training,Surprise Stadium,115,Colorado Rockies,COL,5.0,False,140,Texas Rangers,TEX,9.0,True,True
831886,2026-02-22,2026-02-22T20:05:00+00:00,2026-02-22 08:05 PM UTC,2026,Final,Final,Final,N,day,1.0,Spring Training,Hohokam Stadium,114,Cleveland Guardians,CLE,6.0,True,133,Athletics,ATH,0.0,False,False
831922,2026-02-22,2026-02-22T20:05:00+00:00,2026-02-22 08:05 PM UTC,2026,Final,Final,Final,N,day,1.0,Spring Training,Scottsdale Stadium,112,Chicago Cubs,CHC,2.0,False,137,San Francisco Giants,SF,4.0,True,True
831803,2026-02-22,2026-02-22T20:10:00+00:00,2026-02-22 08:10 PM UTC,2026,Final,Final,Final,N,day,1.0,Spring Training,Peoria Stadium,119,Los Angeles Dodgers,LAD,5.0,True,135,San Diego Padres,SD,1.0,False,False
831830,2026-02-22,2026-02-22T20:10:00+00:00,2026-02-22 08:10 PM UTC,2026,Final,Final,Final,N,day,1.0,Spring Training,Salt River Fields at Talking Stick,108,Los Angeles Angels,LAA,10.0,True,109,Arizona Diamondbacks,AZ,9.0,False,False
831841,2026-02-22,2026-02-22T20:10:00+00:00,2026-02-22 08:10 PM UTC,2026,Final,Final,Final,N,day,1.0,Spring Training,American Family Fields of Phoenix,118,Kansas City Royals,KC,7.0,True,158,Milwaukee Brewers,MIL,3.0,False,False
831485,2026-02-23,2026-02-23T18:05:00+00:00,2026-02-23 06:05 PM UTC,2026,Final,Final,Final,N,day,1.0,Spring Training,Roger Dean Chevrolet Stadium,146,Miami Marlins,MIA,4.0,False,138,St. Louis Cardinals,STL,5.0,True,True
831540,2026-02-23,2026-02-23T18:05:00+00:00,2026-02-23 06:05 PM UTC,2026,Final,Final,Final,N,day,1.0,Spring Training,Ed Smith Stadium,144,Atlanta Braves,ATL,10.0,True,110,Baltimore Orioles,BAL,7.0,False,False
831595,2026-02-23,2026-02-23T18:05:00+00:00,2026-02-23 06:05 PM UTC,2026,Final,Final,Final,N,day,1.0,Spring Training,LECOM Park,147,New York Yankees,NYY,6.0,True,134,Pittsburgh Pirates,PIT,2.0,False,False
831652,2026-02-23,2026-02-23T18:05:00+00:00,2026-02-23 06:05 PM UTC,2026,Final,Final,Final,N,day,1.0,Spring Training,Charlotte Sports Park,111,Boston Red Sox,BOS,1.0,False,139,Tampa Bay Rays,TB,2.0,True,True
831658,2026-02-23,2026-02-23T18:05:00+00:00,2026-02-23 06:05 PM UTC,2026,Final,Final,Final,N,day,1.0,Spring Training,Publix Field at Joker Marchant Stadium,142,Minnesota Twins,MIN,3.0,True,116,Detroit Tigers,DET,0.0,False,False
831539,2026-02-23,2026-02-23T18:07:00+00:00,2026-02-23 06:07 PM UTC,2026,Final,Final,Final,N,day,1.0,Spring Training,TD Ballpark,121,New York Mets,NYM,4.0,True,141,Toronto Blue Jays,TOR,3.0,False,False
831745,2026-02-23,2026-02-23T20:05:00+00:00,2026-02-23 08:05 PM UTC,2026,Final,Final,Final,N,day,1.0,Spring Training,Camelback Ranch,136,Seattle Mariners,SEA,0.0,False,119,Los Angeles Dodgers,LAD,3.0,True,True
831927,2026-02-23,2026-02-23T20:05:00+00:00,2026-02-23 08:05 PM UTC,2026,Final,Final,Final,N,day,1.0,Spring Training,Surprise Stadium,112,Chicago Cubs,CHC,3.0,True,118,Kansas City Royals,KC,2.0,False,False
831939,2026-02-23,2026-02-23T20:05:00+00:00,2026-02-23 08:05 PM UTC,2026,Final,Final,Final,N,day,1.0,Spring Training,Scottsdale Stadium,133,Athletics,ATH,2.0,False,137,San Francisco Giants,SF,6.0,True,True
831955,2026-02-23,2026-02-23T20:05:00+00:00,2026-02-23 08:05 PM UTC,2026,Final,Final,Final,N,day,1.0,Spring Training,Goodyear Ballpark,109,Arizona Diamondbacks,AZ,5.0,False,114,Cleveland Guardians,CLE,9.0,True,True
831724,2026-02-23,2026-02-23T20:10:00+00:00,2026-02-23 08:10 PM UTC,2026,Final,Final,Final,N,day,1.0,Spring Training,Tempe Diablo Stadium,140,Texas Rangers,TEX,6.0,True,108,Los Angeles Angels,LAA,0.0,False,False
831783,2026-02-23,2026-02-23T20:10:00+00:00,2026-02-23 08:10 PM UTC,2026,Final,Final,Final,N,day,1.0,Spring Training,Peoria Stadium,158,Milwaukee Brewers,MIL,5.0,False,135,San Diego Padres,SD,7.0,True,True
831912,2026-02-23,2026-02-23T20:10:00+00:00,2026-02-23 08:10 PM UTC,2026,Final,Final,Final,N,day,1.0,Spring Training,Salt River Fields at Talking Stick,145,Chicago White Sox,CWS,4.0,False,115,Colorado Rockies,COL,5.0,True,True
831483,2026-02-23,2026-02-23T23:05:00+00:00,2026-02-23 11:05 PM UTC,2026,Final,Final,Final,N,night,1.0,Spring Training,CACTI Park of the Palm Beaches,143,Philadelphia Phillies,PHI,5.0,,120,Washington Nationals,WSH,5.0,,
831534,2026-02-24,2026-02-24T18:05:00+00:00,2026-02-24 06:05 PM UTC,2026,Final,Final,Final,N,day,1.0,Spring Training,JetBlue Park,134,Pittsburgh Pirates,PIT,16.0,True,111,Boston Red Sox,BOS,7.0,False,False
831594,2026-02-24,2026-02-24T18:05:00+00:00,2026-02-24 06:05 PM UTC,2026,Final,Final,Final,N,day,1.0,Spring Training,CoolToday Park,116,Detroit Tigers,DET,1.0,False,144,Atlanta Braves,ATL,8.0,True,True
831650,2026-02-24,2026-02-24T18:05:00+00:00,2026-02-24 06:05 PM UTC,2026,Final,Final,Final,N,day,1.0,Spring Training,Charlotte Sports Park,142,Minnesota Twins,MIN,1.0,False,139,Tampa Bay Rays,TB,12.0,True,True
831651,2026-02-24,2026-02-24T18:05:00+00:00,2026-02-24 06:05 PM UTC,2026,Final,Final,Final,N,day,1.0,Spring Training,Lee Health Sports Complex,110,Baltimore Orioles,BAL,10.0,True,142,Minnesota Twins,MIN,5.0,False,False
831649,2026-02-24,2026-02-24T18:07:00+00:00,2026-02-24 06:07 PM UTC,2026,Final,Final,Final,N,day,1.0,Spring Training,TD Ballpark,147,New York Yankees,NYY,8.0,True,141,Toronto Blue Jays,TOR,7.0,False,False
831489,2026-02-24,2026-02-24T18:10:00+00:00,2026-02-24 06:10 PM UTC,2026,Final,Final,Final,N,day,1.0,Spring Training,Roger Dean Chevrolet Stadium,143,Philadelphia Phillies,PHI,1.0,False,146,Miami Marlins,MIA,6.0,True,True
831593,2026-02-24,2026-02-24T18:10:00+00:00,2026-02-24 06:10 PM UTC,2026,Final,Final,Final,N,day,1.0,Spring Training,Clover Park,117,Houston Astros,HOU,6.0,,121,New York Mets,NYM,6.0,,
831781,2026-02-24,2026-02-24T20:05:00+00:00,2026-02-24 08:05 PM UTC,2026,Final,Final,Final,N,day,1.0,Spring Training,Sloan Park,135,San Diego Padres,SD,5.0,False,112,Chicago Cubs,CHC,6.0,True,True
831797,2026-02-24,2026-02-24T20:05:00+00:00,2026-02-24 08:05 PM UTC,2026,Final,Final,Final,N,day,1.0,Spring Training,Hohokam Stadium,158,Milwaukee Brewers,MIL,10.0,True,133,Athletics,ATH,0.0,False,False
831847,2026-02-24,2026-02-24T20:05:00+00:00,2026-02-24 08:05 PM UTC,2026,Final,Final,Final,N,day,1.0,Spring Training,Goodyear Ballpark,118,Kansas City Royals,KC,4.0,False,113,Cincinnati Reds,CIN,5.0,True,True
831876,2026-02-24,2026-02-24T20:05:00+00:00,2026-02-24 08:05 PM UTC,2026,Final,Final,Final,N,day,1.0,Spring Training,Camelback Ranch,114,Cleveland Guardians,CLE,3.0,False,119,Los Angeles Dodgers,LAD,11.0,True,True
831951,2026-02-24,2026-02-24T20:05:00+00:00,2026-02-24 08:05 PM UTC,2026,Final,Final,Final,N,day,1.0,Spring Training,Surprise Stadium,109,Arizona Diamondbacks,AZ,6.0,True,140,Texas Rangers,TEX,4.0,False,False
831825,2026-02-24,2026-02-24T20:10:00+00:00,2026-02-24 08:10 PM UTC,2026,Final,Final,Final,N,day,1.0,Spring Training,Salt River Fields at Talking Stick,108,Los Angeles Angels,LAA,5.0,False,115,Colorado Rockies,COL,7.0,True,True
831906,2026-02-24,2026-02-24T20:10:00+00:00,2026-02-24 08:10 PM UTC,2026,Final,Final,Final,N,day,1.0,Spring Training,Peoria Stadium,145,Chicago White Sox,CWS,12.0,True,136,Seattle Mariners,SEA,10.0,False,False
832060,2026-02-24,2026-02-24T20:10:00+00:00,2026-02-24 08:10 PM UTC,2026,Final,Final,Final,N,day,1.0,Spring Training,Tempe Diablo Stadium,137,San Francisco Giants,SF,4.0,True,108,Los Angeles Angels,LAA,1.0,False,False
831491,2026-02-24,2026-02-24T23:05:00+00:00,2026-02-24 11:05 PM UTC,2026,Final,Final,Final,N,night,1.0,Spring Training,CACTI Park of the Palm Beaches,138,St. Louis Cardinals,STL,1.0,False,120,Washington Nationals,WSH,6.0,True,True
831490,2026-02-25,2026-02-25T18:05:00+00:00,2026-02-25 06:05 PM UTC,2026,Final,Final,Final,N,day,1.0,Spring Training,CoolToday Park,134,Pittsburgh Pirates,PIT,1.0,False,144,Atlanta Braves,ATL,3.0,True,True
831591,2026-02-25,2026-02-25T18:05:00+00:00,2026-02-25 06:05 PM UTC,2026,Final,Final,Final,N,day,1.0,Spring Training,BayCare Ballpark,116,Detroit Tigers,DET,3.0,False,143,Philadelphia Phillies,PHI,5.0,True,True
831645,2026-02-25,2026-02-25T18:05:00+00:00,2026-02-25 06:05 PM UTC,2026,Final,Final,Final,N,day,1.0,Spring Training,Lee Health Sports Complex,111,Boston Red Sox,BOS,5.0,True,142,Minnesota Twins,MIN,3.0,False,False
831647,2026-02-25,2026-02-25T18:05:00+00:00,2026-02-25 06:05 PM UTC,2026,Final,Final,Final,N,day,1.0,Spring Training,Publix Field at Joker Marchant Stadium,141,Toronto Blue Jays,TOR,4.0,,116,Detroit Tigers,DET,4.0,,
831653,2026-02-25,2026-02-25T18:05:00+00:00,2026-02-25 06:05 PM UTC,2026,Final,Final,Final,N,day,1.0,Spring Training,Ed Smith Stadium,139,Tampa Bay Rays,TB,3.0,False,110,Baltimore Orioles,BAL,4.0,True,True
831488,2026-02-25,2026-02-25T18:10:00+00:00,2026-02-25 06:10 PM UTC,2026,Final,Final,Final,N,day,1.0,Spring Training,Clover Park,138,St. Louis Cardinals,STL,6.0,True,121,New York Mets,NYM,0.0,False,False
831584,2026-02-25,2026-02-25T18:10:00+00:00,2026-02-25 06:10 PM UTC,2026,Final,Final,Final,N,day,1.0,Spring Training,Roger Dean Chevrolet Stadium,117,Houston Astros,HOU,4.0,True,146,Miami Marlins,MIA,1.0,False,False
831730,2026-02-25,2026-02-25T20:05:00+00:00,2026-02-25 08:05 PM UTC,2026,Final,Final,Final,N,day,1.0,Spring Training,Goodyear Ballpark,140,Texas Rangers,TEX,11.0,True,114,Cleveland Guardians,CLE,4.0,False,False
831741,2026-02-25,2026-02-25T20:05:00+00:00,2026-02-25 08:05 PM UTC,2026,Final,Final,Final,N,day,1.0,Spring Training,Surprise Stadium,136,Seattle Mariners,SEA,8.0,,118,Kansas City Royals,KC,8.0,,
831870,2026-02-25,2026-02-25T20:05:00+00:00,2026-02-25 08:05 PM UTC,2026,Final,Final,Final,N,day,1.0,Spring Training,Sloan Park,115,Colorado Rockies,COL,14.0,True,112,Chicago Cubs,CHC,7.0,False,False
831901,2026-02-25,2026-02-25T20:05:00+00:00,2026-02-25 08:05 PM UTC,2026,Final,Final,Final,N,day,1.0,Spring Training,Camelback Ranch,113,Cincinnati Reds,CIN,3.0,True,145,Chicago White Sox,CWS,2.0,False,False
831753,2026-02-25,2026-02-25T20:10:00+00:00,2026-02-25 08:10 PM UTC,2026,Final,Final,Final,N,day,1.0,Spring Training,American Family Fields of Phoenix,137,San Francisco Giants,SF,12.0,False,158,Milwaukee Brewers,MIL,13.0,True,True
831815,2026-02-25,2026-02-25T20:10:00+00:00,2026-02-25 08:10 PM UTC,2026,Final,Final,Final,N,day,1.0,Spring Training,Salt River Fields at Talking Stick,119,Los Angeles Dodgers,LAD,10.0,True,109,Arizona Diamondbacks,AZ,7.0,False,False
831819,2026-02-25,2026-02-25T20:10:00+00:00,2026-02-25 08:10 PM UTC,2026,Final,Final,Final,N,day,1.0,Spring Training,Peoria Stadium,108,Los Angeles Angels,LAA,3.0,False,135,San Diego Padres,SD,7.0,True,True
831538,2026-02-25,2026-02-25T23:35:00+00:00,2026-02-25 11:35 PM UTC,2026,Final,Final,Final,N,night,1.0,Spring Training,George M. Steinbrenner Field,120,Washington Nationals,WSH,0.0,False,147,New York Yankees,NYY,7.0,True,True
831487,2026-02-26,2026-02-26T18:05:00+00:00,2026-02-26 06:05 PM UTC,2026,Final,Final,Final,N,day,1.0,Spring Training,BayCare Ballpark,120,Washington Nationals,WSH,3.0,False,143,Philadelphia Phillies,PHI,7.0,True,True
831535,2026-02-26,2026-02-26T18:05:00+00:00,2026-02-26 06:05 PM UTC,2026,Final,Final,Final,N,day,1.0,Spring Training,CACTI Park of the Palm Beaches,121,New York Mets,NYM,5.0,True,117,Houston Astros,HOU,0.0,False,False
831536,2026-02-26,2026-02-26T18:05:00+00:00,2026-02-26 06:05 PM UTC,2026,Final,Final,Final,N,day,1.0,Spring Training,George M. Steinbrenner Field,144,Atlanta Braves,ATL,3.0,False,147,New York Yankees,NYY,7.0,True,True
831589,2026-02-26,2026-02-26T18:05:00+00:00,2026-02-26 06:05 PM UTC,2026,Final,Final,Final,N,day,1.0,Spring Training,Roger Dean Chevrolet Stadium,117,Houston Astros,HOU,4.0,False,138,St. Louis Cardinals,STL,9.0,True,True
831590,2026-02-26,2026-02-26T18:05:00+00:00,2026-02-26 06:05 PM UTC,2026,Final,Final,Final,N,day,1.0,Spring Training,LECOM Park,142,Minnesota Twins,MIN,4.0,False,134,Pittsburgh Pirates,PIT,6.0,True,True
831643,2026-02-26,2026-02-26T18:05:00+00:00,2026-02-26 06:05 PM UTC,2026,Final,Final,Final,N,day,1.0,Spring Training,JetBlue Park,139,Tampa Bay Rays,TB,5.0,False,111,Boston Red Sox,BOS,7.0,True,True
831644,2026-02-26,2026-02-26T18:05:00+00:00,2026-02-26 06:05 PM UTC,2026,Final,Final,Final,N,day,1.0,Spring Training,Ed Smith Stadium,116,Detroit Tigers,DET,5.0,False,110,Baltimore Orioles,BAL,6.0,True,True
831541,2026-02-26,2026-02-26T18:07:00+00:00,2026-02-26 06:07 PM UTC,2026,Final,Final,Final,N,day,1.0,Spring Training,TD Ballpark,146,Miami Marlins,MIA,8.0,True,141,Toronto Blue Jays,TOR,7.0,False,False
831736,2026-02-26,2026-02-26T20:05:00+00:00,2026-02-26 08:05 PM UTC,2026,Final,Final,Final,N,day,1.0,Spring Training,Hohokam Stadium,140,Texas Rangers,TEX,3.0,False,133,Athletics,ATH,7.0,True,True
831773,2026-02-26,2026-02-26T20:05:00+00:00,2026-02-26 08:05 PM UTC,2026,Final,Final,Final,N,day,1.0,Spring Training,Goodyear Ballpark,135,San Diego Padres,SD,10.0,False,113,Cincinnati Reds,CIN,11.0,True,True
831788,2026-02-26,2026-02-26T20:05:00+00:00,2026-02-26 08:05 PM UTC,2026,Final,Final,Final,N,day,1.0,Spring Training,Surprise Stadium,158,Milwaukee Brewers,MIL,5.0,True,140,Texas Rangers,TEX,1.0,False,False
831862,2026-02-26,2026-02-26T20:05:00+00:00,2026-02-26 08:05 PM UTC,2026,Final,Final,Final,N,day,1.0,Spring Training,Scottsdale Stadium,115,Colorado Rockies,COL,11.0,True,137,San Francisco Giants,SF,3.0,False,False
831911,2026-02-26,2026-02-26T20:05:00+00:00,2026-02-26 08:05 PM UTC,2026,Final,Final,Final,N,day,1.0,Spring Training,Camelback Ranch,145,Chicago White Sox,CWS,6.0,False,119,Los Angeles Dodgers,LAD,7.0,True,True
831843,2026-02-26,2026-02-26T20:10:00+00:00,2026-02-26 08:10 PM UTC,2026,Final,Final,Final,N,day,1.0,Spring Training,Salt River Fields at Talking Stick,118,Kansas City Royals,KC,10.0,False,109,Arizona Diamondbacks,AZ,13.0,True,True
831875,2026-02-26,2026-02-26T20:10:00+00:00,2026-02-26 08:10 PM UTC,2026,Final,Final,Final,N,day,1.0,Spring Training,Peoria Stadium,114,Cleveland Guardians,CLE,7.0,False,136,Seattle Mariners,SEA,8.0,True,True
831926,2026-02-26,2026-02-26T20:10:00+00:00,2026-02-26 08:10 PM UTC,2026,Final,Final,Final,N,day,1.0,Spring Training,Tempe Diablo Stadium,112,Chicago Cubs,CHC,4.0,False,108,Los Angeles Angels,LAA,5.0,True,True
831482,2026-02-27,2026-02-27T18:05:00+00:00,2026-02-27 06:05 PM UTC,2026,Final,Final,Final,N,day,1.0,Spring Training,Roger Dean Chevrolet Stadium,121,New York Mets,NYM,14.0,True,138,St. Louis Cardinals,STL,3.0,False,False
831486,2026-02-27,2026-02-27T18:05:00+00:00,2026-02-27 06:05 PM UTC,2026,Final,Final,Final,N,day,1.0,Spring Training,BayCare Ballpark,146,Miami Marlins,MIA,2.0,False,143,Philadelphia Phillies,PHI,10.0,True,True
831528,2026-02-27,2026-02-27T18:05:00+00:00,2026-02-27 06:05 PM UTC,2026,Final,Final,Final,N,day,1.0,Spring Training,Publix Field at Joker Marchant Stadium,143,Philadelphia Phillies,PHI,8.0,False,116,Detroit Tigers,DET,16.0,True,True
831587,2026-02-27,2026-02-27T18:05:00+00:00,2026-02-27 06:05 PM UTC,2026,Final,Final,Final,N,day,1.0,Spring Training,LECOM Park,110,Baltimore Orioles,BAL,1.0,False,134,Pittsburgh Pirates,PIT,6.0,True,True
831588,2026-02-27,2026-02-27T18:05:00+00:00,2026-02-27 06:05 PM UTC,2026,Final,Final,Final,N,day,1.0,Spring Training,CoolToday Park,111,Boston Red Sox,BOS,8.0,False,144,Atlanta Braves,ATL,15.0,True,True
831646,2026-02-27,2026-02-27T18:05:00+00:00,2026-02-27 06:05 PM UTC,2026,Final,Final,Final,N,day,1.0,Spring Training,Charlotte Sports Park,141,Toronto Blue Jays,TOR,5.0,False,139,Tampa Bay Rays,TB,6.0,True,True
831648,2026-02-27,2026-02-27T18:05:00+00:00,2026-02-27 06:05 PM UTC,2026,Final,Final,Final,N,day,1.0,Spring Training,Lee Health Sports Complex,147,New York Yankees,NYY,17.0,True,142,Minnesota Twins,MIN,5.0,False,False
831729,2026-02-27,2026-02-27T20:05:00+00:00,2026-02-27 08:05 PM UTC,2026,Final,Final,Final,N,day,1.0,Spring Training,Camelback Ranch,140,Texas Rangers,TEX,1.0,False,145,Chicago White Sox,CWS,3.0,True,True
831805,2026-02-27,2026-02-27T20:05:00+00:00,2026-02-27 08:05 PM UTC,2026,Final,Final,Final,N,day,1.0,Spring Training,Scottsdale Stadium,119,Los Angeles Dodgers,LAD,4.0,False,137,San Francisco Giants,SF,12.0,True,True
831823,2026-02-27,2026-02-27T20:05:00+00:00,2026-02-27 08:05 PM UTC,2026,Final,Final,Final,N,day,1.0,Spring Training,Goodyear Ballpark,108,Los Angeles Angels,LAA,4.0,True,113,Cincinnati Reds,CIN,3.0,False,False
831884,2026-02-27,2026-02-27T20:05:00+00:00,2026-02-27 08:05 PM UTC,2026,Final,Final,Final,N,day,1.0,Spring Training,Sloan Park,114,Cleveland Guardians,CLE,6.0,False,112,Chicago Cubs,CHC,8.0,True,True
831946,2026-02-27,2026-02-27T20:05:00+00:00,2026-02-27 08:05 PM UTC,2026,Final,Final,Final,N,day,1.0,Spring Training,Surprise Stadium,133,Athletics,ATH,6.0,False,118,Kansas City Royals,KC,7.0,True,True
831776,2026-02-27,2026-02-27T20:10:00+00:00,2026-02-27 08:10 PM UTC,2026,Final,Final,Final,N,day,1.0,Spring Training,Salt River Fields at Talking Stick,135,San Diego Padres,SD,2.0,False,115,Colorado Rockies,COL,3.0,True,True
831909,2026-02-27,2026-02-27T20:10:00+00:00,2026-02-27 08:10 PM UTC,2026,Final,Final,Final,N,day,1.0,Spring Training,American Family Fields of Phoenix,145,Chicago White Sox,CWS,2.0,False,158,Milwaukee Brewers,MIL,5.0,True,True
831586,2026-02-27,2026-02-27T23:05:00+00:00,2026-02-27 11:05 PM UTC,2026,Final,Final,Final,N,night,1.0,Spring Training,CACTI Park of the Palm Beaches,117,Houston Astros,HOU,4.0,,120,Washington Nationals,WSH,4.0,,
831952,2026-02-27,2026-02-28T01:10:00+00:00,2026-02-28 01:10 AM UTC,2026,Final,Final,Final,N,night,1.0,Spring Training,Peoria Stadium,109,Arizona Diamondbacks,AZ,3.0,True,136,Seattle Mariners,SEA,1.0,False,False
831526,2026-02-28,2026-02-28T18:05:00+00:00,2026-02-28 06:05 PM UTC,2026,Final,Completed Early,Final,N,day,1.0,Spring Training,CACTI Park of the Palm Beaches,134,Pittsburgh Pirates,PIT,5.0,True,117,Houston Astros,HOU,2.0,False,False
831530,2026-02-28,2026-02-28T18:05:00+00:00,2026-02-28 06:05 PM UTC,2026,Final,Final,Final,N,day,1.0,Spring Training,Ed Smith Stadium,144,Atlanta Braves,ATL,7.0,True,110,Baltimore Orioles,BAL,5.0,False,False
831635,2026-02-28,2026-02-28T18:05:00+00:00,2026-02-28 06:05 PM UTC,2026,Final,Final,Final,N,day,1.0,Spring Training,JetBlue Park,142,Minnesota Twins,MIN,8.0,False,111,Boston Red Sox,BOS,13.0,True,True
831636,2026-02-28,2026-02-28T18:05:00+00:00,2026-02-28 06:05 PM UTC,2026,Final,Final,Final,N,day,1.0,Spring Training,George M. Steinbrenner Field,141,Toronto Blue Jays,TOR,1.0,False,147,New York Yankees,NYY,5.0,True,True
831637,2026-02-28,2026-02-28T18:05:00+00:00,2026-02-28 06:05 PM UTC,2026,Final,Final,Final,N,day,1.0,Spring Training,Charlotte Sports Park,116,Detroit Tigers,DET,12.0,True,139,Tampa Bay Rays,TB,3.0,False,False
831533,2026-02-28,2026-02-28T18:07:00+00:00,2026-02-28 06:07 PM UTC,2026,Final,Final,Final,N,day,1.0,Spring Training,TD Ballpark,143,Philadelphia Phillies,PHI,5.0,False,141,Toronto Blue Jays,TOR,7.0,True,True
831474,2026-02-28,2026-02-28T18:10:00+00:00,2026-02-28 06:10 PM UTC,2026,Final,Final,Final,N,day,1.0,Spring Training,Roger Dean Chevrolet Stadium,138,St. Louis Cardinals,STL,10.0,True,146,Miami Marlins,MIA,2.0,False,False
831481,2026-02-28,2026-02-28T18:10:00+00:00,2026-02-28 06:10 PM UTC,2026,Final,Final,Final,N,day,1.0,Spring Training,Clover Park,120,Washington Nationals,WSH,3.0,True,121,New York Mets,NYM,2.0,False,False
831763,2026-02-28,2026-02-28T20:05:00+00:00,2026-02-28 08:05 PM UTC,2026,Final,Final,Final,N,day,1.0,Spring Training,Hohokam Stadium,137,San Francisco Giants,SF,8.0,True,133,Athletics,ATH,2.0,False,False
831798,2026-02-28,2026-02-28T20:05:00+00:00,2026-02-28 08:05 PM UTC,2026,Final,Final,Final,N,day,1.0,Spring Training,Surprise Stadium,119,Los Angeles Dodgers,LAD,6.0,False,140,Texas Rangers,TEX,7.0,True,True
831917,2026-02-28,2026-02-28T20:05:00+00:00,2026-02-28 08:05 PM UTC,2026,Final,Final,Final,N,day,1.0,Spring Training,Goodyear Ballpark,145,Chicago White Sox,CWS,7.0,True,114,Cleveland Guardians,CLE,5.0,False,False
831925,2026-02-28,2026-02-28T20:05:00+00:00,2026-02-28 08:05 PM UTC,2026,Final,Final,Final,N,day,1.0,Spring Training,Camelback Ranch,112,Chicago Cubs,CHC,6.0,True,119,Los Angeles Dodgers,LAD,2.0,False,False
831738,2026-02-28,2026-02-28T20:10:00+00:00,2026-02-28 08:10 PM UTC,2026,Final,Final,Final,N,day,1.0,Spring Training,Peoria Stadium,136,Seattle Mariners,SEA,1.0,False,135,San Diego Padres,SD,7.0,True,True
831845,2026-02-28,2026-02-28T20:10:00+00:00,2026-02-28 08:10 PM UTC,2026,Final,Final,Final,N,day,1.0,Spring Training,Salt River Fields at Talking Stick,118,Kansas City Royals,KC,16.0,True,115,Colorado Rockies,COL,3.0,False,False
831893,2026-02-28,2026-02-28T20:10:00+00:00,2026-02-28 08:10 PM UTC,2026,Final,Final,Final,N,day,1.0,Spring Training,American Family Fields of Phoenix,113,Cincinnati Reds,CIN,9.0,True,158,Milwaukee Brewers,MIL,7.0,False,False
831957,2026-02-28,2026-02-28T20:10:00+00:00,2026-02-28 08:10 PM UTC,2026,Final,Final,Final,N,day,1.0,Spring Training,Tempe Diablo Stadium,109,Arizona Diamondbacks,AZ,8.0,True,108,Los Angeles Angels,LAA,5.0,False,False
831475,2026-03-01,2026-03-01T18:05:00+00:00,2026-03-01 06:05 PM UTC,2026,Final,Final,Final,N,day,1.0,Spring Training,CACTI Park of the Palm Beaches,146,Miami Marlins,MIA,3.0,True,120,Washington Nationals,WSH,0.0,False,False
831477,2026-03-01,2026-03-01T18:05:00+00:00,2026-03-01 06:05 PM UTC,2026,Final,Final,Final,N,day,1.0,Spring Training,Roger Dean Chevrolet Stadium,134,Pittsburgh Pirates,PIT,6.0,True,138,St. Louis Cardinals,STL,1.0,False,False
831531,2026-03-01,2026-03-01T18:05:00+00:00,2026-03-01 06:05 PM UTC,2026,Final,Final,Final,N,day,1.0,Spring Training,Lee Health Sports Complex,144,Atlanta Braves,ATL,2.0,,142,Minnesota Twins,MIN,2.0,,
831578,2026-03-01,2026-03-01T18:05:00+00:00,2026-03-01 06:05 PM UTC,2026,Final,Final,Final,N,day,1.0,Spring Training,BayCare Ballpark,147,New York Yankees,NYY,5.0,True,143,Philadelphia Phillies,PHI,3.0,False,False
831585,2026-03-01,2026-03-01T18:05:00+00:00,2026-03-01 06:05 PM UTC,2026,Final,Final,Final,N,day,1.0,Spring Training,CoolToday Park,139,Tampa Bay Rays,TB,3.0,False,144,Atlanta Braves,ATL,5.0,True,True
831638,2026-03-01,2026-03-01T18:05:00+00:00,2026-03-01 06:05 PM UTC,2026,Final,Final,Final,N,day,1.0,Spring Training,JetBlue Park,110,Baltimore Orioles,BAL,8.0,True,111,Boston Red Sox,BOS,7.0,False,False
831639,2026-03-01,2026-03-01T18:05:00+00:00,2026-03-01 06:05 PM UTC,2026,Final,Final,Final,N,day,1.0,Spring Training,Publix Field at Joker Marchant Stadium,141,Toronto Blue Jays,TOR,4.0,,116,Detroit Tigers,DET,4.0,,
831579,2026-03-01,2026-03-01T18:10:00+00:00,2026-03-01 06:10 PM UTC,2026,Final,Final,Final,N,day,1.0,Spring Training,Clover Park,117,Houston Astros,HOU,3.0,False,121,New York Mets,NYM,4.0,True,True
831768,2026-03-01,2026-03-01T20:05:00+00:00,2026-03-01 08:05 PM UTC,2026,Final,Final,Final,N,day,1.0,Spring Training,Scottsdale Stadium,135,San Diego Padres,SD,1.0,False,137,San Francisco Giants,SF,9.0,True,True
831794,2026-03-01,2026-03-01T20:05:00+00:00,2026-03-01 08:05 PM UTC,2026,Final,Final,Final,N,day,1.0,Spring Training,Surprise Stadium,158,Milwaukee Brewers,MIL,1.0,False,118,Kansas City Royals,KC,3.0,True,True
831827,2026-03-01,2026-03-01T20:05:00+00:00,2026-03-01 08:05 PM UTC,2026,Final,Final,Final,N,day,1.0,Spring Training,Camelback Ranch,108,Los Angeles Angels,LAA,3.0,False,119,Los Angeles Dodgers,LAD,4.0,True,True
831867,2026-03-01,2026-03-01T20:05:00+00:00,2026-03-01 08:05 PM UTC,2026,Final,Final,Final,N,day,1.0,Spring Training,Goodyear Ballpark,115,Colorado Rockies,COL,3.0,False,114,Cleveland Guardians,CLE,8.0,True,True
831899,2026-03-01,2026-03-01T20:05:00+00:00,2026-03-01 08:05 PM UTC,2026,Final,Final,Final,N,day,1.0,Spring Training,Hohokam Stadium,113,Cincinnati Reds,CIN,4.0,False,133,Athletics,ATH,12.0,True,True
831914,2026-03-01,2026-03-01T20:05:00+00:00,2026-03-01 08:05 PM UTC,2026,Final,Final,Final,N,day,1.0,Spring Training,Sloan Park,145,Chicago White Sox,CWS,5.0,True,112,Chicago Cubs,CHC,1.0,False,False
831721,2026-03-01,2026-03-01T20:10:00+00:00,2026-03-01 08:10 PM UTC,2026,Final,Final,Final,N,day,1.0,Spring Training,Peoria Stadium,140,Texas Rangers,TEX,9.0,True,136,Seattle Mariners,SEA,4.0,False,False
831888,2026-03-01,2026-03-01T20:10:00+00:00,2026-03-01 08:10 PM UTC,2026,Final,Final,Final,N,day,1.0,Spring Training,Salt River Fields at Talking Stick,114,Cleveland Guardians,CLE,6.0,False,109,Arizona Diamondbacks,AZ,9.0,True,True
831476,2026-03-02,2026-03-02T18:05:00+00:00,2026-03-02 06:05 PM UTC,2026,Final,Final,Final,N,day,1.0,Spring Training,Roger Dean Chevrolet Stadium,146,Miami Marlins,MIA,2.0,False,138,St. Louis Cardinals,STL,3.0,True,True
831527,2026-03-02,2026-03-02T18:05:00+00:00,2026-03-02 06:05 PM UTC,2026,Final,Final,Final,N,day,1.0,Spring Training,Publix Field at Joker Marchant Stadium,144,Atlanta Braves,ATL,5.0,True,116,Detroit Tigers,DET,2.0,False,False
831529,2026-03-02,2026-03-02T18:05:00+00:00,2026-03-02 06:05 PM UTC,2026,Final,Final,Final,N,day,1.0,Spring Training,CACTI Park of the Palm Beaches,120,Washington Nationals,WSH,3.0,,117,Houston Astros,HOU,3.0,,
831577,2026-03-02,2026-03-02T18:05:00+00:00,2026-03-02 06:05 PM UTC,2026,Final,Final,Final,N,day,1.0,Spring Training,LECOM Park,139,Tampa Bay Rays,TB,1.0,False,134,Pittsburgh Pirates,PIT,4.0,True,True
831640,2026-03-02,2026-03-02T18:07:00+00:00,2026-03-02 06:07 PM UTC,2026,Final,Final,Final,N,day,1.0,Spring Training,TD Ballpark,111,Boston Red Sox,BOS,7.0,True,141,Toronto Blue Jays,TOR,6.0,False,False
831760,2026-03-02,2026-03-02T20:05:00+00:00,2026-03-02 08:05 PM UTC,2026,Final,Final,Final,N,day,1.0,Spring Training,Camelback Ranch,137,San Francisco Giants,SF,6.0,True,145,Chicago White Sox,CWS,5.0,False,False
831874,2026-03-02,2026-03-02T20:05:00+00:00,2026-03-02 08:05 PM UTC,2026,Final,Final,Final,N,day,1.0,Spring Training,Surprise Stadium,114,Cleveland Guardians,CLE,1.0,False,140,Texas Rangers,TEX,3.0,True,True
831930,2026-03-02,2026-03-02T20:05:00+00:00,2026-03-02 08:05 PM UTC,2026,Final,Final,Final,N,day,1.0,Spring Training,Goodyear Ballpark,112,Chicago Cubs,CHC,9.0,False,113,Cincinnati Reds,CIN,17.0,True,True
831808,2026-03-02,2026-03-02T20:10:00+00:00,2026-03-02 08:10 PM UTC,2026,Final,Final,Final,N,day,1.0,Spring Training,Salt River Fields at Talking Stick,119,Los Angeles Dodgers,LAD,7.0,True,115,Colorado Rockies,COL,5.0,False,False
831840,2026-03-02,2026-03-02T20:10:00+00:00,2026-03-02 08:10 PM UTC,2026,Final,Final,Final,N,day,1.0,Spring Training,Tempe Diablo Stadium,118,Kansas City Royals,KC,4.0,False,108,Los Angeles Angels,LAA,5.0,True,True
831934,2026-03-02,2026-03-02T20:10:00+00:00,2026-03-02 08:10 PM UTC,2026,Final,Final,Final,N,day,1.0,Spring Training,Peoria Stadium,133,Athletics,ATH,7.0,True,135,San Diego Padres,SD,2.0,False,False
831430,2026-03-03,2026-03-03T18:05:00+00:00,2026-03-03 06:05 PM UTC,2026,Final,Final,Final,N,day,1.0,Exhibition Game,LECOM Park,792,Colombia,COL,1.0,False,134,Pittsburgh Pirates,PIT,7.0,True,True
831444,2026-03-03,2026-03-03T18:05:00+00:00,2026-03-03 06:05 PM UTC,2026,Final,Completed Early,Final,N,day,1.0,Exhibition Game,George M. Steinbrenner Field,890,Panama,PAN,1.0,False,147,New York Yankees,NYY,11.0,True,True
831445,2026-03-03,2026-03-03T18:05:00+00:00,2026-03-03 06:05 PM UTC,2026,Final,Final,Final,N,day,1.0,Exhibition Game,Ed Smith Stadium,878,Kingdom of the Netherlands,NED,8.0,True,110,Baltimore Orioles,BAL,5.0,False,False
831532,2026-03-03,2026-03-03T18:05:00+00:00,2026-03-03 06:05 PM UTC,2026,Final,Final,Final,N,day,1.0,Spring Training,Charlotte Sports Park,143,Philadelphia Phillies,PHI,1.0,False,139,Tampa Bay Rays,TB,3.0,True,True
831641,2026-03-03,2026-03-03T18:05:00+00:00,2026-03-03 06:05 PM UTC,2026,Final,Final,Final,N,day,1.0,Spring Training,Lee Health Sports Complex,139,Tampa Bay Rays,TB,5.0,True,142,Minnesota Twins,MIN,3.0,False,False
831437,2026-03-03,2026-03-03T18:07:00+00:00,2026-03-03 06:07 PM UTC,2026,Final,Final,Final,N,day,1.0,Exhibition Game,TD Ballpark,784,Canada,CAN,7.0,False,141,Toronto Blue Jays,TOR,10.0,True,True
831434,2026-03-03,2026-03-03T18:10:00+00:00,2026-03-03 06:10 PM UTC,2026,Final,Final,Final,N,day,1.0,Exhibition Game,Clover Park,881,Nicaragua,NCA,3.0,False,121,New York Mets,NYM,6.0,True,True
831436,2026-03-03,2026-03-03T18:10:00+00:00,2026-03-03 06:10 PM UTC,2026,Final,Final,Final,N,day,1.0,Exhibition Game,Roger Dean Chevrolet Stadium,840,Israel,ISR,1.0,True,146,Miami Marlins,MIA,0.0,False,False
831772,2026-03-03,2026-03-03T20:05:00+00:00,2026-03-03 08:05 PM UTC,2026,Final,Final,Final,N,day,1.0,Spring Training,Camelback Ranch,135,San Diego Padres,SD,4.0,True,145,Chicago White Sox,CWS,3.0,False,False
831811,2026-03-03,2026-03-03T20:05:00+00:00,2026-03-03 08:05 PM UTC,2026,Final,Final,Final,N,day,1.0,Spring Training,Goodyear Ballpark,119,Los Angeles Dodgers,LAD,5.0,True,114,Cleveland Guardians,CLE,4.0,False,False
831851,2026-03-03,2026-03-03T20:05:00+00:00,2026-03-03 08:05 PM UTC,2026,Final,Final,Final,N,day,1.0,Exhibition Game,Surprise Stadium,798,Cuba,CUB,0.0,False,118,Kansas City Royals,KC,4.0,True,True
831853,2026-03-03,2026-03-03T20:05:00+00:00,2026-03-03 08:05 PM UTC,2026,Final,Final,Final,N,day,1.0,Exhibition Game,Sloan Park,841,Italy,ITA,9.0,True,112,Chicago Cubs,CHC,4.0,False,False
831940,2026-03-03,2026-03-03T20:05:00+00:00,2026-03-03 08:05 PM UTC,2026,Final,Completed Early,Final,N,day,1.0,Exhibition Game,Hohokam Stadium,776,Brazil,BRA,4.0,False,133,Athletics,ATH,14.0,True,True
831720,2026-03-03,2026-03-03T20:08:00+00:00,2026-03-03 08:08 PM UTC,2026,Final,Final,Final,N,day,,Exhibition Game,Scottsdale Stadium,940,United States,USA,15.0,True,137,San Francisco Giants,SF,1.0,False,False
831800,2026-03-03,2026-03-03T20:10:00+00:00,2026-03-03 08:10 PM UTC,2026,Final,Final,Final,N,day,1.0,Exhibition Game,Salt River Fields at Talking Stick,867,Mexico,MEX,6.0,True,109,Arizona Diamondbacks,AZ,3.0,False,False
831817,2026-03-03,2026-03-03T20:10:00+00:00,2026-03-03 08:10 PM UTC,2026,Final,Final,Final,N,day,1.0,Spring Training,Peoria Stadium,108,Los Angeles Angels,LAA,7.0,True,136,Seattle Mariners,SEA,6.0,False,False
831855,2026-03-03,2026-03-03T20:10:00+00:00,2026-03-03 08:10 PM UTC,2026,Final,Final,Final,N,day,1.0,Exhibition Game,American Family Fields of Phoenix,821,Great Britain,GBR,7.0,True,158,Milwaukee Brewers,MIL,3.0,False,False
831439,2026-03-03,2026-03-03T23:05:00+00:00,2026-03-03 11:05 PM UTC,2026,Final,Final,Final,N,night,1.0,Exhibition Game,JetBlue Park,897,Puerto Rico,PUR,5.0,True,111,Boston Red Sox,BOS,3.0,False,False
831440,2026-03-03,2026-03-03T23:05:00+00:00,2026-03-03 11:05 PM UTC,2026,Final,Final,Final,N,night,1.0,Exhibition Game,CACTI Park of the Palm Beaches,944,Venezuela,VEN,1.0,False,117,Houston Astros,HOU,3.0,True,True
836149,2026-03-03,2026-03-03T23:05:00+00:00,2026-03-03 11:05 PM UTC,2026,Final,Final,Final,N,night,,World Baseball Classic Exhibition,Estadio Quisqueya Juan Marichal,116,Detroit Tigers,DET,4.0,False,805,Dominican Republic,DOM,12.0,True,True
831427,2026-03-04,2026-03-04T18:05:00+00:00,2026-03-04 06:05 PM UTC,2026,Final,Final,Final,N,day,1.0,Exhibition Game,BayCare Ballpark,784,Canada,CAN,5.0,True,143,Philadelphia Phillies,PHI,3.0,False,False
831429,2026-03-04,2026-03-04T18:05:00+00:00,2026-03-04 06:05 PM UTC,2026,Final,Final,Final,N,day,,Exhibition Game,Roger Dean Chevrolet Stadium,881,Nicaragua,NCA,2.0,True,138,St. Louis Cardinals,STL,1.0,False,False
831432,2026-03-04,2026-03-04T18:05:00+00:00,2026-03-04 06:05 PM UTC,2026,Final,Completed Early,Final,N,day,1.0,Exhibition Game,Charlotte Sports Park,878,Kingdom of the Netherlands,NED,11.0,True,139,Tampa Bay Rays,TB,8.0,False,False
831433,2026-03-04,2026-03-04T18:05:00+00:00,2026-03-04 06:05 PM UTC,2026,Final,Final,Final,N,day,1.0,Exhibition Game,Publix Field at Joker Marchant Stadium,890,Panama,PAN,1.0,False,116,Detroit Tigers,DET,2.0,True,True
831435,2026-03-04,2026-03-04T18:05:00+00:00,2026-03-04 06:05 PM UTC,2026,Final,Final,Final,N,day,,Exhibition Game,Lee Health Sports Complex,897,Puerto Rico,PUR,3.0,False,142,Minnesota Twins,MIN,6.0,True,True
831438,2026-03-04,2026-03-04T18:05:00+00:00,2026-03-04 06:05 PM UTC,2026,Final,Final,Final,N,day,1.0,Exhibition Game,CoolToday Park,792,Colombia,COL,1.0,False,144,Atlanta Braves,ATL,9.0,True,True
831634,2026-03-04,2026-03-04T18:05:00+00:00,2026-03-04 06:05 PM UTC,2026,Final,Final,Final,N,day,1.0,Spring Training,JetBlue Park,147,New York Yankees,NYY,4.0,True,111,Boston Red Sox,BOS,0.0,False,False
831642,2026-03-04,2026-03-04T18:05:00+00:00,2026-03-04 06:05 PM UTC,2026,Final,Final,Final,N,day,1.0,Spring Training,Ed Smith Stadium,117,Houston Astros,HOU,4.0,True,110,Baltimore Orioles,BAL,2.0,False,False
831431,2026-03-04,2026-03-04T18:10:00+00:00,2026-03-04 06:10 PM UTC,2026,Final,Final,Final,N,day,1.0,Exhibition Game,Clover Park,840,Israel,ISR,2.0,False,121,New York Mets,NYM,5.0,True,True
836150,2026-03-04,2026-03-04T19:05:00+00:00,2026-03-04 07:05 PM UTC,2026,Final,Final,Final,N,day,,World Baseball Classic Exhibition,Estadio Quisqueya Juan Marichal,116,Detroit Tigers,DET,4.0,,805,Dominican Republic,DOM,4.0,,
831799,2026-03-04,2026-03-04T20:05:00+00:00,2026-03-04 08:05 PM UTC,2026,Final,Final,Final,N,day,1.0,Exhibition Game,Camelback Ranch,867,Mexico,MEX,5.0,False,119,Los Angeles Dodgers,LAD,7.0,True,True
831852,2026-03-04,2026-03-04T20:05:00+00:00,2026-03-04 08:05 PM UTC,2026,Final,Completed Early,Final,N,day,,World Baseball Classic Exhibition,Goodyear Ballpark,113,Cincinnati Reds,CIN,19.0,True,798,Cuba,CUB,2.0,False,False
831938,2026-03-04,2026-03-04T20:05:00+00:00,2026-03-04 08:05 PM UTC,2026,Final,Completed Early,Final,N,day,1.0,Exhibition Game,Surprise Stadium,776,Brazil,BRA,2.0,False,140,Texas Rangers,TEX,13.0,True,True
831963,2026-03-04,2026-03-04T20:05:00+00:00,2026-03-04 08:05 PM UTC,2026,Final,Final,Final,N,day,1.0,Spring Training,Hohokam Stadium,109,Arizona Diamondbacks,AZ,3.0,True,133,Athletics,ATH,1.0,False,False
831723,2026-03-04,2026-03-04T20:10:00+00:00,2026-03-04 08:10 PM UTC,2026,Final,Completed Early,Final,N,day,1.0,Exhibition Game,Salt River Fields at Talking Stick,940,United States,USA,14.0,True,115,Colorado Rockies,COL,4.0,False,False
831844,2026-03-04,2026-03-04T20:10:00+00:00,2026-03-04 08:10 PM UTC,2026,Final,Final,Final,N,day,1.0,Exhibition Game,Tempe Diablo Stadium,841,Italy,ITA,3.0,False,108,Los Angeles Angels,LAA,4.0,True,True
831854,2026-03-04,2026-03-04T20:10:00+00:00,2026-03-04 08:10 PM UTC,2026,Final,Final,Final,N,day,1.0,Exhibition Game,Peoria Stadium,821,Great Britain,GBR,2.0,,135,San Diego Padres,SD,2.0,,
831929,2026-03-04,2026-03-04T20:10:00+00:00,2026-03-04 08:10 PM UTC,2026,Final,Final,Final,N,day,1.0,Spring Training,American Family Fields of Phoenix,112,Chicago Cubs,CHC,4.0,True,158,Milwaukee Brewers,MIL,1.0,False,False
831428,2026-03-04,2026-03-04T23:05:00+00:00,2026-03-04 11:05 PM UTC,2026,Final,Final,Final,N,night,1.0,Exhibition Game,CACTI Park of the Palm Beaches,944,Venezuela,VEN,1.0,False,120,Washington Nationals,WSH,5.0,True,True
831739,2026-03-04,2026-03-05T02:05:00+00:00,2026-03-05 02:05 AM UTC,2026,Final,Final,Final,N,night,1.0,Spring Training,Scottsdale Stadium,136,Seattle Mariners,SEA,4.0,False,137,San Francisco Giants,SF,9.0,True,True
831478,2026-03-05,2026-03-05T18:05:00+00:00,2026-03-05 06:05 PM UTC,2026,Final,Final,Final,N,day,1.0,Spring Training,LECOM Park,138,St. Louis Cardinals,STL,3.0,True,134,Pittsburgh Pirates,PIT,2.0,False,False
831479,2026-03-05,2026-03-05T18:05:00+00:00,2026-03-05 06:05 PM UTC,2026,Final,Final,Final,N,day,1.0,Spring Training,CACTI Park of the Palm Beaches,121,New York Mets,NYM,4.0,False,120,Washington Nationals,WSH,7.0,True,True
831581,2026-03-05,2026-03-05T18:05:00+00:00,2026-03-05 06:05 PM UTC,2026,Final,Final,Final,N,day,1.0,Spring Training,BayCare Ballpark,111,Boston Red Sox,BOS,2.0,False,143,Philadelphia Phillies,PHI,6.0,True,True
831583,2026-03-05,2026-03-05T18:05:00+00:00,2026-03-05 06:05 PM UTC,2026,Final,Final,Final,N,day,1.0,Spring Training,CoolToday Park,141,Toronto Blue Jays,TOR,5.0,False,144,Atlanta Braves,ATL,9.0,True,True
831632,2026-03-05,2026-03-05T18:05:00+00:00,2026-03-05 06:05 PM UTC,2026,Final,Completed Early,Final,N,day,1.0,Spring Training,George M. Steinbrenner Field,142,Minnesota Twins,MIN,15.0,True,147,New York Yankees,NYY,0.0,False,False
831633,2026-03-05,2026-03-05T18:05:00+00:00,2026-03-05 06:05 PM UTC,2026,Final,Final,Final,N,day,1.0,Spring Training,Charlotte Sports Park,110,Baltimore Orioles,BAL,4.0,True,139,Tampa Bay Rays,TB,3.0,False,False
831582,2026-03-05,2026-03-05T18:10:00+00:00,2026-03-05 06:10 PM UTC,2026,Final,Final,Final,N,day,1.0,Spring Training,Roger Dean Chevrolet Stadium,117,Houston Astros,HOU,0.0,False,146,Miami Marlins,MIA,2.0,True,True
831810,2026-03-05,2026-03-05T20:05:00+00:00,2026-03-05 08:05 PM UTC,2026,Final,Final,Final,N,day,1.0,Spring Training,Goodyear Ballpark,119,Los Angeles Dodgers,LAD,13.0,False,113,Cincinnati Reds,CIN,14.0,True,True
831961,2026-03-05,2026-03-05T20:05:00+00:00,2026-03-05 08:05 PM UTC,2026,Final,Final,Final,N,day,1.0,Spring Training,Sloan Park,109,Arizona Diamondbacks,AZ,1.0,False,112,Chicago Cubs,CHC,8.0,True,True
831765,2026-03-05,2026-03-05T20:10:00+00:00,2026-03-05 08:10 PM UTC,2026,Final,Final,Final,N,day,1.0,Spring Training,Peoria Stadium,135,San Diego Padres,SD,27.0,True,136,Seattle Mariners,SEA,6.0,False,False
831792,2026-03-05,2026-03-05T20:10:00+00:00,2026-03-05 08:10 PM UTC,2026,Final,Final,Final,N,day,1.0,Spring Training,Salt River Fields at Talking Stick,158,Milwaukee Brewers,MIL,10.0,True,115,Colorado Rockies,COL,8.0,False,False
831941,2026-03-05,2026-03-05T20:10:00+00:00,2026-03-05 08:10 PM UTC,2026,Final,Final,Final,N,day,1.0,Spring Training,Tempe Diablo Stadium,133,Athletics,ATH,16.0,True,108,Los Angeles Angels,LAA,11.0,False,False
831733,2026-03-05,2026-03-06T01:05:00+00:00,2026-03-06 01:05 AM UTC,2026,Final,Final,Final,N,night,1.0,Spring Training,Surprise Stadium,140,Texas Rangers,TEX,15.0,True,118,Kansas City Royals,KC,9.0,False,False
831880,2026-03-05,2026-03-06T01:05:00+00:00,2026-03-06 01:05 AM UTC,2026,Final,Final,Final,N,night,1.0,Spring Training,Camelback Ranch,114,Cleveland Guardians,CLE,12.0,True,145,Chicago White Sox,CWS,3.0,False,False
831470,2026-03-06,2026-03-06T18:05:00+00:00,2026-03-06 06:05 PM UTC,2026,Final,Final,Final,N,day,1.0,Spring Training,LECOM Park,143,Philadelphia Phillies,PHI,14.0,True,134,Pittsburgh Pirates,PIT,10.0,False,False
831519,2026-03-06,2026-03-06T18:05:00+00:00,2026-03-06 06:05 PM UTC,2026,Final,Final,Final,N,day,1.0,Spring Training,Ed Smith Stadium,138,St. Louis Cardinals,STL,10.0,True,110,Baltimore Orioles,BAL,2.0,False,False
831524,2026-03-06,2026-03-06T18:05:00+00:00,2026-03-06 06:05 PM UTC,2026,Final,Final,Final,N,day,1.0,Spring Training,CACTI Park of the Palm Beaches,120,Washington Nationals,WSH,1.0,False,117,Houston Astros,HOU,7.0,True,True
831631,2026-03-06,2026-03-06T18:05:00+00:00,2026-03-06 06:05 PM UTC,2026,Final,Final,Final,N,day,1.0,Spring Training,Publix Field at Joker Marchant Stadium,111,Boston Red Sox,BOS,3.0,False,116,Detroit Tigers,DET,11.0,True,True
831525,2026-03-06,2026-03-06T18:07:00+00:00,2026-03-06 06:07 PM UTC,2026,Final,Final,Final,N,day,1.0,Spring Training,TD Ballpark,134,Pittsburgh Pirates,PIT,2.0,False,141,Toronto Blue Jays,TOR,9.0,True,True
831737,2026-03-06,2026-03-06T20:05:00+00:00,2026-03-06 08:05 PM UTC,2026,Final,Final,Final,N,day,1.0,Spring Training,Surprise Stadium,136,Seattle Mariners,SEA,5.0,True,140,Texas Rangers,TEX,1.0,False,False
831826,2026-03-06,2026-03-06T20:05:00+00:00,2026-03-06 08:05 PM UTC,2026,Final,Final,Final,N,day,1.0,Spring Training,Goodyear Ballpark,108,Los Angeles Angels,LAA,3.0,False,114,Cleveland Guardians,CLE,5.0,True,True
831871,2026-03-06,2026-03-06T20:05:00+00:00,2026-03-06 08:05 PM UTC,2026,Final,Final,Final,N,day,1.0,Spring Training,Hohokam Stadium,115,Colorado Rockies,COL,11.0,True,133,Athletics,ATH,6.0,False,False
831889,2026-03-06,2026-03-06T20:05:00+00:00,2026-03-06 08:05 PM UTC,2026,Final,Final,Final,N,day,1.0,Spring Training,Scottsdale Stadium,113,Cincinnati Reds,CIN,3.0,False,137,San Francisco Giants,SF,6.0,True,True
831919,2026-03-06,2026-03-06T20:10:00+00:00,2026-03-06 08:10 PM UTC,2026,Final,Final,Final,N,day,1.0,Spring Training,Salt River Fields at Talking Stick,145,Chicago White Sox,CWS,6.0,True,109,Arizona Diamondbacks,AZ,0.0,False,False
831954,2026-03-06,2026-03-06T20:10:00+00:00,2026-03-06 08:10 PM UTC,2026,Final,Final,Final,N,day,1.0,Spring Training,American Family Fields of Phoenix,109,Arizona Diamondbacks,AZ,2.0,False,158,Milwaukee Brewers,MIL,6.0,True,True
831521,2026-03-06,2026-03-06T23:05:00+00:00,2026-03-06 11:05 PM UTC,2026,Final,Final,Final,N,night,1.0,Spring Training,Lee Health Sports Complex,144,Atlanta Braves,ATL,4.0,True,142,Minnesota Twins,MIN,1.0,False,False
831624,2026-03-06,2026-03-06T23:35:00+00:00,2026-03-06 11:35 PM UTC,2026,Final,Final,Final,N,night,1.0,Spring Training,George M. Steinbrenner Field,139,Tampa Bay Rays,TB,0.0,False,147,New York Yankees,NYY,3.0,True,True
831480,2026-03-06,2026-03-07T00:10:00+00:00,2026-03-07 12:10 AM UTC,2026,Final,Final,Final,N,night,1.0,Spring Training,Roger Dean Chevrolet Stadium,121,New York Mets,NYM,0.0,False,146,Miami Marlins,MIA,2.0,True,True
831842,2026-03-06,2026-03-07T01:05:00+00:00,2026-03-07 01:05 AM UTC,2026,Final,Final,Final,N,night,1.0,Spring Training,Camelback Ranch,118,Kansas City Royals,KC,0.0,False,119,Los Angeles Dodgers,LAD,6.0,True,True
831921,2026-03-06,2026-03-07T01:10:00+00:00,2026-03-07 01:10 AM UTC,2026,Final,Final,Final,N,night,1.0,Spring Training,Peoria Stadium,112,Chicago Cubs,CHC,0.0,False,135,San Diego Padres,SD,3.0,True,True
831523,2026-03-07,2026-03-07T17:05:00+00:00,2026-03-07 05:05 PM UTC,2026,Final,Final,Final,N,day,1.0,Spring Training,CACTI Park of the Palm Beaches,146,Miami Marlins,MIA,4.0,False,117,Houston Astros,HOU,5.0,True,True
831469,2026-03-07,2026-03-07T18:05:00+00:00,2026-03-07 06:05 PM UTC,2026,Final,Final,Final,N,day,1.0,Spring Training,Roger Dean Chevrolet Stadium,121,New York Mets,NYM,3.0,True,138,St. Louis Cardinals,STL,2.0,False,False
831518,2026-03-07,2026-03-07T18:05:00+00:00,2026-03-07 06:05 PM UTC,2026,Final,Final,Final,N,day,1.0,Spring Training,Publix Field at Joker Marchant Stadium,134,Pittsburgh Pirates,PIT,5.0,True,116,Detroit Tigers,DET,3.0,False,False
831576,2026-03-07,2026-03-07T18:05:00+00:00,2026-03-07 06:05 PM UTC,2026,Final,Final,Final,N,day,1.0,Spring Training,BayCare Ballpark,141,Toronto Blue Jays,TOR,1.0,True,143,Philadelphia Phillies,PHI,0.0,False,False
831580,2026-03-07,2026-03-07T18:05:00+00:00,2026-03-07 06:05 PM UTC,2026,Final,Final,Final,N,day,1.0,Spring Training,CoolToday Park,110,Baltimore Orioles,BAL,2.0,,144,Atlanta Braves,ATL,2.0,,
831629,2026-03-07,2026-03-07T18:05:00+00:00,2026-03-07 06:05 PM UTC,2026,Final,Completed Early,Final,N,day,1.0,Spring Training,JetBlue Park,139,Tampa Bay Rays,TB,0.0,False,111,Boston Red Sox,BOS,2.0,True,True
831630,2026-03-07,2026-03-07T18:05:00+00:00,2026-03-07 06:05 PM UTC,2026,Final,Final,Final,N,day,1.0,Spring Training,Ed Smith Stadium,142,Minnesota Twins,MIN,2.0,False,110,Baltimore Orioles,BAL,3.0,True,True
831726,2026-03-07,2026-03-07T20:05:00+00:00,2026-03-07 08:05 PM UTC,2026,Final,Final,Final,N,day,1.0,Spring Training,Scottsdale Stadium,140,Texas Rangers,TEX,5.0,False,137,San Francisco Giants,SF,7.0,True,True
831774,2026-03-07,2026-03-07T20:05:00+00:00,2026-03-07 08:05 PM UTC,2026,Final,Final,Final,N,day,1.0,Spring Training,Goodyear Ballpark,135,San Diego Padres,SD,1.0,False,114,Cleveland Guardians,CLE,7.0,True,True
831897,2026-03-07,2026-03-07T20:05:00+00:00,2026-03-07 08:05 PM UTC,2026,Final,Final,Final,N,day,1.0,Spring Training,Surprise Stadium,113,Cincinnati Reds,CIN,2.0,False,118,Kansas City Royals,KC,6.0,True,True
831949,2026-03-07,2026-03-07T20:05:00+00:00,2026-03-07 08:05 PM UTC,2026,Final,Final,Final,N,day,1.0,Spring Training,Sloan Park,133,Athletics,ATH,3.0,False,112,Chicago Cubs,CHC,4.0,True,True
831795,2026-03-07,2026-03-07T20:10:00+00:00,2026-03-07 08:10 PM UTC,2026,Final,Final,Final,N,day,1.0,Spring Training,Tempe Diablo Stadium,158,Milwaukee Brewers,MIL,7.0,True,108,Los Angeles Angels,LAA,1.0,False,False
831904,2026-03-07,2026-03-07T20:10:00+00:00,2026-03-07 08:10 PM UTC,2026,Final,Final,Final,N,day,1.0,Spring Training,Peoria Stadium,145,Chicago White Sox,CWS,5.0,True,136,Seattle Mariners,SEA,1.0,False,False
832862,2026-03-07,2026-03-07T20:10:00+00:00,2026-03-07 08:10 PM UTC,2026,Final,Final,Final,N,day,1.0,Spring Training,Salt River Fields at Talking Stick,137,San Francisco Giants,SF,7.0,True,109,Arizona Diamondbacks,AZ,4.0,False,False
831828,2026-03-07,2026-03-07T21:05:00+00:00,2026-03-07 09:05 PM UTC,2026,Final,Final,Final,N,day,1.0,Spring Training,Las Vegas Ballpark,108,Los Angeles Angels,LAA,3.0,True,133,Athletics,ATH,0.0,False,False
831568,2026-03-07,2026-03-07T23:05:00+00:00,2026-03-07 11:05 PM UTC,2026,Final,Final,Final,N,night,1.0,Spring Training,CACTI Park of the Palm Beaches,147,New York Yankees,NYY,0.0,False,120,Washington Nationals,WSH,3.0,True,True
831863,2026-03-07,2026-03-08T01:05:00+00:00,2026-03-08 01:05 AM UTC,2026,Final,Final,Final,N,night,1.0,Spring Training,Camelback Ranch,115,Colorado Rockies,COL,6.0,True,119,Los Angeles Dodgers,LAD,4.0,False,False
831520,2026-03-08,2026-03-08T17:05:00+00:00,2026-03-08 05:05 PM UTC,2026,Final,Final,Final,N,day,1.0,Spring Training,Charlotte Sports Park,144,Atlanta Braves,ATL,8.0,False,139,Tampa Bay Rays,TB,9.0,True,True
831522,2026-03-08,2026-03-08T17:05:00+00:00,2026-03-08 05:05 PM UTC,2026,Final,Final,Final,N,day,1.0,Spring Training,Lee Health Sports Complex,143,Philadelphia Phillies,PHI,6.0,False,142,Minnesota Twins,MIN,7.0,True,True
831571,2026-03-08,2026-03-08T17:05:00+00:00,2026-03-08 05:05 PM UTC,2026,Final,Final,Final,N,day,1.0,Spring Training,LECOM Park,111,Boston Red Sox,BOS,7.0,False,134,Pittsburgh Pirates,PIT,9.0,True,True
831572,2026-03-08,2026-03-08T17:05:00+00:00,2026-03-08 05:05 PM UTC,2026,Final,Final,Final,N,day,1.0,Spring Training,CACTI Park of the Palm Beaches,117,Houston Astros,HOU,1.0,False,120,Washington Nationals,WSH,3.0,True,True
831628,2026-03-08,2026-03-08T17:05:00+00:00,2026-03-08 05:05 PM UTC,2026,Final,Final,Final,N,day,1.0,Spring Training,Ed Smith Stadium,141,Toronto Blue Jays,TOR,1.0,True,110,Baltimore Orioles,BAL,0.0,False,False
831627,2026-03-08,2026-03-08T17:07:00+00:00,2026-03-08 05:07 PM UTC,2026,Final,Final,Final,N,day,1.0,Spring Training,TD Ballpark,116,Detroit Tigers,DET,0.0,False,141,Toronto Blue Jays,TOR,5.0,True,True
831467,2026-03-08,2026-03-08T17:10:00+00:00,2026-03-08 05:10 PM UTC,2026,Final,Final,Final,N,day,1.0,Spring Training,Roger Dean Chevrolet Stadium,138,St. Louis Cardinals,STL,2.0,,146,Miami Marlins,MIA,2.0,,
831575,2026-03-08,2026-03-08T17:10:00+00:00,2026-03-08 05:10 PM UTC,2026,Final,Final,Final,N,day,1.0,Spring Training,Clover Park,147,New York Yankees,NYY,4.0,False,121,New York Mets,NYM,10.0,True,True
831757,2026-03-08,2026-03-08T20:05:00+00:00,2026-03-08 08:05 PM UTC,2026,Final,Final,Final,N,day,1.0,Spring Training,Sloan Park,137,San Francisco Giants,SF,9.0,True,112,Chicago Cubs,CHC,5.0,False,False
831812,2026-03-08,2026-03-08T20:05:00+00:00,2026-03-08 08:05 PM UTC,2026,Final,Final,Final,N,day,1.0,Spring Training,Hohokam Stadium,119,Los Angeles Dodgers,LAD,7.0,False,133,Athletics,ATH,11.0,True,True
831813,2026-03-08,2026-03-08T20:05:00+00:00,2026-03-08 08:05 PM UTC,2026,Final,Final,Final,N,day,1.0,Spring Training,Surprise Stadium,108,Los Angeles Angels,LAA,10.0,True,140,Texas Rangers,TEX,7.0,False,False
831832,2026-03-08,2026-03-08T20:05:00+00:00,2026-03-08 08:05 PM UTC,2026,Final,Final,Final,N,day,1.0,Spring Training,Las Vegas Ballpark,108,Los Angeles Angels,LAA,4.0,False,133,Athletics,ATH,7.0,True,True
831848,2026-03-08,2026-03-08T20:05:00+00:00,2026-03-08 08:05 PM UTC,2026,Final,Final,Final,N,day,1.0,Spring Training,Camelback Ranch,118,Kansas City Royals,KC,4.0,False,145,Chicago White Sox,CWS,5.0,True,True
831960,2026-03-08,2026-03-08T20:05:00+00:00,2026-03-08 08:05 PM UTC,2026,Final,Final,Final,N,day,1.0,Spring Training,Goodyear Ballpark,109,Arizona Diamondbacks,AZ,4.0,False,113,Cincinnati Reds,CIN,13.0,True,True
831740,2026-03-08,2026-03-08T20:10:00+00:00,2026-03-08 08:10 PM UTC,2026,Final,Final,Final,N,day,1.0,Spring Training,American Family Fields of Phoenix,136,Seattle Mariners,SEA,3.0,False,158,Milwaukee Brewers,MIL,6.0,True,True
831882,2026-03-08,2026-03-08T20:10:00+00:00,2026-03-08 08:10 PM UTC,2026,Final,Final,Final,N,day,1.0,Spring Training,Salt River Fields at Talking Stick,114,Cleveland Guardians,CLE,4.0,,115,Colorado Rockies,COL,4.0,,
831892,2026-03-08,2026-03-08T20:10:00+00:00,2026-03-08 08:10 PM UTC,2026,Final,Final,Final,N,day,1.0,Spring Training,Peoria Stadium,113,Cincinnati Reds,CIN,3.0,False,135,San Diego Padres,SD,14.0,True,True
831515,2026-03-09,2026-03-09T17:05:00+00:00,2026-03-09 05:05 PM UTC,2026,Final,Final,Final,N,day,1.0,Spring Training,JetBlue Park,143,Philadelphia Phillies,PHI,3.0,False,111,Boston Red Sox,BOS,5.0,True,True
831516,2026-03-09,2026-03-09T17:05:00+00:00,2026-03-09 05:05 PM UTC,2026,Final,Final,Final,N,day,1.0,Spring Training,CACTI Park of the Palm Beaches,138,St. Louis Cardinals,STL,3.0,False,117,Houston Astros,HOU,10.0,True,True
831569,2026-03-09,2026-03-09T17:05:00+00:00,2026-03-09 05:05 PM UTC,2026,Final,Final,Final,N,day,1.0,Spring Training,CoolToday Park,142,Minnesota Twins,MIN,8.0,False,144,Atlanta Braves,ATL,9.0,True,True
831570,2026-03-09,2026-03-09T17:05:00+00:00,2026-03-09 05:05 PM UTC,2026,Final,Final,Final,N,day,1.0,Spring Training,Roger Dean Chevrolet Stadium,110,Baltimore Orioles,BAL,2.0,False,138,St. Louis Cardinals,STL,7.0,True,True
831626,2026-03-09,2026-03-09T17:05:00+00:00,2026-03-09 05:05 PM UTC,2026,Final,Final,Final,N,day,1.0,Spring Training,Publix Field at Joker Marchant Stadium,139,Tampa Bay Rays,TB,4.0,,116,Detroit Tigers,DET,4.0,,
831816,2026-03-09,2026-03-09T20:05:00+00:00,2026-03-09 08:05 PM UTC,2026,Final,Final,Final,N,day,1.0,Spring Training,Scottsdale Stadium,108,Los Angeles Angels,LAA,2.0,True,137,San Francisco Giants,SF,0.0,False,False
831865,2026-03-09,2026-03-09T20:05:00+00:00,2026-03-09 08:05 PM UTC,2026,Final,Final,Final,N,day,1.0,Spring Training,Camelback Ranch,115,Colorado Rockies,COL,3.0,False,145,Chicago White Sox,CWS,12.0,True,True
831881,2026-03-09,2026-03-09T20:05:00+00:00,2026-03-09 08:05 PM UTC,2026,Final,Final,Final,N,day,1.0,Spring Training,Surprise Stadium,114,Cleveland Guardians,CLE,6.0,True,118,Kansas City Royals,KC,2.0,False,False
831943,2026-03-09,2026-03-09T20:05:00+00:00,2026-03-09 08:05 PM UTC,2026,Final,Final,Final,N,day,1.0,Spring Training,Goodyear Ballpark,133,Athletics,ATH,9.0,True,113,Cincinnati Reds,CIN,7.0,False,False
831725,2026-03-09,2026-03-09T20:10:00+00:00,2026-03-09 08:10 PM UTC,2026,Final,Final,Final,N,day,1.0,Spring Training,Peoria Stadium,140,Texas Rangers,TEX,4.0,True,135,San Diego Padres,SD,1.0,False,False
831748,2026-03-09,2026-03-09T20:10:00+00:00,2026-03-09 08:10 PM UTC,2026,Final,Final,Final,N,day,1.0,Spring Training,Salt River Fields at Talking Stick,136,Seattle Mariners,SEA,1.0,False,109,Arizona Diamondbacks,AZ,2.0,True,True
831802,2026-03-09,2026-03-09T20:10:00+00:00,2026-03-09 08:10 PM UTC,2026,Final,Final,Final,N,day,1.0,Spring Training,American Family Fields of Phoenix,119,Los Angeles Dodgers,LAD,4.0,True,158,Milwaukee Brewers,MIL,3.0,False,False
831468,2026-03-09,2026-03-09T22:10:00+00:00,2026-03-09 10:10 PM UTC,2026,Final,Final,Final,N,night,1.0,Spring Training,Clover Park,146,Miami Marlins,MIA,0.0,False,121,New York Mets,NYM,9.0,True,True
831517,2026-03-09,2026-03-09T22:35:00+00:00,2026-03-09 10:35 PM UTC,2026,Final,Final,Final,N,night,1.0,Spring Training,George M. Steinbrenner Field,134,Pittsburgh Pirates,PIT,5.0,True,147,New York Yankees,NYY,3.0,False,False
831573,2026-03-10,2026-03-10T17:05:00+00:00,2026-03-10 05:05 PM UTC,2026,Final,Final,Final,N,day,1.0,Spring Training,BayCare Ballpark,147,New York Yankees,NYY,4.0,True,143,Philadelphia Phillies,PHI,2.0,False,False
831617,2026-03-10,2026-03-10T17:05:00+00:00,2026-03-10 05:05 PM UTC,2026,Final,Final,Final,N,day,1.0,Spring Training,CACTI Park of the Palm Beaches,110,Baltimore Orioles,BAL,6.0,False,117,Houston Astros,HOU,7.0,True,True
831618,2026-03-10,2026-03-10T17:05:00+00:00,2026-03-10 05:05 PM UTC,2026,Final,Final,Final,N,day,1.0,Spring Training,Charlotte Sports Park,142,Minnesota Twins,MIN,6.0,True,139,Tampa Bay Rays,TB,5.0,False,False
831625,2026-03-10,2026-03-10T17:05:00+00:00,2026-03-10 05:05 PM UTC,2026,Final,Final,Final,N,day,1.0,Spring Training,JetBlue Park,116,Detroit Tigers,DET,7.0,True,111,Boston Red Sox,BOS,2.0,False,False
831513,2026-03-10,2026-03-10T17:07:00+00:00,2026-03-10 05:07 PM UTC,2026,Final,Final,Final,N,day,1.0,Spring Training,TD Ballpark,144,Atlanta Braves,ATL,0.0,False,141,Toronto Blue Jays,TOR,7.0,True,True
831471,2026-03-10,2026-03-10T17:10:00+00:00,2026-03-10 05:10 PM UTC,2026,Final,Final,Final,N,day,1.0,Spring Training,Roger Dean Chevrolet Stadium,120,Washington Nationals,WSH,7.0,True,146,Miami Marlins,MIA,5.0,False,False
831473,2026-03-10,2026-03-10T17:10:00+00:00,2026-03-10 05:10 PM UTC,2026,Final,Final,Final,N,day,1.0,Spring Training,Clover Park,138,St. Louis Cardinals,STL,1.0,False,121,New York Mets,NYM,6.0,True,True
831758,2026-03-10,2026-03-10T20:05:00+00:00,2026-03-10 08:05 PM UTC,2026,Final,Final,Final,N,day,1.0,Spring Training,Goodyear Ballpark,137,San Francisco Giants,SF,5.0,True,114,Cleveland Guardians,CLE,4.0,False,False
831918,2026-03-10,2026-03-10T20:05:00+00:00,2026-03-10 08:05 PM UTC,2026,Final,Final,Final,N,day,1.0,Spring Training,Hohokam Stadium,145,Chicago White Sox,CWS,7.0,False,133,Athletics,ATH,11.0,True,True
831920,2026-03-10,2026-03-10T20:05:00+00:00,2026-03-10 08:05 PM UTC,2026,Final,Final,Final,N,day,1.0,Spring Training,Surprise Stadium,112,Chicago Cubs,CHC,3.0,False,140,Texas Rangers,TEX,8.0,True,True
831956,2026-03-10,2026-03-10T20:05:00+00:00,2026-03-10 08:05 PM UTC,2026,Final,Final,Final,N,day,1.0,Spring Training,Camelback Ranch,109,Arizona Diamondbacks,AZ,1.0,False,119,Los Angeles Dodgers,LAD,4.0,True,True
831771,2026-03-10,2026-03-10T20:10:00+00:00,2026-03-10 08:10 PM UTC,2026,Final,Final,Final,N,day,1.0,Spring Training,Tempe Diablo Stadium,135,San Diego Padres,SD,10.0,True,108,Los Angeles Angels,LAA,2.0,False,False
831836,2026-03-10,2026-03-10T20:10:00+00:00,2026-03-10 08:10 PM UTC,2026,Final,Final,Final,N,day,1.0,Spring Training,Peoria Stadium,118,Kansas City Royals,KC,3.0,False,136,Seattle Mariners,SEA,4.0,True,True
831898,2026-03-10,2026-03-10T20:10:00+00:00,2026-03-10 08:10 PM UTC,2026,Final,Final,Final,N,day,1.0,Spring Training,Salt River Fields at Talking Stick,113,Cincinnati Reds,CIN,8.0,True,115,Colorado Rockies,COL,1.0,False,False
831465,2026-03-11,2026-03-11T17:05:00+00:00,2026-03-11 05:05 PM UTC,2026,Final,Final,Final,N,day,1.0,Spring Training,CACTI Park of the Palm Beaches,138,St. Louis Cardinals,STL,1.0,False,120,Washington Nationals,WSH,3.0,True,True
831507,2026-03-11,2026-03-11T17:05:00+00:00,2026-03-11 05:05 PM UTC,2026,Final,Final,Final,N,day,1.0,Spring Training,Ed Smith Stadium,134,Pittsburgh Pirates,PIT,2.0,False,110,Baltimore Orioles,BAL,7.0,True,True
831574,2026-03-11,2026-03-11T17:05:00+00:00,2026-03-11 05:05 PM UTC,2026,Final,Final,Final,N,day,1.0,Spring Training,CoolToday Park,139,Tampa Bay Rays,TB,3.0,False,144,Atlanta Braves,ATL,5.0,True,True
831619,2026-03-11,2026-03-11T17:05:00+00:00,2026-03-11 05:05 PM UTC,2026,Final,Final,Final,N,day,1.0,Spring Training,Lee Health Sports Complex,116,Detroit Tigers,DET,1.0,False,142,Minnesota Twins,MIN,2.0,True,True
831561,2026-03-11,2026-03-11T17:10:00+00:00,2026-03-11 05:10 PM UTC,2026,Final,Final,Final,N,day,1.0,Spring Training,Roger Dean Chevrolet Stadium,117,Houston Astros,HOU,4.0,True,146,Miami Marlins,MIA,1.0,False,False
831762,2026-03-11,2026-03-11T20:05:00+00:00,2026-03-11 08:05 PM UTC,2026,Final,Final,Final,N,day,1.0,Spring Training,Surprise Stadium,137,San Francisco Giants,SF,5.0,True,118,Kansas City Royals,KC,2.0,False,False
831793,2026-03-11,2026-03-11T20:05:00+00:00,2026-03-11 08:05 PM UTC,2026,Final,Final,Final,N,day,1.0,Spring Training,Goodyear Ballpark,158,Milwaukee Brewers,MIL,3.0,False,113,Cincinnati Reds,CIN,6.0,True,True
831824,2026-03-11,2026-03-11T20:05:00+00:00,2026-03-11 08:05 PM UTC,2026,Final,Final,Final,N,day,1.0,Spring Training,Camelback Ranch,108,Los Angeles Angels,LAA,8.0,True,145,Chicago White Sox,CWS,4.0,False,False
831849,2026-03-11,2026-03-11T20:05:00+00:00,2026-03-11 08:05 PM UTC,2026,Final,Final,Final,N,day,1.0,Spring Training,Sloan Park,118,Kansas City Royals,KC,8.0,False,112,Chicago Cubs,CHC,9.0,True,True
831861,2026-03-11,2026-03-11T20:10:00+00:00,2026-03-11 08:10 PM UTC,2026,Final,Final,Final,N,day,1.0,Spring Training,Peoria Stadium,115,Colorado Rockies,COL,11.0,True,136,Seattle Mariners,SEA,7.0,False,False
831950,2026-03-11,2026-03-11T20:10:00+00:00,2026-03-11 08:10 PM UTC,2026,Final,Final,Final,N,day,1.0,Spring Training,Salt River Fields at Talking Stick,133,Athletics,ATH,13.0,True,109,Arizona Diamondbacks,AZ,3.0,False,False
831620,2026-03-11,2026-03-11T22:35:00+00:00,2026-03-11 10:35 PM UTC,2026,Final,Final,Final,N,night,1.0,Spring Training,George M. Steinbrenner Field,141,Toronto Blue Jays,TOR,1.0,False,147,New York Yankees,NYY,8.0,True,True
831472,2026-03-12,2026-03-12T17:05:00+00:00,2026-03-12 05:05 PM UTC,2026,Final,Final,Final,N,day,2.0,Spring Training,Roger Dean Chevrolet Stadium,121,New York Mets,NYM,1.0,False,138,St. Louis Cardinals,STL,3.0,True,True
831564,2026-03-12,2026-03-12T17:05:00+00:00,2026-03-12 05:05 PM UTC,2026,Final,Completed Early,Final,N,day,1.0,Spring Training,BayCare Ballpark,141,Toronto Blue Jays,TOR,5.0,False,143,Philadelphia Phillies,PHI,8.0,True,True
831621,2026-03-12,2026-03-12T17:05:00+00:00,2026-03-12 05:05 PM UTC,2026,Final,Final,Final,N,day,1.0,Spring Training,Publix Field at Joker Marchant Stadium,147,New York Yankees,NYY,4.0,True,116,Detroit Tigers,DET,3.0,False,False
831622,2026-03-12,2026-03-12T17:05:00+00:00,2026-03-12 05:05 PM UTC,2026,Final,Final,Final,N,day,1.0,Spring Training,Lee Health Sports Complex,111,Boston Red Sox,BOS,5.0,False,142,Minnesota Twins,MIN,8.0,True,True
831754,2026-03-12,2026-03-12T20:05:00+00:00,2026-03-12 08:05 PM UTC,2026,Final,Final,Final,N,day,1.0,Spring Training,Sloan Park,136,Seattle Mariners,SEA,4.0,False,112,Chicago Cubs,CHC,7.0,True,True
831936,2026-03-12,2026-03-12T20:05:00+00:00,2026-03-12 08:05 PM UTC,2026,Final,Final,Final,N,day,1.0,Spring Training,Surprise Stadium,133,Athletics,ATH,6.0,False,140,Texas Rangers,TEX,7.0,True,True
831869,2026-03-12,2026-03-12T20:10:00+00:00,2026-03-12 08:10 PM UTC,2026,Final,Final,Final,N,day,1.0,Spring Training,Salt River Fields at Talking Stick,115,Colorado Rockies,COL,13.0,True,109,Arizona Diamondbacks,AZ,2.0,False,False
831466,2026-03-12,2026-03-12T22:05:00+00:00,2026-03-12 10:05 PM UTC,2026,Final,Final,Final,N,night,1.0,Spring Training,LECOM Park,144,Atlanta Braves,ATL,2.0,False,134,Pittsburgh Pirates,PIT,5.0,True,True
831510,2026-03-12,2026-03-12T22:05:00+00:00,2026-03-12 10:05 PM UTC,2026,Final,Final,Final,N,night,1.0,Spring Training,CACTI Park of the Palm Beaches,120,Washington Nationals,WSH,3.0,True,117,Houston Astros,HOU,2.0,False,False
831791,2026-03-12,2026-03-13T01:05:00+00:00,2026-03-13 01:05 AM UTC,2026,Final,Final,Final,N,night,1.0,Spring Training,Goodyear Ballpark,158,Milwaukee Brewers,MIL,0.0,False,114,Cleveland Guardians,CLE,1.0,True,True
831894,2026-03-12,2026-03-13T01:05:00+00:00,2026-03-13 01:05 AM UTC,2026,Final,Final,Final,N,night,1.0,Spring Training,Camelback Ranch,113,Cincinnati Reds,CIN,5.0,False,119,Los Angeles Dodgers,LAD,9.0,True,True
831908,2026-03-12,2026-03-13T01:05:00+00:00,2026-03-13 01:05 AM UTC,2026,Final,Final,Final,N,night,1.0,Spring Training,Scottsdale Stadium,145,Chicago White Sox,CWS,3.0,,137,San Francisco Giants,SF,3.0,,
831839,2026-03-12,2026-03-13T01:10:00+00:00,2026-03-13 01:10 AM UTC,2026,Final,Final,Final,N,night,1.0,Spring Training,Peoria Stadium,118,Kansas City Royals,KC,10.0,True,135,San Diego Padres,SD,1.0,False,False
831563,2026-03-13,2026-03-13T17:05:00+00:00,2026-03-13 05:05 PM UTC,2026,Final,Final,Final,N,day,1.0,Spring Training,CoolToday Park,147,New York Yankees,NYY,6.0,False,144,Atlanta Braves,ATL,7.0,True,True
831565,2026-03-13,2026-03-13T17:05:00+00:00,2026-03-13 05:05 PM UTC,2026,Final,Final,Final,N,day,1.0,Spring Training,BayCare Ballpark,110,Baltimore Orioles,BAL,8.0,False,143,Philadelphia Phillies,PHI,11.0,True,True
831616,2026-03-13,2026-03-13T17:05:00+00:00,2026-03-13 05:05 PM UTC,2026,Final,Final,Final,N,day,1.0,Spring Training,JetBlue Park,139,Tampa Bay Rays,TB,6.0,False,111,Boston Red Sox,BOS,7.0,True,True
831623,2026-03-13,2026-03-13T17:07:00+00:00,2026-03-13 05:07 PM UTC,2026,Final,Final,Final,N,day,1.0,Spring Training,TD Ballpark,142,Minnesota Twins,MIN,1.0,False,141,Toronto Blue Jays,TOR,6.0,True,True
831778,2026-03-13,2026-03-13T20:05:00+00:00,2026-03-13 08:05 PM UTC,2026,Final,Final,Final,N,day,1.0,Spring Training,Hohokam Stadium,135,San Diego Padres,SD,13.0,True,133,Athletics,ATH,9.0,False,False
831933,2026-03-13,2026-03-13T20:05:00+00:00,2026-03-13 08:05 PM UTC,2026,Final,Final,Final,N,day,1.0,Spring Training,Camelback Ranch,112,Chicago Cubs,CHC,2.0,False,145,Chicago White Sox,CWS,4.0,True,True
831731,2026-03-13,2026-03-13T20:10:00+00:00,2026-03-13 08:10 PM UTC,2026,Final,Final,Final,N,day,1.0,Spring Training,Salt River Fields at Talking Stick,140,Texas Rangers,TEX,9.0,True,115,Colorado Rockies,COL,4.0,False,False
831879,2026-03-13,2026-03-13T20:10:00+00:00,2026-03-13 08:10 PM UTC,2026,Final,Final,Final,N,day,1.0,Spring Training,Tempe Diablo Stadium,114,Cleveland Guardians,CLE,2.0,False,108,Los Angeles Angels,LAA,5.0,True,True
831935,2026-03-13,2026-03-13T20:10:00+00:00,2026-03-13 08:10 PM UTC,2026,Final,Final,Final,N,day,1.0,Spring Training,American Family Fields of Phoenix,133,Athletics,ATH,13.0,True,158,Milwaukee Brewers,MIL,4.0,False,False
831464,2026-03-13,2026-03-13T22:05:00+00:00,2026-03-13 10:05 PM UTC,2026,Final,Final,Final,N,night,1.0,Spring Training,CACTI Park of the Palm Beaches,121,New York Mets,NYM,8.0,True,120,Washington Nationals,WSH,3.0,False,False
831512,2026-03-13,2026-03-13T22:05:00+00:00,2026-03-13 10:05 PM UTC,2026,Final,Final,Final,N,night,1.0,Spring Training,Publix Field at Joker Marchant Stadium,134,Pittsburgh Pirates,PIT,7.0,True,116,Detroit Tigers,DET,5.0,False,False
831567,2026-03-13,2026-03-13T22:05:00+00:00,2026-03-13 10:05 PM UTC,2026,Final,Final,Final,N,night,1.0,Spring Training,Roger Dean Chevrolet Stadium,117,Houston Astros,HOU,4.0,False,138,St. Louis Cardinals,STL,5.0,True,True
831462,2026-03-13,2026-03-13T22:10:00+00:00,2026-03-13 10:10 PM UTC,2026,Final,Final,Final,N,night,1.0,Spring Training,Clover Park,146,Miami Marlins,MIA,1.0,True,121,New York Mets,NYM,0.0,False,False
831891,2026-03-13,2026-03-13T23:05:00+00:00,2026-03-13 11:05 PM UTC,2026,Final,Final,Final,N,day,2.0,Spring Training,Scottsdale Stadium,113,Cincinnati Reds,CIN,6.0,True,137,San Francisco Giants,SF,1.0,False,False
831759,2026-03-13,2026-03-14T01:05:00+00:00,2026-03-14 01:05 AM UTC,2026,Final,Final,Final,N,night,1.0,Spring Training,Goodyear Ballpark,137,San Francisco Giants,SF,0.0,False,113,Cincinnati Reds,CIN,1.0,True,True
831958,2026-03-13,2026-03-14T01:05:00+00:00,2026-03-14 01:05 AM UTC,2026,Final,Final,Final,N,night,1.0,Spring Training,Surprise Stadium,109,Arizona Diamondbacks,AZ,11.0,True,118,Kansas City Royals,KC,5.0,False,False
831801,2026-03-13,2026-03-14T01:10:00+00:00,2026-03-14 01:10 AM UTC,2026,Final,Final,Final,N,night,1.0,Spring Training,Peoria Stadium,119,Los Angeles Dodgers,LAD,10.0,True,136,Seattle Mariners,SEA,7.0,False,False
831459,2026-03-14,2026-03-14T16:05:00+00:00,2026-03-14 04:05 PM UTC,2026,Final,Final,Final,N,day,1.0,Spring Training,CACTI Park of the Palm Beaches,146,Miami Marlins,MIA,4.0,True,120,Washington Nationals,WSH,1.0,False,False
831514,2026-03-14,2026-03-14T17:05:00+00:00,2026-03-14 05:05 PM UTC,2026,Final,Final,Final,N,day,1.0,Spring Training,George M. Steinbrenner Field,143,Philadelphia Phillies,PHI,6.0,True,147,New York Yankees,NYY,4.0,False,False
831562,2026-03-14,2026-03-14T17:05:00+00:00,2026-03-14 05:05 PM UTC,2026,Final,Final,Final,N,day,1.0,Spring Training,LECOM Park,110,Baltimore Orioles,BAL,6.0,False,134,Pittsburgh Pirates,PIT,8.0,True,True
831613,2026-03-14,2026-03-14T17:05:00+00:00,2026-03-14 05:05 PM UTC,2026,Final,Final,Final,N,day,1.0,Spring Training,Lee Health Sports Complex,139,Tampa Bay Rays,TB,9.0,True,142,Minnesota Twins,MIN,6.0,False,False
831614,2026-03-14,2026-03-14T17:07:00+00:00,2026-03-14 05:07 PM UTC,2026,Final,Final,Final,N,day,1.0,Spring Training,TD Ballpark,116,Detroit Tigers,DET,6.0,True,141,Toronto Blue Jays,TOR,1.0,False,False
831460,2026-03-14,2026-03-14T17:10:00+00:00,2026-03-14 05:10 PM UTC,2026,Final,Final,Final,N,day,1.0,Spring Training,Roger Dean Chevrolet Stadium,138,St. Louis Cardinals,STL,7.0,,146,Miami Marlins,MIA,7.0,,
831728,2026-03-14,2026-03-14T20:05:00+00:00,2026-03-14 08:05 PM UTC,2026,Final,Final,Final,N,day,1.0,Spring Training,Goodyear Ballpark,140,Texas Rangers,TEX,3.0,False,113,Cincinnati Reds,CIN,4.0,True,True
831770,2026-03-14,2026-03-14T20:05:00+00:00,2026-03-14 08:05 PM UTC,2026,Final,Final,Final,N,day,1.0,Spring Training,Surprise Stadium,135,San Diego Padres,SD,2.0,False,140,Texas Rangers,TEX,22.0,True,True
831809,2026-03-14,2026-03-14T20:05:00+00:00,2026-03-14 08:05 PM UTC,2026,Final,Final,Final,N,day,1.0,Spring Training,Camelback Ranch,119,Los Angeles Dodgers,LAD,2.0,False,145,Chicago White Sox,CWS,7.0,True,True
831850,2026-03-14,2026-03-14T20:05:00+00:00,2026-03-14 08:05 PM UTC,2026,Final,Final,Final,N,day,1.0,Spring Training,Hohokam Stadium,118,Kansas City Royals,KC,1.0,False,133,Athletics,ATH,12.0,True,True
831953,2026-03-14,2026-03-14T20:05:00+00:00,2026-03-14 08:05 PM UTC,2026,Final,Final,Final,N,day,1.0,Spring Training,Scottsdale Stadium,109,Arizona Diamondbacks,AZ,8.0,True,137,San Francisco Giants,SF,7.0,False,False
831747,2026-03-14,2026-03-14T20:10:00+00:00,2026-03-14 08:10 PM UTC,2026,Final,Final,Final,N,day,1.0,Spring Training,Tempe Diablo Stadium,136,Seattle Mariners,SEA,2.0,False,108,Los Angeles Angels,LAA,6.0,True,True
831860,2026-03-14,2026-03-14T20:10:00+00:00,2026-03-14 08:10 PM UTC,2026,Final,Final,Final,N,day,1.0,Spring Training,American Family Fields of Phoenix,115,Colorado Rockies,COL,4.0,False,158,Milwaukee Brewers,MIL,8.0,True,True
831877,2026-03-14,2026-03-14T20:10:00+00:00,2026-03-14 08:10 PM UTC,2026,Final,Final,Final,N,day,1.0,Spring Training,Peoria Stadium,114,Cleveland Guardians,CLE,5.0,False,135,San Diego Padres,SD,8.0,True,True
831928,2026-03-14,2026-03-14T20:10:00+00:00,2026-03-14 08:10 PM UTC,2026,Final,Final,Final,N,day,1.0,Spring Training,Salt River Fields at Talking Stick,112,Chicago Cubs,CHC,3.0,False,115,Colorado Rockies,COL,4.0,True,True
831508,2026-03-14,2026-03-14T22:05:00+00:00,2026-03-14 10:05 PM UTC,2026,Final,Final,Final,N,night,1.0,Spring Training,CACTI Park of the Palm Beaches,121,New York Mets,NYM,2.0,False,117,Houston Astros,HOU,8.0,True,True
831566,2026-03-14,2026-03-14T22:05:00+00:00,2026-03-14 10:05 PM UTC,2026,Final,Final,Final,N,night,1.0,Spring Training,CoolToday Park,111,Boston Red Sox,BOS,1.0,False,144,Atlanta Braves,ATL,10.0,True,True
831458,2026-03-15,2026-03-15T17:05:00+00:00,2026-03-15 05:05 PM UTC,2026,Final,Final,Final,N,day,1.0,Spring Training,BayCare Ballpark,144,Atlanta Braves,ATL,1.0,True,143,Philadelphia Phillies,PHI,0.0,False,False
831461,2026-03-15,2026-03-15T17:05:00+00:00,2026-03-15 05:05 PM UTC,2026,Final,Final,Final,N,day,1.0,Spring Training,Roger Dean Chevrolet Stadium,120,Washington Nationals,WSH,3.0,False,138,St. Louis Cardinals,STL,6.0,True,True
831509,2026-03-15,2026-03-15T17:05:00+00:00,2026-03-15 05:05 PM UTC,2026,Final,Final,Final,N,day,1.0,Spring Training,CACTI Park of the Palm Beaches,146,Miami Marlins,MIA,0.0,False,117,Houston Astros,HOU,1.0,True,True
831511,2026-03-15,2026-03-15T17:05:00+00:00,2026-03-15 05:05 PM UTC,2026,Final,Final,Final,N,day,1.0,Spring Training,Charlotte Sports Park,134,Pittsburgh Pirates,PIT,1.0,False,139,Tampa Bay Rays,TB,6.0,True,True
831611,2026-03-15,2026-03-15T17:05:00+00:00,2026-03-15 05:05 PM UTC,2026,Final,Final,Final,N,day,1.0,Spring Training,George M. Steinbrenner Field,116,Detroit Tigers,DET,12.0,True,147,New York Yankees,NYY,1.0,False,False
831615,2026-03-15,2026-03-15T17:05:00+00:00,2026-03-15 05:05 PM UTC,2026,Final,Final,Final,N,day,1.0,Spring Training,JetBlue Park,142,Minnesota Twins,MIN,2.0,False,111,Boston Red Sox,BOS,7.0,True,True
831555,2026-03-15,2026-03-15T17:10:00+00:00,2026-03-15 05:10 PM UTC,2026,Final,Completed Early,Final,N,day,1.0,Spring Training,Clover Park,141,Toronto Blue Jays,TOR,1.0,False,121,New York Mets,NYM,8.0,True,True
831727,2026-03-15,2026-03-15T20:05:00+00:00,2026-03-15 08:05 PM UTC,2026,Final,Final,Final,N,day,1.0,Spring Training,Camelback Ranch,140,Texas Rangers,TEX,3.0,False,119,Los Angeles Dodgers,LAD,5.0,True,True
831787,2026-03-15,2026-03-15T20:05:00+00:00,2026-03-15 08:05 PM UTC,2026,Final,Final,Final,N,day,1.0,Spring Training,Scottsdale Stadium,158,Milwaukee Brewers,MIL,1.0,False,137,San Francisco Giants,SF,7.0,True,True
831814,2026-03-15,2026-03-15T20:05:00+00:00,2026-03-15 08:05 PM UTC,2026,Final,Final,Final,N,day,1.0,Spring Training,Sloan Park,119,Los Angeles Dodgers,LAD,14.0,True,112,Chicago Cubs,CHC,8.0,False,False
831913,2026-03-15,2026-03-15T20:05:00+00:00,2026-03-15 08:05 PM UTC,2026,Final,Final,Final,N,day,1.0,Spring Training,Surprise Stadium,145,Chicago White Sox,CWS,4.0,False,118,Kansas City Royals,KC,10.0,True,True
831944,2026-03-15,2026-03-15T20:05:00+00:00,2026-03-15 08:05 PM UTC,2026,Final,Final,Final,N,day,1.0,Spring Training,Goodyear Ballpark,133,Athletics,ATH,6.0,False,114,Cleveland Guardians,CLE,12.0,True,True
831777,2026-03-15,2026-03-15T20:10:00+00:00,2026-03-15 08:10 PM UTC,2026,Final,Final,Final,N,day,1.0,Spring Training,Salt River Fields at Talking Stick,135,San Diego Padres,SD,4.0,,109,Arizona Diamondbacks,AZ,4.0,,
831858,2026-03-15,2026-03-15T20:10:00+00:00,2026-03-15 08:10 PM UTC,2026,Final,Final,Final,N,day,1.0,Spring Training,Tempe Diablo Stadium,115,Colorado Rockies,COL,5.0,False,108,Los Angeles Angels,LAA,6.0,True,True
831890,2026-03-15,2026-03-15T20:10:00+00:00,2026-03-15 08:10 PM UTC,2026,Final,Final,Final,N,day,1.0,Spring Training,Peoria Stadium,113,Cincinnati Reds,CIN,3.0,False,136,Seattle Mariners,SEA,6.0,True,True
831608,2026-03-15,2026-03-15T22:05:00+00:00,2026-03-15 10:05 PM UTC,2026,Final,Cancelled,Final,N,night,1.0,Spring Training,Ed Smith Stadium,147,New York Yankees,NYY,,,110,Baltimore Orioles,BAL,,,
831498,2026-03-16,2026-03-16T17:05:00+00:00,2026-03-16 05:05 PM UTC,2026,Final,Final,Final,N,day,1.0,Spring Training,Publix Field at Joker Marchant Stadium,143,Philadelphia Phillies,PHI,6.0,False,116,Detroit Tigers,DET,13.0,True,True
831506,2026-03-16,2026-03-16T17:05:00+00:00,2026-03-16 05:05 PM UTC,2026,Final,Final,Final,N,day,1.0,Spring Training,Lee Health Sports Complex,134,Pittsburgh Pirates,PIT,1.0,False,142,Minnesota Twins,MIN,5.0,True,True
831557,2026-03-16,2026-03-16T17:05:00+00:00,2026-03-16 05:05 PM UTC,2026,Final,Final,Final,N,day,1.0,Spring Training,CoolToday Park,139,Tampa Bay Rays,TB,2.0,False,144,Atlanta Braves,ATL,11.0,True,True
831559,2026-03-16,2026-03-16T17:10:00+00:00,2026-03-16 05:10 PM UTC,2026,Final,Completed Early,Final,N,day,1.0,Spring Training,Roger Dean Chevrolet Stadium,141,Toronto Blue Jays,TOR,5.0,True,146,Miami Marlins,MIA,4.0,False,False
831785,2026-03-16,2026-03-16T20:05:00+00:00,2026-03-16 08:05 PM UTC,2026,Final,Final,Final,N,day,1.0,Spring Training,Camelback Ranch,158,Milwaukee Brewers,MIL,24.0,True,119,Los Angeles Dodgers,LAD,9.0,False,False
831834,2026-03-16,2026-03-16T20:05:00+00:00,2026-03-16 08:05 PM UTC,2026,Final,Final,Final,N,day,1.0,Spring Training,Hohokam Stadium,108,Los Angeles Angels,LAA,0.0,False,133,Athletics,ATH,3.0,True,True
831751,2026-03-16,2026-03-16T20:10:00+00:00,2026-03-16 08:10 PM UTC,2026,Final,Final,Final,N,day,1.0,Spring Training,Peoria Stadium,137,San Francisco Giants,SF,1.0,False,135,San Diego Padres,SD,3.0,True,True
831903,2026-03-16,2026-03-16T20:10:00+00:00,2026-03-16 08:10 PM UTC,2026,Final,Final,Final,N,day,1.0,Spring Training,Salt River Fields at Talking Stick,113,Cincinnati Reds,CIN,6.0,False,109,Arizona Diamondbacks,AZ,11.0,True,True
831612,2026-03-16,2026-03-16T22:05:00+00:00,2026-03-16 10:05 PM UTC,2026,Final,Cancelled,Final,N,night,1.0,Spring Training,Ed Smith Stadium,111,Boston Red Sox,BOS,,,110,Baltimore Orioles,BAL,,,
831457,2026-03-16,2026-03-16T22:10:00+00:00,2026-03-16 10:10 PM UTC,2026,Final,Final,Final,N,night,1.0,Spring Training,Clover Park,120,Washington Nationals,WSH,12.0,True,121,New York Mets,NYM,6.0,False,False
831905,2026-03-16,2026-03-17T00:05:00+00:00,2026-03-17 12:05 AM UTC,2026,Final,Final,Final,N,night,1.0,Spring Training,Surprise Stadium,145,Chicago White Sox,CWS,2.0,False,140,Texas Rangers,TEX,3.0,True,True
831924,2026-03-16,2026-03-17T01:05:00+00:00,2026-03-17 01:05 AM UTC,2026,Final,Final,Final,N,night,1.0,Spring Training,Goodyear Ballpark,112,Chicago Cubs,CHC,5.0,True,114,Cleveland Guardians,CLE,2.0,False,False
831454,2026-03-17,2026-03-17T17:05:00+00:00,2026-03-17 05:05 PM UTC,2026,Final,Final,Final,N,day,2.0,Spring Training,CACTI Park of the Palm Beaches,138,St. Louis Cardinals,STL,0.0,False,120,Washington Nationals,WSH,1.0,True,True
831504,2026-03-17,2026-03-17T17:05:00+00:00,2026-03-17 05:05 PM UTC,2026,Final,Final,Final,N,day,1.0,Spring Training,JetBlue Park,144,Atlanta Braves,ATL,3.0,False,111,Boston Red Sox,BOS,4.0,True,True
831554,2026-03-17,2026-03-17T17:05:00+00:00,2026-03-17 05:05 PM UTC,2026,Final,Final,Final,N,day,1.0,Spring Training,BayCare Ballpark,142,Minnesota Twins,MIN,0.0,False,143,Philadelphia Phillies,PHI,2.0,True,True
831560,2026-03-17,2026-03-17T17:05:00+00:00,2026-03-17 05:05 PM UTC,2026,Final,Final,Final,N,day,1.0,Spring Training,LECOM Park,117,Houston Astros,HOU,10.0,True,134,Pittsburgh Pirates,PIT,2.0,False,False
831609,2026-03-17,2026-03-17T17:05:00+00:00,2026-03-17 05:05 PM UTC,2026,Final,Final,Final,N,day,1.0,Spring Training,Charlotte Sports Park,147,New York Yankees,NYY,3.0,True,139,Tampa Bay Rays,TB,2.0,False,False
831610,2026-03-17,2026-03-17T17:05:00+00:00,2026-03-17 05:05 PM UTC,2026,Final,Final,Final,N,day,1.0,Spring Training,Publix Field at Joker Marchant Stadium,110,Baltimore Orioles,BAL,1.0,,116,Detroit Tigers,DET,1.0,,
831463,2026-03-17,2026-03-17T17:10:00+00:00,2026-03-17 05:10 PM UTC,2026,Final,Completed Early,Final,N,day,1.0,Spring Training,Roger Dean Chevrolet Stadium,121,New York Mets,NYM,5.0,False,146,Miami Marlins,MIA,5.0,False,
831942,2026-03-17,2026-03-17T20:05:00+00:00,2026-03-17 08:05 PM UTC,2026,Final,Final,Final,N,day,1.0,Spring Training,Camelback Ranch,133,Athletics,ATH,4.0,False,145,Chicago White Sox,CWS,6.0,True,True
831742,2026-03-17,2026-03-17T20:10:00+00:00,2026-03-17 08:10 PM UTC,2026,Final,Final,Final,N,day,1.0,Spring Training,Salt River Fields at Talking Stick,136,Seattle Mariners,SEA,10.0,True,115,Colorado Rockies,COL,6.0,False,False
831769,2026-03-17,2026-03-17T20:10:00+00:00,2026-03-17 08:10 PM UTC,2026,Final,Final,Final,N,day,1.0,Spring Training,Peoria Stadium,135,San Diego Padres,SD,9.0,True,136,Seattle Mariners,SEA,6.0,False,False
831806,2026-03-17,2026-03-18T01:05:00+00:00,2026-03-18 01:05 AM UTC,2026,Final,Final,Final,N,night,1.0,Spring Training,Surprise Stadium,119,Los Angeles Dodgers,LAD,10.0,True,118,Kansas City Royals,KC,4.0,False,False
831831,2026-03-17,2026-03-18T01:05:00+00:00,2026-03-18 01:05 AM UTC,2026,Final,Final,Final,N,night,1.0,Spring Training,Sloan Park,108,Los Angeles Angels,LAA,6.0,False,112,Chicago Cubs,CHC,8.0,True,True
831883,2026-03-17,2026-03-18T01:05:00+00:00,2026-03-18 01:05 AM UTC,2026,Final,Final,Final,N,night,1.0,Spring Training,Goodyear Ballpark,114,Cleveland Guardians,CLE,8.0,True,113,Cincinnati Reds,CIN,6.0,False,False
831453,2026-03-18,2026-03-18T17:05:00+00:00,2026-03-18 05:05 PM UTC,2026,Final,Final,Final,N,day,1.0,Spring Training,CoolToday Park,143,Philadelphia Phillies,PHI,2.0,False,144,Atlanta Braves,ATL,3.0,True,True
831556,2026-03-18,2026-03-18T17:05:00+00:00,2026-03-18 05:05 PM UTC,2026,Final,Final,Final,N,day,1.0,Spring Training,Roger Dean Chevrolet Stadium,117,Houston Astros,HOU,1.0,False,138,St. Louis Cardinals,STL,4.0,True,True
831607,2026-03-18,2026-03-18T17:05:00+00:00,2026-03-18 05:05 PM UTC,2026,Final,Final,Final,N,day,1.0,Spring Training,George M. Steinbrenner Field,111,Boston Red Sox,BOS,0.0,False,147,New York Yankees,NYY,1.0,True,True
831600,2026-03-18,2026-03-18T17:07:00+00:00,2026-03-18 05:07 PM UTC,2026,Final,Final,Final,N,day,1.0,Spring Training,TD Ballpark,110,Baltimore Orioles,BAL,3.0,True,141,Toronto Blue Jays,TOR,2.0,False,False
831761,2026-03-18,2026-03-18T20:05:00+00:00,2026-03-18 08:05 PM UTC,2026,Final,Completed Early,Final,N,day,1.0,Spring Training,Camelback Ranch,137,San Francisco Giants,SF,1.0,False,119,Los Angeles Dodgers,LAD,5.0,True,True
831866,2026-03-18,2026-03-18T20:05:00+00:00,2026-03-18 08:05 PM UTC,2026,Final,Final,Final,N,day,1.0,Spring Training,Goodyear Ballpark,115,Colorado Rockies,COL,8.0,True,113,Cincinnati Reds,CIN,6.0,False,False
831784,2026-03-18,2026-03-18T20:10:00+00:00,2026-03-18 08:10 PM UTC,2026,Final,Final,Final,N,day,1.0,Spring Training,Peoria Stadium,158,Milwaukee Brewers,MIL,3.0,False,136,Seattle Mariners,SEA,7.0,True,True
831818,2026-03-18,2026-03-18T20:10:00+00:00,2026-03-18 08:10 PM UTC,2026,Final,Final,Final,N,day,1.0,Spring Training,American Family Fields of Phoenix,108,Los Angeles Angels,LAA,4.0,True,158,Milwaukee Brewers,MIL,3.0,False,False
831895,2026-03-18,2026-03-18T20:10:00+00:00,2026-03-18 08:10 PM UTC,2026,Final,Final,Final,N,day,1.0,Spring Training,Tempe Diablo Stadium,113,Cincinnati Reds,CIN,4.0,False,108,Los Angeles Angels,LAA,7.0,True,True
831932,2026-03-18,2026-03-18T20:10:00+00:00,2026-03-18 08:10 PM UTC,2026,Final,Final,Final,N,day,1.0,Spring Training,Salt River Fields at Talking Stick,112,Chicago Cubs,CHC,8.0,False,109,Arizona Diamondbacks,AZ,16.0,True,True
831455,2026-03-18,2026-03-18T22:05:00+00:00,2026-03-18 10:05 PM UTC,2026,Final,Cancelled,Final,N,night,1.0,Spring Training,CACTI Park of the Palm Beaches,146,Miami Marlins,MIA,,,120,Washington Nationals,WSH,,,
831558,2026-03-18,2026-03-18T22:05:00+00:00,2026-03-18 10:05 PM UTC,2026,Final,Final,Final,N,night,1.0,Spring Training,LECOM Park,116,Detroit Tigers,DET,1.0,False,134,Pittsburgh Pirates,PIT,3.0,True,True
831833,2026-03-18,2026-03-19T01:05:00+00:00,2026-03-19 01:05 AM UTC,2026,Final,Final,Final,N,night,1.0,Spring Training,Surprise Stadium,118,Kansas City Royals,KC,3.0,False,140,Texas Rangers,TEX,12.0,True,True
831452,2026-03-19,2026-03-19T17:05:00+00:00,2026-03-19 05:05 PM UTC,2026,Final,Final,Final,N,day,1.0,Spring Training,Roger Dean Chevrolet Stadium,120,Washington Nationals,WSH,1.0,False,138,St. Louis Cardinals,STL,5.0,True,True
831551,2026-03-19,2026-03-19T17:05:00+00:00,2026-03-19 05:05 PM UTC,2026,Final,Final,Final,N,day,1.0,Spring Training,BayCare Ballpark,139,Tampa Bay Rays,TB,2.0,False,143,Philadelphia Phillies,PHI,8.0,True,True
832062,2026-03-19,2026-03-19T17:05:00+00:00,2026-03-19 05:05 PM UTC,2026,Final,Final,Final,N,day,1.0,Spring Training,George M. Steinbrenner Field,110,Baltimore Orioles,BAL,4.0,False,147,New York Yankees,NYY,5.0,True,True
831605,2026-03-19,2026-03-19T17:07:00+00:00,2026-03-19 05:07 PM UTC,2026,Final,Final,Final,N,day,1.0,Spring Training,TD Ballpark,147,New York Yankees,NYY,0.0,False,141,Toronto Blue Jays,TOR,11.0,True,True
831500,2026-03-19,2026-03-19T22:05:00+00:00,2026-03-19 10:05 PM UTC,2026,Final,Final,Final,N,night,1.0,Spring Training,CACTI Park of the Palm Beaches,121,New York Mets,NYM,6.0,True,117,Houston Astros,HOU,2.0,False,False
831501,2026-03-19,2026-03-19T22:05:00+00:00,2026-03-19 10:05 PM UTC,2026,Final,Final,Final,N,night,1.0,Spring Training,Ed Smith Stadium,134,Pittsburgh Pirates,PIT,2.0,False,110,Baltimore Orioles,BAL,5.0,True,True
831606,2026-03-19,2026-03-19T22:05:00+00:00,2026-03-19 10:05 PM UTC,2026,Final,Final,Final,N,night,1.0,Spring Training,JetBlue Park,142,Minnesota Twins,MIN,2.0,False,111,Boston Red Sox,BOS,4.0,True,True
831822,2026-03-19,2026-03-20T01:05:00+00:00,2026-03-20 01:05 AM UTC,2026,Final,Final,Final,N,night,1.0,Spring Training,Surprise Stadium,108,Los Angeles Angels,LAA,4.0,True,118,Kansas City Royals,KC,3.0,False,False
831846,2026-03-19,2026-03-20T01:05:00+00:00,2026-03-20 01:05 AM UTC,2026,Final,Final,Final,N,night,1.0,Spring Training,Goodyear Ballpark,118,Kansas City Royals,KC,5.0,False,114,Cleveland Guardians,CLE,6.0,True,True
831962,2026-03-19,2026-03-20T01:05:00+00:00,2026-03-20 01:05 AM UTC,2026,Final,Final,Final,N,night,1.0,Spring Training,Camelback Ranch,109,Arizona Diamondbacks,AZ,2.0,False,145,Chicago White Sox,CWS,4.0,True,True
831722,2026-03-19,2026-03-20T01:10:00+00:00,2026-03-20 01:10 AM UTC,2026,Final,Final,Final,N,night,1.0,Spring Training,American Family Fields of Phoenix,140,Texas Rangers,TEX,4.0,False,158,Milwaukee Brewers,MIL,11.0,True,True
831755,2026-03-19,2026-03-20T01:10:00+00:00,2026-03-20 01:10 AM UTC,2026,Final,Final,Final,N,night,1.0,Spring Training,Hohokam Stadium,136,Seattle Mariners,SEA,6.0,True,133,Athletics,ATH,4.0,False,False
831756,2026-03-19,2026-03-20T01:10:00+00:00,2026-03-20 01:10 AM UTC,2026,Final,Final,Final,N,night,1.0,Spring Training,Salt River Fields at Talking Stick,137,San Francisco Giants,SF,14.0,True,115,Colorado Rockies,COL,11.0,False,False
831907,2026-03-19,2026-03-20T01:10:00+00:00,2026-03-20 01:10 AM UTC,2026,Final,Final,Final,N,night,1.0,Spring Training,Peoria Stadium,145,Chicago White Sox,CWS,6.0,False,135,San Diego Padres,SD,13.0,True,True
831550,2026-03-20,2026-03-20T17:05:00+00:00,2026-03-20 05:05 PM UTC,2026,Final,Final,Final,N,day,1.0,Spring Training,BayCare Ballpark,116,Detroit Tigers,DET,4.0,,143,Philadelphia Phillies,PHI,4.0,,
831602,2026-03-20,2026-03-20T17:05:00+00:00,2026-03-20 05:05 PM UTC,2026,Final,Final,Final,N,day,1.0,Spring Training,Charlotte Sports Park,111,Boston Red Sox,BOS,0.0,False,139,Tampa Bay Rays,TB,2.0,True,True
831604,2026-03-20,2026-03-20T17:05:00+00:00,2026-03-20 05:05 PM UTC,2026,Final,Final,Final,N,day,1.0,Spring Training,Lee Health Sports Complex,141,Toronto Blue Jays,TOR,2.0,True,142,Minnesota Twins,MIN,1.0,False,False
831456,2026-03-20,2026-03-20T17:10:00+00:00,2026-03-20 05:10 PM UTC,2026,Final,Final,Final,N,day,1.0,Spring Training,Clover Park,138,St. Louis Cardinals,STL,4.0,True,121,New York Mets,NYM,3.0,False,False
831910,2026-03-20,2026-03-20T19:10:00+00:00,2026-03-20 07:10 PM UTC,2026,Final,Final,Final,N,day,1.0,Spring Training,Tempe Diablo Stadium,145,Chicago White Sox,CWS,3.0,False,108,Los Angeles Angels,LAA,4.0,True,True
831451,2026-03-20,2026-03-20T22:05:00+00:00,2026-03-20 10:05 PM UTC,2026,Final,Final,Final,N,night,1.0,Spring Training,CoolToday Park,134,Pittsburgh Pirates,PIT,1.0,False,144,Atlanta Braves,ATL,8.0,True,True
831505,2026-03-20,2026-03-20T22:05:00+00:00,2026-03-20 10:05 PM UTC,2026,Final,Final,Final,N,night,1.0,Spring Training,CACTI Park of the Palm Beaches,146,Miami Marlins,MIA,7.0,True,117,Houston Astros,HOU,4.0,False,False
831603,2026-03-20,2026-03-20T22:35:00+00:00,2026-03-20 10:35 PM UTC,2026,Final,Final,Final,N,night,1.0,Spring Training,George M. Steinbrenner Field,110,Baltimore Orioles,BAL,1.0,False,147,New York Yankees,NYY,3.0,True,True
831450,2026-03-20,2026-03-20T23:10:00+00:00,2026-03-20 11:10 PM UTC,2026,Final,Final,Final,N,night,1.0,Spring Training,Roger Dean Chevrolet Stadium,120,Washington Nationals,WSH,2.0,False,146,Miami Marlins,MIA,3.0,True,True
831835,2026-03-20,2026-03-21T00:05:00+00:00,2026-03-21 12:05 AM UTC,2026,Final,Final,Final,N,night,1.0,Spring Training,Scottsdale Stadium,118,Kansas City Royals,KC,2.0,False,137,San Francisco Giants,SF,5.0,True,True
831743,2026-03-20,2026-03-21T01:05:00+00:00,2026-03-21 01:05 AM UTC,2026,Final,Final,Final,N,night,1.0,Spring Training,Goodyear Ballpark,136,Seattle Mariners,SEA,20.0,True,114,Cleveland Guardians,CLE,8.0,False,False
831749,2026-03-20,2026-03-21T01:05:00+00:00,2026-03-21 01:05 AM UTC,2026,Final,Final,Final,N,night,1.0,Spring Training,Surprise Stadium,137,San Francisco Giants,SF,5.0,False,140,Texas Rangers,TEX,6.0,True,True
831766,2026-03-20,2026-03-21T01:05:00+00:00,2026-03-21 01:05 AM UTC,2026,Final,Final,Final,N,night,1.0,Spring Training,Camelback Ranch,135,San Diego Padres,SD,3.0,False,119,Los Angeles Dodgers,LAD,4.0,True,True
831902,2026-03-20,2026-03-21T01:05:00+00:00,2026-03-21 01:05 AM UTC,2026,Final,Final,Final,N,night,1.0,Spring Training,Sloan Park,113,Cincinnati Reds,CIN,8.0,True,112,Chicago Cubs,CHC,6.0,False,False
831796,2026-03-20,2026-03-21T01:10:00+00:00,2026-03-21 01:10 AM UTC,2026,Final,Final,Final,N,night,1.0,Spring Training,Salt River Fields at Talking Stick,158,Milwaukee Brewers,MIL,7.0,False,109,Arizona Diamondbacks,AZ,8.0,True,True
831864,2026-03-20,2026-03-21T01:10:00+00:00,2026-03-21 01:10 AM UTC,2026,Final,Final,Final,N,night,1.0,Spring Training,Peoria Stadium,115,Colorado Rockies,COL,9.0,True,135,San Diego Padres,SD,3.0,False,False
831931,2026-03-20,2026-03-21T01:10:00+00:00,2026-03-21 01:10 AM UTC,2026,Final,Final,Final,N,night,1.0,Spring Training,Hohokam Stadium,112,Chicago Cubs,CHC,2.0,False,133,Athletics,ATH,6.0,True,True
831448,2026-03-21,2026-03-21T17:05:00+00:00,2026-03-21 05:05 PM UTC,2026,Final,Final,Final,N,day,1.0,Spring Training,CACTI Park of the Palm Beaches,121,New York Mets,NYM,1.0,False,120,Washington Nationals,WSH,3.0,True,True
831449,2026-03-21,2026-03-21T17:05:00+00:00,2026-03-21 05:05 PM UTC,2026,Final,Final,Final,N,day,1.0,Spring Training,Roger Dean Chevrolet Stadium,146,Miami Marlins,MIA,4.0,False,138,St. Louis Cardinals,STL,7.0,True,True
831499,2026-03-21,2026-03-21T17:05:00+00:00,2026-03-21 05:05 PM UTC,2026,Final,Final,Final,N,day,1.0,Spring Training,Ed Smith Stadium,143,Philadelphia Phillies,PHI,8.0,False,110,Baltimore Orioles,BAL,10.0,True,True
831502,2026-03-21,2026-03-21T17:05:00+00:00,2026-03-21 05:05 PM UTC,2026,Final,Final,Final,N,day,1.0,Spring Training,JetBlue Park,144,Atlanta Braves,ATL,6.0,True,111,Boston Red Sox,BOS,1.0,False,False
831553,2026-03-21,2026-03-21T17:05:00+00:00,2026-03-21 05:05 PM UTC,2026,Final,Final,Final,N,day,1.0,Spring Training,LECOM Park,141,Toronto Blue Jays,TOR,3.0,False,134,Pittsburgh Pirates,PIT,8.0,True,True
831599,2026-03-21,2026-03-21T17:05:00+00:00,2026-03-21 05:05 PM UTC,2026,Final,Final,Final,N,day,1.0,Spring Training,Charlotte Sports Park,142,Minnesota Twins,MIN,2.0,False,139,Tampa Bay Rays,TB,3.0,True,True
831601,2026-03-21,2026-03-21T17:05:00+00:00,2026-03-21 05:05 PM UTC,2026,Final,Final,Final,N,day,1.0,Spring Training,Publix Field at Joker Marchant Stadium,147,New York Yankees,NYY,1.0,False,116,Detroit Tigers,DET,3.0,True,True
831549,2026-03-21,2026-03-21T17:10:00+00:00,2026-03-21 05:10 PM UTC,2026,Final,Final,Final,N,day,1.0,Spring Training,Clover Park,117,Houston Astros,HOU,7.0,True,121,New York Mets,NYM,5.0,False,False
831937,2026-03-21,2026-03-21T18:05:00+00:00,2026-03-21 06:05 PM UTC,2026,Final,Final,Final,N,day,1.0,Spring Training,Camelback Ranch,133,Athletics,ATH,5.0,,119,Los Angeles Dodgers,LAD,5.0,,
831868,2026-03-21,2026-03-21T19:05:00+00:00,2026-03-21 07:05 PM UTC,2026,Final,Final,Final,N,day,1.0,Spring Training,Surprise Stadium,115,Colorado Rockies,COL,5.0,False,118,Kansas City Royals,KC,6.0,True,True
831873,2026-03-21,2026-03-21T19:05:00+00:00,2026-03-21 07:05 PM UTC,2026,Final,Final,Final,N,day,1.0,Spring Training,Scottsdale Stadium,114,Cleveland Guardians,CLE,7.0,False,137,San Francisco Giants,SF,10.0,True,True
831734,2026-03-21,2026-03-21T20:10:00+00:00,2026-03-21 08:10 PM UTC,2026,Final,Final,Final,N,day,1.0,Spring Training,Salt River Fields at Talking Stick,140,Texas Rangers,TEX,2.0,False,109,Arizona Diamondbacks,AZ,5.0,True,True
831767,2026-03-21,2026-03-21T20:10:00+00:00,2026-03-21 08:10 PM UTC,2026,Final,Final,Final,N,day,1.0,Spring Training,American Family Fields of Phoenix,135,San Diego Padres,SD,1.0,False,158,Milwaukee Brewers,MIL,6.0,True,True
831916,2026-03-21,2026-03-22T01:05:00+00:00,2026-03-22 01:05 AM UTC,2026,Final,Final,Final,N,night,1.0,Spring Training,Goodyear Ballpark,145,Chicago White Sox,CWS,7.0,False,113,Cincinnati Reds,CIN,11.0,True,True
831923,2026-03-21,2026-03-22T01:10:00+00:00,2026-03-22 01:10 AM UTC,2026,Final,Final,Final,N,night,1.0,Spring Training,Peoria Stadium,112,Chicago Cubs,CHC,7.0,True,136,Seattle Mariners,SEA,1.0,False,False
831496,2026-03-22,2026-03-22T16:05:00+00:00,2026-03-22 04:05 PM UTC,2026,Final,Final,Final,N,day,1.0,Spring Training,CACTI Park of the Palm Beaches,138,St. Louis Cardinals,STL,3.0,True,117,Houston Astros,HOU,2.0,False,False
831492,2026-03-22,2026-03-22T17:05:00+00:00,2026-03-22 05:05 PM UTC,2026,Final,Final,Final,N,day,1.0,Spring Training,Lee Health Sports Complex,144,Atlanta Braves,ATL,3.0,False,142,Minnesota Twins,MIN,7.0,True,True
831493,2026-03-22,2026-03-22T17:05:00+00:00,2026-03-22 05:05 PM UTC,2026,Final,Final,Final,N,day,1.0,Spring Training,George M. Steinbrenner Field,143,Philadelphia Phillies,PHI,2.0,False,147,New York Yankees,NYY,6.0,True,True
831552,2026-03-22,2026-03-22T17:05:00+00:00,2026-03-22 05:05 PM UTC,2026,Final,Final,Final,N,day,1.0,Spring Training,LECOM Park,111,Boston Red Sox,BOS,6.0,True,134,Pittsburgh Pirates,PIT,3.0,False,False
831592,2026-03-22,2026-03-22T17:07:00+00:00,2026-03-22 05:07 PM UTC,2026,Final,Final,Final,N,day,1.0,Spring Training,TD Ballpark,139,Tampa Bay Rays,TB,1.0,False,141,Toronto Blue Jays,TOR,14.0,True,True
831446,2026-03-22,2026-03-22T17:10:00+00:00,2026-03-22 05:10 PM UTC,2026,Final,Final,Final,N,day,1.0,Spring Training,Roger Dean Chevrolet Stadium,121,New York Mets,NYM,3.0,False,146,Miami Marlins,MIA,4.0,True,True
831503,2026-03-22,2026-03-22T17:35:00+00:00,2026-03-22 05:35 PM UTC,2026,Final,Final,Final,N,day,1.0,Spring Training,Oriole Park at Camden Yards,120,Washington Nationals,WSH,1.0,False,110,Baltimore Orioles,BAL,8.0,True,True
831789,2026-03-22,2026-03-22T19:05:00+00:00,2026-03-22 07:05 PM UTC,2026,Final,Final,Final,N,day,1.0,Spring Training,Sloan Park,158,Milwaukee Brewers,MIL,0.0,False,112,Chicago Cubs,CHC,12.0,True,True
831896,2026-03-22,2026-03-22T19:05:00+00:00,2026-03-22 07:05 PM UTC,2026,Final,Final,Final,N,day,1.0,Spring Training,Goodyear Ballpark,113,Cincinnati Reds,CIN,2.0,False,114,Cleveland Guardians,CLE,8.0,True,True
831945,2026-03-22,2026-03-22T20:10:00+00:00,2026-03-22 08:10 PM UTC,2026,Final,Final,Final,N,day,1.0,Spring Training,Salt River Fields at Talking Stick,133,Athletics,ATH,5.0,False,115,Colorado Rockies,COL,6.0,True,True
831752,2026-03-22,2026-03-23T00:07:00+00:00,2026-03-23 12:07 AM UTC,2026,Final,Final,Final,N,night,,Exhibition Game,Sutter Health Park,137,San Francisco Giants,SF,1.0,False,105,Sacramento River Cats,SAC,2.0,True,True
831746,2026-03-22,2026-03-23T01:05:00+00:00,2026-03-23 01:05 AM UTC,2026,Final,Final,Final,N,night,1.0,Spring Training,Camelback Ranch,136,Seattle Mariners,SEA,4.0,True,145,Chicago White Sox,CWS,2.0,False,False
831804,2026-03-22,2026-03-23T01:07:00+00:00,2026-03-23 01:07 AM UTC,2026,Final,Final,Final,N,night,1.0,Spring Training,Angel Stadium,119,Los Angeles Dodgers,LAD,13.0,True,108,Los Angeles Angels,LAA,5.0,False,False
831947,2026-03-22,2026-03-23T01:10:00+00:00,2026-03-23 01:10 AM UTC,2026,Final,Final,Final,N,night,1.0,Spring Training,Peoria Stadium,109,Arizona Diamondbacks,AZ,11.0,True,135,San Diego Padres,SD,1.0,False,False
831547,2026-03-23,2026-03-23T16:05:00+00:00,2026-03-23 04:05 PM UTC,2026,Final,Final,Final,N,day,1.0,Spring Training,BayCare Ballpark,139,Tampa Bay Rays,TB,7.0,True,143,Philadelphia Phillies,PHI,0.0,False,False
831447,2026-03-23,2026-03-23T17:05:00+00:00,2026-03-23 05:05 PM UTC,2026,Final,Final,Final,N,day,1.0,Spring Training,LECOM Park,144,Atlanta Braves,ATL,5.0,True,134,Pittsburgh Pirates,PIT,2.0,False,False
831546,2026-03-23,2026-03-23T17:05:00+00:00,2026-03-23 05:05 PM UTC,2026,Final,Final,Final,N,day,2.0,Spring Training,Nationals Park,110,Baltimore Orioles,BAL,2.0,True,120,Washington Nationals,WSH,0.0,False,False
832036,2026-03-23,2026-03-23T17:05:00+00:00,2026-03-23 05:05 PM UTC,2026,Final,Final,Final,N,day,1.0,Spring Training,JetBlue Park,142,Minnesota Twins,MIN,9.0,True,111,Boston Red Sox,BOS,6.0,False,False
831915,2026-03-23,2026-03-23T18:05:00+00:00,2026-03-23 06:05 PM UTC,2026,Final,Final,Final,N,day,1.0,Spring Training,Hohokam Stadium,145,Chicago White Sox,CWS,9.0,False,133,Athletics,ATH,10.0,True,True
831780,2026-03-23,2026-03-23T19:05:00+00:00,2026-03-23 07:05 PM UTC,2026,Final,Final,Final,N,day,1.0,Spring Training,Sloan Park,147,New York Yankees,NYY,6.0,False,112,Chicago Cubs,CHC,15.0,True,True
831735,2026-03-23,2026-03-23T19:10:00+00:00,2026-03-23 07:10 PM UTC,2026,Final,Final,Final,N,day,1.0,Spring Training,Peoria Stadium,136,Seattle Mariners,SEA,3.0,False,135,San Diego Padres,SD,10.0,True,True
831442,2026-03-23,2026-03-23T23:05:00+00:00,2026-03-23 11:05 PM UTC,2026,Final,Final,Final,N,night,,Exhibition Game,Hammons Field,138,St. Louis Cardinals,STL,3.0,True,440,Springfield Cardinals,SPR,2.0,False,False
832078,2026-03-23,2026-03-23T23:40:00+00:00,2026-03-23 11:40 PM UTC,2026,Final,Final,Final,N,night,1.0,Spring Training,American Family Field,113,Cincinnati Reds,CIN,1.0,False,158,Milwaukee Brewers,MIL,9.0,True,True
831838,2026-03-23,2026-03-24T00:05:00+00:00,2026-03-24 12:05 AM UTC,2026,Final,Final,Final,N,night,1.0,Spring Training,Globe Life Field,118,Kansas City Royals,KC,2.0,False,140,Texas Rangers,TEX,3.0,True,True
831443,2026-03-23,2026-03-24T00:10:00+00:00,2026-03-24 12:10 AM UTC,2026,Final,Completed Early,Final,N,night,,Exhibition Game,Daikin Park,5434,Sugar Land Space Cowboys,SUG,1.0,False,117,Houston Astros,HOU,9.0,True,True
831821,2026-03-23,2026-03-24T01:10:00+00:00,2026-03-24 01:10 AM UTC,2026,Final,Final,Final,N,night,2.0,Spring Training,UNIQLO Field at Dodger Stadium,108,Los Angeles Angels,LAA,7.0,,119,Los Angeles Dodgers,LAD,7.0,,
831857,2026-03-23,2026-03-24T01:10:00+00:00,2026-03-24 01:10 AM UTC,2026,Final,Final,Final,N,night,1.0,Spring Training,Salt River Fields at Talking Stick,116,Detroit Tigers,DET,5.0,False,115,Colorado Rockies,COL,6.0,True,True
831885,2026-03-23,2026-03-24T01:40:00+00:00,2026-03-24 01:40 AM UTC,2026,Final,Final,Final,N,night,1.0,Spring Training,Chase Field,114,Cleveland Guardians,CLE,7.0,True,109,Arizona Diamondbacks,AZ,0.0,False,False
831786,2026-03-23,2026-03-24T01:45:00+00:00,2026-03-24 01:45 AM UTC,2026,Final,Final,Final,N,night,1.0,Exhibition Game,Oracle Park,562,Sultanes de Monterrey,MTY,2.0,False,137,San Francisco Giants,SF,10.0,True,True
831545,2026-03-24,2026-03-24T16:05:00+00:00,2026-03-24 04:05 PM UTC,2026,Final,Final,Final,N,day,1.0,Spring Training,CoolToday Park,139,Tampa Bay Rays,TB,2.0,False,144,Atlanta Braves,ATL,3.0,True,True
832037,2026-03-24,2026-03-24T17:05:00+00:00,2026-03-24 05:05 PM UTC,2026,Final,Final,Final,N,day,2.0,Spring Training,Lee Health Sports Complex,111,Boston Red Sox,BOS,6.0,False,142,Minnesota Twins,MIN,15.0,True,True
831837,2026-03-24,2026-03-24T18:05:00+00:00,2026-03-24 06:05 PM UTC,2026,Final,Final,Final,N,day,2.0,Spring Training,Globe Life Field,118,Kansas City Royals,KC,1.0,False,140,Texas Rangers,TEX,4.0,True,True
831779,2026-03-24,2026-03-24T19:05:00+00:00,2026-03-24 07:05 PM UTC,2026,Final,Final,Final,N,day,2.0,Spring Training,Sloan Park,147,New York Yankees,NYY,8.0,True,112,Chicago Cubs,CHC,3.0,False,False
831856,2026-03-24,2026-03-24T19:10:00+00:00,2026-03-24 07:10 PM UTC,2026,Final,Final,Final,N,day,2.0,Spring Training,Salt River Fields at Talking Stick,116,Detroit Tigers,DET,11.0,True,115,Colorado Rockies,COL,8.0,False,False
831887,2026-03-24,2026-03-24T19:40:00+00:00,2026-03-24 07:40 PM UTC,2026,Final,Final,Final,N,day,2.0,Spring Training,Chase Field,114,Cleveland Guardians,CLE,10.0,True,109,Arizona Diamondbacks,AZ,5.0,False,False
832077,2026-03-24,2026-03-24T21:10:00+00:00,2026-03-24 09:10 PM UTC,2026,Final,Final,Final,N,day,2.0,Spring Training,American Family Field,113,Cincinnati Reds,CIN,1.0,False,158,Milwaukee Brewers,MIL,4.0,True,True
831441,2026-03-24,2026-03-25T00:10:00+00:00,2026-03-25 12:10 AM UTC,2026,Final,Final,Final,N,night,,Exhibition Game,Daikin Park,5434,Sugar Land Space Cowboys,SUG,5.0,False,117,Houston Astros,HOU,6.0,True,True
831820,2026-03-24,2026-03-25T00:10:00+00:00,2026-03-25 12:10 AM UTC,2026,Final,Final,Final,N,night,3.0,Spring Training,UNIQLO Field at Dodger Stadium,108,Los Angeles Angels,LAA,3.0,True,119,Los Angeles Dodgers,LAD,0.0,False,False
831782,2026-03-24,2026-03-25T01:45:00+00:00,2026-03-25 01:45 AM UTC,2026,Final,Final,Final,N,night,2.0,Exhibition Game,Oracle Park,562,Sultanes de Monterrey,MTY,2.0,False,137,San Francisco Giants,SF,8.0,True,True
823244,2026-03-25,2026-03-26T00:05:00+00:00,2026-03-26 12:05 AM UTC,2026,Final,Final,Final,N,night,1.0,Regular Season,Oracle Park,147,New York Yankees,NYY,7.0,True,137,San Francisco Giants,SF,0.0,False,False
823649,2026-03-26,2026-03-26T17:15:00+00:00,2026-03-26 05:15 PM UTC,2026,Final,Final,Final,N,day,1.0,Regular Season,Citi Field,134,Pittsburgh Pirates,PIT,7.0,False,121,New York Mets,NYM,11.0,True,True
823812,2026-03-26,2026-03-26T18:10:00+00:00,2026-03-26 06:10 PM UTC,2026,Final,Final,Final,N,day,1.0,Regular Season,American Family Field,145,Chicago White Sox,CWS,2.0,False,158,Milwaukee Brewers,MIL,14.0,True,True
824704,2026-03-26,2026-03-26T18:20:00+00:00,2026-03-26 06:20 PM UTC,2026,Final,Final,Final,N,day,1.0,Regular Season,Wrigley Field,120,Washington Nationals,WSH,10.0,True,112,Chicago Cubs,CHC,4.0,False,False
824865,2026-03-26,2026-03-26T19:05:00+00:00,2026-03-26 07:05 PM UTC,2026,Final,Final,Final,N,day,1.0,Regular Season,Oriole Park at Camden Yards,142,Minnesota Twins,MIN,1.0,False,110,Baltimore Orioles,BAL,2.0,True,True
823325,2026-03-26,2026-03-26T20:10:00+00:00,2026-03-26 08:10 PM UTC,2026,Final,Final,Final,N,day,1.0,Regular Season,Petco Park,116,Detroit Tigers,DET,8.0,True,135,San Diego Padres,SD,2.0,False,False
824218,2026-03-26,2026-03-26T20:10:00+00:00,2026-03-26 08:10 PM UTC,2026,Final,Final,Final,N,day,1.0,Regular Season,Daikin Park,108,Los Angeles Angels,LAA,3.0,True,117,Houston Astros,HOU,0.0,False,False
824541,2026-03-26,2026-03-26T20:10:00+00:00,2026-03-26 08:10 PM UTC,2026,Final,Final,Final,N,day,1.0,Regular Season,Great American Ball Park,111,Boston Red Sox,BOS,3.0,True,113,Cincinnati Reds,CIN,0.0,False,False
823081,2026-03-26,2026-03-26T20:15:00+00:00,2026-03-26 08:15 PM UTC,2026,Final,Final,Final,N,day,1.0,Regular Season,Busch Stadium,139,Tampa Bay Rays,TB,7.0,False,138,St. Louis Cardinals,STL,9.0,True,True
823486,2026-03-26,2026-03-26T20:15:00+00:00,2026-03-26 08:15 PM UTC,2026,Final,Final,Final,N,day,1.0,Regular Season,Citizens Bank Park,140,Texas Rangers,TEX,3.0,False,143,Philadelphia Phillies,PHI,5.0,True,True
823974,2026-03-26,2026-03-27T00:30:00+00:00,2026-03-27 12:30 AM UTC,2026,Final,Final,Final,N,night,1.0,Regular Season,UNIQLO Field at Dodger Stadium,109,Arizona Diamondbacks,AZ,2.0,False,119,Los Angeles Dodgers,LAD,8.0,True,True
823163,2026-03-26,2026-03-27T02:10:00+00:00,2026-03-27 02:10 AM UTC,2026,Final,Final,Final,N,night,1.0,Regular Season,T-Mobile Park,114,Cleveland Guardians,CLE,6.0,True,136,Seattle Mariners,SEA,4.0,False,False
823243,2026-03-27,2026-03-27T20:35:00+00:00,2026-03-27 08:35 PM UTC,2026,Final,Final,Final,N,day,2.0,Regular Season,Oracle Park,147,New York Yankees,NYY,3.0,True,137,San Francisco Giants,SF,0.0,False,False
822839,2026-03-27,2026-03-27T23:07:00+00:00,2026-03-27 11:07 PM UTC,2026,Final,Final,Final,N,night,1.0,Regular Season,Rogers Centre,133,Athletics,ATH,2.0,False,141,Toronto Blue Jays,TOR,3.0,True,True
823893,2026-03-27,2026-03-27T23:10:00+00:00,2026-03-27 11:10 PM UTC,2026,Final,Final,Final,N,night,1.0,Regular Season,loanDepot park,115,Colorado Rockies,COL,1.0,False,146,Miami Marlins,MIA,2.0,True,True
824946,2026-03-27,2026-03-27T23:15:00+00:00,2026-03-27 11:15 PM UTC,2026,Final,Final,Final,N,night,1.0,Regular Season,Truist Park,118,Kansas City Royals,KC,0.0,False,144,Atlanta Braves,ATL,6.0,True,True
824216,2026-03-27,2026-03-28T00:15:00+00:00,2026-03-28 12:15 AM UTC,2026,Final,Final,Final,N,night,2.0,Regular Season,Daikin Park,108,Los Angeles Angels,LAA,6.0,True,117,Houston Astros,HOU,2.0,False,False
823324,2026-03-27,2026-03-28T01:40:00+00:00,2026-03-28 01:40 AM UTC,2026,Final,Final,Final,N,night,2.0,Regular Season,Petco Park,116,Detroit Tigers,DET,5.0,True,135,San Diego Padres,SD,2.0,False,False
823162,2026-03-27,2026-03-28T01:45:00+00:00,2026-03-28 01:45 AM UTC,2026,Final,Final,Final,N,night,2.0,Regular Season,T-Mobile Park,114,Cleveland Guardians,CLE,1.0,False,136,Seattle Mariners,SEA,5.0,True,True
823971,2026-03-27,2026-03-28T02:10:00+00:00,2026-03-28 02:10 AM UTC,2026,Final,Final,Final,N,night,2.0,Regular Season,UNIQLO Field at Dodger Stadium,109,Arizona Diamondbacks,AZ,4.0,False,119,Los Angeles Dodgers,LAD,5.0,True,True
823082,2026-03-28,2026-03-28T18:15:00+00:00,2026-03-28 06:15 PM UTC,2026,Final,Final,Final,N,day,2.0,Regular Season,Busch Stadium,139,Tampa Bay Rays,TB,5.0,False,138,St. Louis Cardinals,STL,6.0,True,True
824701,2026-03-28,2026-03-28T18:20:00+00:00,2026-03-28 06:20 PM UTC,2026,Final,Final,Final,N,day,2.0,Regular Season,Wrigley Field,120,Washington Nationals,WSH,2.0,False,112,Chicago Cubs,CHC,10.0,True,True
822838,2026-03-28,2026-03-28T19:07:00+00:00,2026-03-28 07:07 PM UTC,2026,Final,Final,Final,N,day,2.0,Regular Season,Rogers Centre,133,Athletics,ATH,7.0,False,141,Toronto Blue Jays,TOR,8.0,True,True
823488,2026-03-28,2026-03-28T20:05:00+00:00,2026-03-28 08:05 PM UTC,2026,Final,Final,Final,N,day,2.0,Regular Season,Citizens Bank Park,140,Texas Rangers,TEX,5.0,True,143,Philadelphia Phillies,PHI,4.0,False,False
824862,2026-03-28,2026-03-28T20:05:00+00:00,2026-03-28 08:05 PM UTC,2026,Final,Final,Final,N,day,2.0,Regular Season,Oriole Park at Camden Yards,142,Minnesota Twins,MIN,4.0,True,110,Baltimore Orioles,BAL,1.0,False,False
823651,2026-03-28,2026-03-28T20:10:00+00:00,2026-03-28 08:10 PM UTC,2026,Final,Final,Final,N,day,2.0,Regular Season,Citi Field,134,Pittsburgh Pirates,PIT,2.0,False,121,New York Mets,NYM,4.0,True,True
823892,2026-03-28,2026-03-28T20:10:00+00:00,2026-03-28 08:10 PM UTC,2026,Final,Final,Final,N,day,2.0,Regular Season,loanDepot park,115,Colorado Rockies,COL,3.0,False,146,Miami Marlins,MIA,4.0,True,True
824540,2026-03-28,2026-03-28T20:10:00+00:00,2026-03-28 08:10 PM UTC,2026,Final,Final,Final,N,day,2.0,Regular Season,Great American Ball Park,111,Boston Red Sox,BOS,5.0,False,113,Cincinnati Reds,CIN,6.0,True,True
823811,2026-03-28,2026-03-28T23:10:00+00:00,2026-03-28 11:10 PM UTC,2026,Final,Final,Final,N,night,2.0,Regular Season,American Family Field,145,Chicago White Sox,CWS,1.0,False,158,Milwaukee Brewers,MIL,6.0,True,True
824213,2026-03-28,2026-03-28T23:10:00+00:00,2026-03-28 11:10 PM UTC,2026,Final,Final,Final,N,night,3.0,Regular Season,Daikin Park,108,Los Angeles Angels,LAA,9.0,False,117,Houston Astros,HOU,11.0,True,True
823241,2026-03-28,2026-03-28T23:15:00+00:00,2026-03-28 11:15 PM UTC,2026,Final,Final,Final,N,day,3.0,Regular Season,Oracle Park,147,New York Yankees,NYY,3.0,True,137,San Francisco Giants,SF,1.0,False,False
824945,2026-03-28,2026-03-28T23:15:00+00:00,2026-03-28 11:15 PM UTC,2026,Final,Final,Final,N,night,2.0,Regular Season,Truist Park,118,Kansas City Royals,KC,2.0,False,144,Atlanta Braves,ATL,6.0,True,True
823323,2026-03-28,2026-03-29T00:40:00+00:00,2026-03-29 12:40 AM UTC,2026,Final,Final,Final,N,night,3.0,Regular Season,Petco Park,116,Detroit Tigers,DET,0.0,False,135,San Diego Padres,SD,3.0,True,True
823973,2026-03-28,2026-03-29T01:10:00+00:00,2026-03-29 01:10 AM UTC,2026,Final,Final,Final,N,night,3.0,Regular Season,UNIQLO Field at Dodger Stadium,109,Arizona Diamondbacks,AZ,2.0,False,119,Los Angeles Dodgers,LAD,3.0,True,True
823161,2026-03-28,2026-03-29T01:40:00+00:00,2026-03-29 01:40 AM UTC,2026,Final,Final,Final,N,night,3.0,Regular Season,T-Mobile Park,114,Cleveland Guardians,CLE,6.0,True,136,Seattle Mariners,SEA,5.0,False,False
823487,2026-03-29,2026-03-29T17:35:00+00:00,2026-03-29 05:35 PM UTC,2026,Final,Final,Final,N,day,3.0,Regular Season,Citizens Bank Park,140,Texas Rangers,TEX,8.0,True,143,Philadelphia Phillies,PHI,3.0,False,False
824864,2026-03-29,2026-03-29T17:35:00+00:00,2026-03-29 05:35 PM UTC,2026,Final,Final,Final,N,day,3.0,Regular Season,Oriole Park at Camden Yards,142,Minnesota Twins,MIN,6.0,False,110,Baltimore Orioles,BAL,8.0,True,True
824944,2026-03-29,2026-03-29T17:35:00+00:00,2026-03-29 05:35 PM UTC,2026,Final,Final,Final,N,day,3.0,Regular Season,Truist Park,118,Kansas City Royals,KC,4.0,True,144,Atlanta Braves,ATL,1.0,False,False
822837,2026-03-29,2026-03-29T17:37:00+00:00,2026-03-29 05:37 PM UTC,2026,Final,Final,Final,N,day,3.0,Regular Season,Rogers Centre,133,Athletics,ATH,2.0,False,141,Toronto Blue Jays,TOR,5.0,True,True
823647,2026-03-29,2026-03-29T17:40:00+00:00,2026-03-29 05:40 PM UTC,2026,Final,Final,Final,N,day,3.0,Regular Season,Citi Field,134,Pittsburgh Pirates,PIT,4.0,True,121,New York Mets,NYM,3.0,False,False
823891,2026-03-29,2026-03-29T17:40:00+00:00,2026-03-29 05:40 PM UTC,2026,Final,Final,Final,N,day,3.0,Regular Season,loanDepot park,115,Colorado Rockies,COL,3.0,False,146,Miami Marlins,MIA,4.0,True,True
824538,2026-03-29,2026-03-29T17:40:00+00:00,2026-03-29 05:40 PM UTC,2026,Final,Final,Final,N,day,3.0,Regular Season,Great American Ball Park,111,Boston Red Sox,BOS,2.0,False,113,Cincinnati Reds,CIN,3.0,True,True
823810,2026-03-29,2026-03-29T18:10:00+00:00,2026-03-29 06:10 PM UTC,2026,Final,Final,Final,N,day,3.0,Regular Season,American Family Field,145,Chicago White Sox,CWS,7.0,False,158,Milwaukee Brewers,MIL,9.0,True,True
824215,2026-03-29,2026-03-29T18:10:00+00:00,2026-03-29 06:10 PM UTC,2026,Final,Final,Final,N,day,4.0,Regular Season,Daikin Park,108,Los Angeles Angels,LAA,7.0,False,117,Houston Astros,HOU,9.0,True,True
823079,2026-03-29,2026-03-29T18:15:00+00:00,2026-03-29 06:15 PM UTC,2026,Final,Final,Final,N,day,3.0,Regular Season,Busch Stadium,139,Tampa Bay Rays,TB,11.0,True,138,St. Louis Cardinals,STL,7.0,False,False
824700,2026-03-29,2026-03-29T18:20:00+00:00,2026-03-29 06:20 PM UTC,2026,Final,Final,Final,N,day,3.0,Regular Season,Wrigley Field,120,Washington Nationals,WSH,6.0,True,112,Chicago Cubs,CHC,3.0,False,False
823160,2026-03-29,2026-03-29T23:20:00+00:00,2026-03-29 11:20 PM UTC,2026,Final,Final,Final,N,day,4.0,Regular Season,T-Mobile Park,114,Cleveland Guardians,CLE,0.0,False,136,Seattle Mariners,SEA,8.0,True,True
824135,2026-03-30,2026-03-30T20:10:00+00:00,2026-03-30 08:10 PM UTC,2026,Final,Final,Final,N,day,1.0,Regular Season,Kauffman Stadium,142,Minnesota Twins,MIN,1.0,False,118,Kansas City Royals,KC,3.0,True,True
824863,2026-03-30,2026-03-30T22:35:00+00:00,2026-03-30 10:35 PM UTC,2026,Final,Final,Final,N,night,1.0,Regular Season,Oriole Park at Camden Yards,140,Texas Rangers,TEX,5.0,True,110,Baltimore Orioles,BAL,2.0,False,False
823484,2026-03-30,2026-03-30T22:40:00+00:00,2026-03-30 10:40 PM UTC,2026,Final,Final,Final,N,night,1.0,Regular Season,Citizens Bank Park,120,Washington Nationals,WSH,13.0,True,143,Philadelphia Phillies,PHI,2.0,False,False
823890,2026-03-30,2026-03-30T22:40:00+00:00,2026-03-30 10:40 PM UTC,2026,Final,Final,Final,N,night,1.0,Regular Season,loanDepot park,145,Chicago White Sox,CWS,9.0,True,146,Miami Marlins,MIA,4.0,False,False
824539,2026-03-30,2026-03-30T22:40:00+00:00,2026-03-30 10:40 PM UTC,2026,Final,Final,Final,N,night,1.0,Regular Season,Great American Ball Park,134,Pittsburgh Pirates,PIT,0.0,False,113,Cincinnati Reds,CIN,2.0,True,True
822834,2026-03-30,2026-03-30T23:07:00+00:00,2026-03-30 11:07 PM UTC,2026,Final,Final,Final,N,night,1.0,Regular Season,Rogers Centre,115,Colorado Rockies,COL,14.0,True,141,Toronto Blue Jays,TOR,5.0,False,False
824943,2026-03-30,2026-03-30T23:15:00+00:00,2026-03-30 11:15 PM UTC,2026,Final,Final,Final,N,night,1.0,Regular Season,Truist Park,133,Athletics,ATH,0.0,False,144,Atlanta Braves,ATL,4.0,True,True
823809,2026-03-30,2026-03-30T23:40:00+00:00,2026-03-30 11:40 PM UTC,2026,Final,Final,Final,N,night,1.0,Regular Season,American Family Field,139,Tampa Bay Rays,TB,3.0,True,158,Milwaukee Brewers,MIL,2.0,False,False
824702,2026-03-30,2026-03-30T23:40:00+00:00,2026-03-30 11:40 PM UTC,2026,Final,Final,Final,N,night,1.0,Regular Season,Wrigley Field,108,Los Angeles Angels,LAA,2.0,False,112,Chicago Cubs,CHC,7.0,True,True
823080,2026-03-30,2026-03-30T23:45:00+00:00,2026-03-30 11:45 PM UTC,2026,Final,Final,Final,N,night,1.0,Regular Season,Busch Stadium,121,New York Mets,NYM,4.0,True,138,St. Louis Cardinals,STL,2.0,False,False
824214,2026-03-30,2026-03-31T00:10:00+00:00,2026-03-31 12:10 AM UTC,2026,Final,Final,Final,N,night,1.0,Regular Season,Daikin Park,111,Boston Red Sox,BOS,1.0,False,117,Houston Astros,HOU,8.0,True,True
823159,2026-03-30,2026-03-31T01:40:00+00:00,2026-03-31 01:40 AM UTC,2026,Final,Final,Final,N,night,1.0,Regular Season,T-Mobile Park,147,New York Yankees,NYY,1.0,False,136,Seattle Mariners,SEA,2.0,True,True
823320,2026-03-30,2026-03-31T01:40:00+00:00,2026-03-31 01:40 AM UTC,2026,Final,Final,Final,N,night,1.0,Regular Season,Petco Park,137,San Francisco Giants,SF,3.0,True,135,San Diego Padres,SD,2.0,False,False
823972,2026-03-30,2026-03-31T02:10:00+00:00,2026-03-31 02:10 AM UTC,2026,Final,Final,Final,N,night,1.0,Regular Season,UNIQLO Field at Dodger Stadium,114,Cleveland Guardians,CLE,4.0,True,119,Los Angeles Dodgers,LAD,2.0,False,False
825108,2026-03-30,2026-03-31T02:10:00+00:00,2026-03-31 02:10 AM UTC,2026,Final,Final,Final,N,night,1.0,Regular Season,Chase Field,116,Detroit Tigers,DET,6.0,False,109,Arizona Diamondbacks,AZ,9.0,True,True
824861,2026-03-31,2026-03-31T22:35:00+00:00,2026-03-31 10:35 PM UTC,2026,Final,Final,Final,N,night,2.0,Regular Season,Oriole Park at Camden Yards,140,Texas Rangers,TEX,8.0,True,110,Baltimore Orioles,BAL,5.0,False,False
823485,2026-03-31,2026-03-31T22:40:00+00:00,2026-03-31 10:40 PM UTC,2026,Final,Final,Final,N,night,2.0,Regular Season,Citizens Bank Park,120,Washington Nationals,WSH,2.0,False,143,Philadelphia Phillies,PHI,3.0,True,True
823888,2026-03-31,2026-03-31T22:40:00+00:00,2026-03-31 10:40 PM UTC,2026,Final,Final,Final,N,night,2.0,Regular Season,loanDepot park,145,Chicago White Sox,CWS,2.0,False,146,Miami Marlins,MIA,9.0,True,True
824537,2026-03-31,2026-03-31T22:40:00+00:00,2026-03-31 10:40 PM UTC,2026,Final,Final,Final,N,night,2.0,Regular Season,Great American Ball Park,134,Pittsburgh Pirates,PIT,8.0,True,113,Cincinnati Reds,CIN,3.0,False,False
822836,2026-03-31,2026-03-31T23:07:00+00:00,2026-03-31 11:07 PM UTC,2026,Final,Final,Final,N,night,2.0,Regular Season,Rogers Centre,115,Colorado Rockies,COL,1.0,False,141,Toronto Blue Jays,TOR,5.0,True,True
824942,2026-03-31,2026-03-31T23:15:00+00:00,2026-03-31 11:15 PM UTC,2026,Final,Final,Final,N,night,2.0,Regular Season,Truist Park,133,Athletics,ATH,5.0,True,144,Atlanta Braves,ATL,2.0,False,False
823807,2026-03-31,2026-03-31T23:40:00+00:00,2026-03-31 11:40 PM UTC,2026,Final,Final,Final,N,night,2.0,Regular Season,American Family Field,139,Tampa Bay Rays,TB,2.0,False,158,Milwaukee Brewers,MIL,6.0,True,True
824699,2026-03-31,2026-03-31T23:40:00+00:00,2026-03-31 11:40 PM UTC,2026,Final,Final,Final,N,night,2.0,Regular Season,Wrigley Field,108,Los Angeles Angels,LAA,2.0,True,112,Chicago Cubs,CHC,0.0,False,False
823077,2026-03-31,2026-03-31T23:45:00+00:00,2026-03-31 11:45 PM UTC,2026,Final,Final,Final,N,night,2.0,Regular Season,Busch Stadium,121,New York Mets,NYM,0.0,False,138,St. Louis Cardinals,STL,3.0,True,True
824212,2026-03-31,2026-04-01T00:10:00+00:00,2026-04-01 12:10 AM UTC,2026,Final,Final,Final,N,night,2.0,Regular Season,Daikin Park,111,Boston Red Sox,BOS,2.0,False,117,Houston Astros,HOU,9.0,True,True
823158,2026-03-31,2026-04-01T01:40:00+00:00,2026-04-01 01:40 AM UTC,2026,Final,Final,Final,N,night,2.0,Regular Season,T-Mobile Park,147,New York Yankees,NYY,5.0,True,136,Seattle Mariners,SEA,0.0,False,False
823322,2026-03-31,2026-04-01T01:40:00+00:00,2026-04-01 01:40 AM UTC,2026,Final,Final,Final,N,night,2.0,Regular Season,Petco Park,137,San Francisco Giants,SF,9.0,True,135,San Diego Padres,SD,3.0,False,False
825107,2026-03-31,2026-04-01T01:40:00+00:00,2026-04-01 01:40 AM UTC,2026,Final,Final,Final,N,night,2.0,Regular Season,Chase Field,116,Detroit Tigers,DET,5.0,False,109,Arizona Diamondbacks,AZ,7.0,True,True
823969,2026-03-31,2026-04-01T02:10:00+00:00,2026-04-01 02:10 AM UTC,2026,Final,Final,Final,N,night,2.0,Regular Season,UNIQLO Field at Dodger Stadium,114,Cleveland Guardians,CLE,1.0,False,119,Los Angeles Dodgers,LAD,4.0,True,True
824940,2026-04-01,2026-04-01T16:15:00+00:00,2026-04-01 04:15 PM UTC,2026,Final,Final,Final,N,day,3.0,Regular Season,Truist Park,133,Athletics,ATH,1.0,False,144,Atlanta Braves,ATL,5.0,True,True
824860,2026-04-01,2026-04-01T16:35:00+00:00,2026-04-01 04:35 PM UTC,2026,Final,Final,Final,N,day,3.0,Regular Season,Oriole Park at Camden Yards,140,Texas Rangers,TEX,3.0,False,110,Baltimore Orioles,BAL,8.0,True,True
824536,2026-04-01,2026-04-01T16:40:00+00:00,2026-04-01 04:40 PM UTC,2026,Final,Final,Final,N,day,3.0,Regular Season,Great American Ball Park,134,Pittsburgh Pirates,PIT,8.0,True,113,Cincinnati Reds,CIN,3.0,False,False
823483,2026-04-01,2026-04-01T17:05:00+00:00,2026-04-01 05:05 PM UTC,2026,Final,Final,Final,N,day,3.0,Regular Season,Citizens Bank Park,120,Washington Nationals,WSH,5.0,False,143,Philadelphia Phillies,PHI,6.0,True,True
822835,2026-04-01,2026-04-01T17:07:00+00:00,2026-04-01 05:07 PM UTC,2026,Final,Final,Final,N,day,3.0,Regular Season,Rogers Centre,115,Colorado Rockies,COL,2.0,True,141,Toronto Blue Jays,TOR,1.0,False,False
823889,2026-04-01,2026-04-01T17:10:00+00:00,2026-04-01 05:10 PM UTC,2026,Final,Final,Final,N,day,3.0,Regular Season,loanDepot park,145,Chicago White Sox,CWS,0.0,False,146,Miami Marlins,MIA,10.0,True,True
823078,2026-04-01,2026-04-01T17:15:00+00:00,2026-04-01 05:15 PM UTC,2026,Final,Final,Final,N,day,3.0,Regular Season,Busch Stadium,121,New York Mets,NYM,1.0,False,138,St. Louis Cardinals,STL,2.0,True,True
823806,2026-04-01,2026-04-01T17:40:00+00:00,2026-04-01 05:40 PM UTC,2026,Final,Final,Final,N,day,3.0,Regular Season,American Family Field,139,Tampa Bay Rays,TB,2.0,False,158,Milwaukee Brewers,MIL,8.0,True,True
824211,2026-04-01,2026-04-01T18:10:00+00:00,2026-04-01 06:10 PM UTC,2026,Final,Final,Final,N,day,3.0,Regular Season,Daikin Park,111,Boston Red Sox,BOS,4.0,False,117,Houston Astros,HOU,6.0,True,True
824698,2026-04-01,2026-04-01T18:20:00+00:00,2026-04-01 06:20 PM UTC,2026,Final,Final,Final,N,day,3.0,Regular Season,Wrigley Field,108,Los Angeles Angels,LAA,2.0,False,112,Chicago Cubs,CHC,6.0,True,True
825106,2026-04-01,2026-04-01T19:40:00+00:00,2026-04-01 07:40 PM UTC,2026,Final,Final,Final,N,day,3.0,Regular Season,Chase Field,116,Detroit Tigers,DET,0.0,False,109,Arizona Diamondbacks,AZ,1.0,True,True
823157,2026-04-01,2026-04-01T20:10:00+00:00,2026-04-01 08:10 PM UTC,2026,Final,Final,Final,N,day,3.0,Regular Season,T-Mobile Park,147,New York Yankees,NYY,5.0,True,136,Seattle Mariners,SEA,3.0,False,False
823321,2026-04-01,2026-04-01T20:10:00+00:00,2026-04-01 08:10 PM UTC,2026,Final,Final,Final,N,day,3.0,Regular Season,Petco Park,137,San Francisco Giants,SF,1.0,False,135,San Diego Padres,SD,7.0,True,True
824136,2026-04-01,2026-04-01T23:40:00+00:00,2026-04-01 11:40 PM UTC,2026,Final,Final,Final,N,night,2.0,Regular Season,Kauffman Stadium,142,Minnesota Twins,MIN,9.0,False,118,Kansas City Royals,KC,13.0,True,True
823970,2026-04-01,2026-04-02T00:20:00+00:00,2026-04-02 12:20 AM UTC,2026,Final,Final,Final,N,night,3.0,Regular Season,UNIQLO Field at Dodger Stadium,114,Cleveland Guardians,CLE,4.0,True,119,Los Angeles Dodgers,LAD,1.0,False,False
824133,2026-04-02,2026-04-02T18:10:00+00:00,2026-04-02 06:10 PM UTC,2026,Final,Final,Final,N,day,3.0,Regular Season,Kauffman Stadium,142,Minnesota Twins,MIN,5.0,True,118,Kansas City Royals,KC,1.0,False,False
824621,2026-04-02,2026-04-02T20:10:00+00:00,2026-04-02 08:10 PM UTC,2026,Final,Postponed,Final,N,day,1.0,Regular Season,Rate Field,141,Toronto Blue Jays,TOR,,,145,Chicago White Sox,CWS,,,
825105,2026-04-02,2026-04-03T01:40:00+00:00,2026-04-03 01:40 AM UTC,2026,Final,Final,Final,N,night,1.0,Regular Season,Chase Field,144,Atlanta Braves,ATL,17.0,True,109,Arizona Diamondbacks,AZ,2.0,False,False
823242,2026-04-02,2026-04-03T01:45:00+00:00,2026-04-03 01:45 AM UTC,2026,Final,Final,Final,N,night,1.0,Regular Season,Oracle Park,121,New York Mets,NYM,2.0,False,137,San Francisco Giants,SF,7.0,True,True
822758,2026-04-03,2026-04-03T17:05:00+00:00,2026-04-03 05:05 PM UTC,2026,Final,Final,Final,N,day,1.0,Regular Season,Nationals Park,119,Los Angeles Dodgers,LAD,13.0,True,120,Washington Nationals,WSH,6.0,False,False
824299,2026-04-03,2026-04-03T17:10:00+00:00,2026-04-03 05:10 PM UTC,2026,Final,Final,Final,N,day,1.0,Regular Season,Comerica Park,138,St. Louis Cardinals,STL,0.0,False,116,Detroit Tigers,DET,4.0,True,True
823568,2026-04-03,2026-04-03T17:35:00+00:00,2026-04-03 05:35 PM UTC,2026,Final,Final,Final,N,day,1.0,Regular Season,Yankee Stadium,146,Miami Marlins,MIA,2.0,False,147,New York Yankees,NYY,8.0,True,True
824621,2026-04-03,2026-04-03T18:10:00+00:00,2026-04-03 06:10 PM UTC,2026,Final,Final,Final,N,day,1.0,Regular Season,Rate Field,141,Toronto Blue Jays,TOR,4.0,False,145,Chicago White Sox,CWS,5.0,True,True
824786,2026-04-03,2026-04-03T18:10:00+00:00,2026-04-03 06:10 PM UTC,2026,Final,Final,Final,N,day,1.0,Regular Season,Fenway Park,135,San Diego Padres,SD,2.0,False,111,Boston Red Sox,BOS,5.0,True,True
822919,2026-04-03,2026-04-03T20:05:00+00:00,2026-04-03 08:05 PM UTC,2026,Final,Final,Final,N,day,1.0,Regular Season,Globe Life Field,113,Cincinnati Reds,CIN,5.0,True,140,Texas Rangers,TEX,3.0,False,False
823732,2026-04-03,2026-04-03T20:10:00+00:00,2026-04-03 08:10 PM UTC,2026,Final,Final,Final,N,day,1.0,Regular Season,Target Field,139,Tampa Bay Rays,TB,4.0,False,142,Minnesota Twins,MIN,10.0,True,True
824377,2026-04-03,2026-04-03T20:10:00+00:00,2026-04-03 08:10 PM UTC,2026,Final,Final,Final,N,day,1.0,Regular Season,Coors Field,143,Philadelphia Phillies,PHI,10.0,True,115,Colorado Rockies,COL,1.0,False,False
824458,2026-04-03,2026-04-03T20:10:00+00:00,2026-04-03 08:10 PM UTC,2026,Final,Final,Final,N,day,1.0,Regular Season,Progressive Field,112,Chicago Cubs,CHC,1.0,False,114,Cleveland Guardians,CLE,4.0,True,True
823406,2026-04-03,2026-04-03T20:12:00+00:00,2026-04-03 08:12 PM UTC,2026,Final,Final,Final,N,day,1.0,Regular Season,PNC Park,110,Baltimore Orioles,BAL,4.0,False,134,Pittsburgh Pirates,PIT,5.0,True,True
824134,2026-04-03,2026-04-03T23:45:00+00:00,2026-04-03 11:45 PM UTC,2026,Final,Postponed,Final,N,night,1.0,Regular Season,Kauffman Stadium,158,Milwaukee Brewers,MIL,,,118,Kansas City Royals,KC,,,
824056,2026-04-03,2026-04-04T01:38:00+00:00,2026-04-04 01:38 AM UTC,2026,Final,Final,Final,N,night,1.0,Regular Season,Angel Stadium,136,Seattle Mariners,SEA,3.0,True,108,Los Angeles Angels,LAA,1.0,False,False
825026,2026-04-03,2026-04-04T01:40:00+00:00,2026-04-04 01:40 AM UTC,2026,Final,Final,Final,N,night,1.0,Regular Season,Sutter Health Park,117,Houston Astros,HOU,4.0,False,133,Athletics,ATH,11.0,True,True
825103,2026-04-03,2026-04-04T01:45:00+00:00,2026-04-04 01:45 AM UTC,2026,Final,Final,Final,N,night,2.0,Regular Season,Chase Field,144,Atlanta Braves,ATL,2.0,True,109,Arizona Diamondbacks,AZ,0.0,False,False
823240,2026-04-03,2026-04-04T02:15:00+00:00,2026-04-04 02:15 AM UTC,2026,Final,Final,Final,N,night,2.0,Regular Season,Oracle Park,121,New York Mets,NYM,10.0,True,137,San Francisco Giants,SF,3.0,False,False
824295,2026-04-04,2026-04-04T17:10:00+00:00,2026-04-04 05:10 PM UTC,2026,Final,Completed Early,Final,N,day,2.0,Regular Season,Comerica Park,138,St. Louis Cardinals,STL,6.0,False,116,Detroit Tigers,DET,11.0,True,True
824132,2026-04-04,2026-04-04T18:10:00+00:00,2026-04-04 06:10 PM UTC,2026,Final,Final,Final,S,day,1.0,Regular Season,Kauffman Stadium,158,Milwaukee Brewers,MIL,5.0,True,118,Kansas City Royals,KC,2.0,False,False
824622,2026-04-04,2026-04-04T18:10:00+00:00,2026-04-04 06:10 PM UTC,2026,Final,Final,Final,N,day,2.0,Regular Season,Rate Field,141,Toronto Blue Jays,TOR,3.0,False,145,Chicago White Sox,CWS,6.0,True,True
822757,2026-04-04,2026-04-04T20:05:00+00:00,2026-04-04 08:05 PM UTC,2026,Final,Final,Final,N,day,2.0,Regular Season,Nationals Park,119,Los Angeles Dodgers,LAD,10.0,True,120,Washington Nationals,WSH,5.0,False,False
823404,2026-04-04,2026-04-04T20:05:00+00:00,2026-04-04 08:05 PM UTC,2026,Final,Final,Final,N,day,2.0,Regular Season,PNC Park,110,Baltimore Orioles,BAL,2.0,False,134,Pittsburgh Pirates,PIT,3.0,True,True
825027,2026-04-04,2026-04-04T20:05:00+00:00,2026-04-04 08:05 PM UTC,2026,Final,Final,Final,N,day,2.0,Regular Season,Sutter Health Park,117,Houston Astros,HOU,11.0,True,133,Athletics,ATH,0.0,False,False
824782,2026-04-04,2026-04-04T20:10:00+00:00,2026-04-04 08:10 PM UTC,2026,Final,Final,Final,N,day,2.0,Regular Season,Fenway Park,135,San Diego Padres,SD,3.0,True,111,Boston Red Sox,BOS,2.0,False,False
822920,2026-04-04,2026-04-04T23:05:00+00:00,2026-04-04 11:05 PM UTC,2026,Final,Final,Final,N,night,2.0,Regular Season,Globe Life Field,113,Cincinnati Reds,CIN,2.0,True,140,Texas Rangers,TEX,0.0,False,False
823569,2026-04-04,2026-04-04T23:05:00+00:00,2026-04-04 11:05 PM UTC,2026,Final,Final,Final,N,night,2.0,Regular Season,Yankee Stadium,146,Miami Marlins,MIA,7.0,False,147,New York Yankees,NYY,9.0,True,True
823730,2026-04-04,2026-04-04T23:10:00+00:00,2026-04-04 11:10 PM UTC,2026,Final,Final,Final,N,night,2.0,Regular Season,Target Field,139,Tampa Bay Rays,TB,7.0,True,142,Minnesota Twins,MIN,1.0,False,False
824134,2026-04-04,2026-04-04T23:10:00+00:00,2026-04-04 11:10 PM UTC,2026,Final,Final,Final,S,night,2.0,Regular Season,Kauffman Stadium,158,Milwaukee Brewers,MIL,2.0,False,118,Kansas City Royals,KC,8.0,True,True
824460,2026-04-04,2026-04-04T23:15:00+00:00,2026-04-04 11:15 PM UTC,2026,Final,Postponed,Final,N,night,2.0,Regular Season,Progressive Field,112,Chicago Cubs,CHC,,,114,Cleveland Guardians,CLE,,,
825104,2026-04-04,2026-04-04T23:15:00+00:00,2026-04-04 11:15 PM UTC,2026,Final,Final,Final,N,day,3.0,Regular Season,Chase Field,144,Atlanta Braves,ATL,1.0,False,109,Arizona Diamondbacks,AZ,2.0,True,True
824378,2026-04-04,2026-04-05T00:10:00+00:00,2026-04-05 12:10 AM UTC,2026,Final,Final,Final,N,night,2.0,Regular Season,Coors Field,143,Philadelphia Phillies,PHI,2.0,True,115,Colorado Rockies,COL,1.0,False,False
823239,2026-04-04,2026-04-05T01:05:00+00:00,2026-04-05 01:05 AM UTC,2026,Final,Final,Final,N,night,3.0,Regular Season,Oracle Park,121,New York Mets,NYM,9.0,True,137,San Francisco Giants,SF,0.0,False,False
824054,2026-04-04,2026-04-05T01:38:00+00:00,2026-04-05 01:38 AM UTC,2026,Final,Final,Final,N,night,2.0,Regular Season,Angel Stadium,136,Seattle Mariners,SEA,0.0,False,108,Los Angeles Angels,LAA,1.0,True,True
824459,2026-04-05,2026-04-05T17:10:00+00:00,2026-04-05 05:10 PM UTC,2026,Final,Final,Final,Y,day,2.0,Regular Season,Progressive Field,112,Chicago Cubs,CHC,1.0,True,114,Cleveland Guardians,CLE,0.0,False,False
824460,2026-04-05,2026-04-05T17:15:00+00:00,2026-04-05 05:15 PM UTC,2026,Final,Final,Final,Y,day,3.0,Regular Season,Progressive Field,112,Chicago Cubs,CHC,5.0,False,114,Cleveland Guardians,CLE,6.0,True,True
822756,2026-04-05,2026-04-05T17:35:00+00:00,2026-04-05 05:35 PM UTC,2026,Final,Final,Final,N,day,3.0,Regular Season,Nationals Park,119,Los Angeles Dodgers,LAD,8.0,True,120,Washington Nationals,WSH,6.0,False,False
823405,2026-04-05,2026-04-05T17:35:00+00:00,2026-04-05 05:35 PM UTC,2026,Final,Final,Final,N,day,3.0,Regular Season,PNC Park,110,Baltimore Orioles,BAL,2.0,False,134,Pittsburgh Pirates,PIT,8.0,True,True
823566,2026-04-05,2026-04-05T17:35:00+00:00,2026-04-05 05:35 PM UTC,2026,Final,Final,Final,N,day,3.0,Regular Season,Yankee Stadium,146,Miami Marlins,MIA,7.0,True,147,New York Yankees,NYY,6.0,False,False
824781,2026-04-05,2026-04-05T17:35:00+00:00,2026-04-05 05:35 PM UTC,2026,Final,Final,Final,N,day,3.0,Regular Season,Fenway Park,135,San Diego Padres,SD,8.0,True,111,Boston Red Sox,BOS,6.0,False,False
823729,2026-04-05,2026-04-05T18:10:00+00:00,2026-04-05 06:10 PM UTC,2026,Final,Final,Final,N,day,3.0,Regular Season,Target Field,139,Tampa Bay Rays,TB,4.0,True,142,Minnesota Twins,MIN,1.0,False,False
824131,2026-04-05,2026-04-05T18:10:00+00:00,2026-04-05 06:10 PM UTC,2026,Final,Final,Final,N,day,3.0,Regular Season,Kauffman Stadium,158,Milwaukee Brewers,MIL,8.0,True,118,Kansas City Royals,KC,5.0,False,False
824620,2026-04-05,2026-04-05T18:10:00+00:00,2026-04-05 06:10 PM UTC,2026,Final,Final,Final,N,day,3.0,Regular Season,Rate Field,141,Toronto Blue Jays,TOR,0.0,False,145,Chicago White Sox,CWS,3.0,True,True
822917,2026-04-05,2026-04-05T18:35:00+00:00,2026-04-05 06:35 PM UTC,2026,Final,Final,Final,N,day,3.0,Regular Season,Globe Life Field,113,Cincinnati Reds,CIN,2.0,True,140,Texas Rangers,TEX,1.0,False,False
824379,2026-04-05,2026-04-05T19:10:00+00:00,2026-04-05 07:10 PM UTC,2026,Final,Final,Final,N,day,3.0,Regular Season,Coors Field,143,Philadelphia Phillies,PHI,1.0,False,115,Colorado Rockies,COL,4.0,True,True
823238,2026-04-05,2026-04-05T20:05:00+00:00,2026-04-05 08:05 PM UTC,2026,Final,Final,Final,N,day,4.0,Regular Season,Oracle Park,121,New York Mets,NYM,5.0,True,137,San Francisco Giants,SF,2.0,False,False
825025,2026-04-05,2026-04-05T20:05:00+00:00,2026-04-05 08:05 PM UTC,2026,Final,Final,Final,N,day,3.0,Regular Season,Sutter Health Park,117,Houston Astros,HOU,10.0,False,133,Athletics,ATH,12.0,True,True
824053,2026-04-05,2026-04-05T20:07:00+00:00,2026-04-05 08:07 PM UTC,2026,Final,Final,Final,N,day,3.0,Regular Season,Angel Stadium,136,Seattle Mariners,SEA,7.0,False,108,Los Angeles Angels,LAA,8.0,True,True
825102,2026-04-05,2026-04-05T20:10:00+00:00,2026-04-05 08:10 PM UTC,2026,Final,Final,Final,N,day,4.0,Regular Season,Chase Field,144,Atlanta Braves,ATL,5.0,False,109,Arizona Diamondbacks,AZ,6.0,True,True
824296,2026-04-05,2026-04-05T23:20:00+00:00,2026-04-05 11:20 PM UTC,2026,Final,Final,Final,N,night,3.0,Regular Season,Comerica Park,138,St. Louis Cardinals,STL,5.0,True,116,Detroit Tigers,DET,3.0,False,False
823002,2026-04-06,2026-04-06T20:10:00+00:00,2026-04-06 08:10 PM UTC,2026,Final,Final,Final,N,day,1.0,Regular Season,Tropicana Field,112,Chicago Cubs,CHC,4.0,False,139,Tampa Bay Rays,TB,6.0,True,True
824456,2026-04-06,2026-04-06T22:10:00+00:00,2026-04-06 10:10 PM UTC,2026,Final,Final,Final,N,night,1.0,Regular Season,Progressive Field,118,Kansas City Royals,KC,4.0,True,114,Cleveland Guardians,CLE,2.0,False,False
823401,2026-04-06,2026-04-06T22:40:00+00:00,2026-04-06 10:40 PM UTC,2026,Final,Final,Final,N,night,1.0,Regular Season,PNC Park,135,San Diego Padres,SD,5.0,True,134,Pittsburgh Pirates,PIT,0.0,False,False
823886,2026-04-06,2026-04-06T22:40:00+00:00,2026-04-06 10:40 PM UTC,2026,Final,Final,Final,N,night,1.0,Regular Season,loanDepot park,113,Cincinnati Reds,CIN,2.0,True,146,Miami Marlins,MIA,0.0,False,False
822755,2026-04-06,2026-04-06T22:45:00+00:00,2026-04-06 10:45 PM UTC,2026,Final,Final,Final,N,night,1.0,Regular Season,Nationals Park,138,St. Louis Cardinals,STL,6.0,False,120,Washington Nationals,WSH,9.0,True,True
824783,2026-04-06,2026-04-06T22:45:00+00:00,2026-04-06 10:45 PM UTC,2026,Final,Final,Final,N,night,1.0,Regular Season,Fenway Park,158,Milwaukee Brewers,MIL,8.0,True,111,Boston Red Sox,BOS,6.0,False,False
822832,2026-04-06,2026-04-06T23:07:00+00:00,2026-04-06 11:07 PM UTC,2026,Final,Final,Final,N,night,1.0,Regular Season,Rogers Centre,119,Los Angeles Dodgers,LAD,14.0,True,141,Toronto Blue Jays,TOR,2.0,False,False
823728,2026-04-06,2026-04-06T23:40:00+00:00,2026-04-06 11:40 PM UTC,2026,Final,Final,Final,N,night,1.0,Regular Season,Target Field,116,Detroit Tigers,DET,3.0,False,142,Minnesota Twins,MIN,7.0,True,True
824619,2026-04-06,2026-04-06T23:40:00+00:00,2026-04-06 11:40 PM UTC,2026,Final,Final,Final,N,night,1.0,Regular Season,Rate Field,110,Baltimore Orioles,BAL,2.0,True,145,Chicago White Sox,CWS,1.0,False,False
822918,2026-04-06,2026-04-07T00:05:00+00:00,2026-04-07 12:05 AM UTC,2026,Final,Final,Final,N,night,1.0,Regular Season,Globe Life Field,136,Seattle Mariners,SEA,1.0,False,140,Texas Rangers,TEX,2.0,True,True
824376,2026-04-06,2026-04-07T00:40:00+00:00,2026-04-07 12:40 AM UTC,2026,Final,Final,Final,N,night,1.0,Regular Season,Coors Field,117,Houston Astros,HOU,7.0,False,115,Colorado Rockies,COL,9.0,True,True
824052,2026-04-06,2026-04-07T01:38:00+00:00,2026-04-07 01:38 AM UTC,2026,Final,Final,Final,N,night,1.0,Regular Season,Angel Stadium,144,Atlanta Braves,ATL,2.0,False,108,Los Angeles Angels,LAA,6.0,True,True
823237,2026-04-06,2026-04-07T01:45:00+00:00,2026-04-07 01:45 AM UTC,2026,Final,Final,Final,N,night,1.0,Regular Season,Oracle Park,143,Philadelphia Phillies,PHI,6.0,True,137,San Francisco Giants,SF,4.0,False,False
824457,2026-04-07,2026-04-07T17:10:00+00:00,2026-04-07 05:10 PM UTC,2026,Final,Final,Final,N,day,2.0,Regular Season,Progressive Field,118,Kansas City Royals,KC,1.0,False,114,Cleveland Guardians,CLE,2.0,True,True
824618,2026-04-07,2026-04-07T19:10:00+00:00,2026-04-07 07:10 PM UTC,2026,Final,Final,Final,N,day,2.0,Regular Season,Rate Field,110,Baltimore Orioles,BAL,4.0,True,145,Chicago White Sox,CWS,2.0,False,False
823648,2026-04-07,2026-04-07T20:10:00+00:00,2026-04-07 08:10 PM UTC,2026,Final,Final,Final,N,day,1.0,Regular Season,Citi Field,109,Arizona Diamondbacks,AZ,3.0,False,121,New York Mets,NYM,4.0,True,True
822999,2026-04-07,2026-04-07T22:40:00+00:00,2026-04-07 10:40 PM UTC,2026,Final,Final,Final,N,night,2.0,Regular Season,Tropicana Field,112,Chicago Cubs,CHC,9.0,True,139,Tampa Bay Rays,TB,2.0,False,False
823402,2026-04-07,2026-04-07T22:40:00+00:00,2026-04-07 10:40 PM UTC,2026,Final,Final,Final,N,night,2.0,Regular Season,PNC Park,135,San Diego Padres,SD,1.0,False,134,Pittsburgh Pirates,PIT,7.0,True,True
823887,2026-04-07,2026-04-07T22:40:00+00:00,2026-04-07 10:40 PM UTC,2026,Final,Final,Final,N,night,2.0,Regular Season,loanDepot park,113,Cincinnati Reds,CIN,6.0,True,146,Miami Marlins,MIA,3.0,False,False
822754,2026-04-07,2026-04-07T22:45:00+00:00,2026-04-07 10:45 PM UTC,2026,Final,Final,Final,N,night,2.0,Regular Season,Nationals Park,138,St. Louis Cardinals,STL,7.0,True,120,Washington Nationals,WSH,6.0,False,False
824780,2026-04-07,2026-04-07T22:45:00+00:00,2026-04-07 10:45 PM UTC,2026,Final,Final,Final,N,night,2.0,Regular Season,Fenway Park,158,Milwaukee Brewers,MIL,2.0,False,111,Boston Red Sox,BOS,3.0,True,True
823567,2026-04-07,2026-04-07T23:05:00+00:00,2026-04-07 11:05 PM UTC,2026,Final,Final,Final,N,night,1.0,Regular Season,Yankee Stadium,133,Athletics,ATH,3.0,False,147,New York Yankees,NYY,5.0,True,True
822831,2026-04-07,2026-04-07T23:07:00+00:00,2026-04-07 11:07 PM UTC,2026,Final,Final,Final,N,night,2.0,Regular Season,Rogers Centre,119,Los Angeles Dodgers,LAD,4.0,True,141,Toronto Blue Jays,TOR,1.0,False,False
823727,2026-04-07,2026-04-07T23:40:00+00:00,2026-04-07 11:40 PM UTC,2026,Final,Final,Final,N,night,2.0,Regular Season,Target Field,116,Detroit Tigers,DET,2.0,False,142,Minnesota Twins,MIN,4.0,True,True
822916,2026-04-07,2026-04-08T00:05:00+00:00,2026-04-08 12:05 AM UTC,2026,Final,Final,Final,N,night,2.0,Regular Season,Globe Life Field,136,Seattle Mariners,SEA,2.0,False,140,Texas Rangers,TEX,3.0,True,True
824375,2026-04-07,2026-04-08T00:40:00+00:00,2026-04-08 12:40 AM UTC,2026,Final,Final,Final,N,night,2.0,Regular Season,Coors Field,117,Houston Astros,HOU,1.0,False,115,Colorado Rockies,COL,5.0,True,True
824051,2026-04-07,2026-04-08T01:38:00+00:00,2026-04-08 01:38 AM UTC,2026,Final,Final,Final,N,night,2.0,Regular Season,Angel Stadium,144,Atlanta Braves,ATL,7.0,True,108,Los Angeles Angels,LAA,2.0,False,False
823235,2026-04-07,2026-04-08T01:45:00+00:00,2026-04-08 01:45 AM UTC,2026,Final,Final,Final,N,night,2.0,Regular Season,Oracle Park,143,Philadelphia Phillies,PHI,0.0,False,137,San Francisco Giants,SF,6.0,True,True
823403,2026-04-08,2026-04-08T16:35:00+00:00,2026-04-08 04:35 PM UTC,2026,Final,Final,Final,N,day,3.0,Regular Season,PNC Park,135,San Diego Padres,SD,8.0,True,134,Pittsburgh Pirates,PIT,2.0,False,False
824455,2026-04-08,2026-04-08T17:10:00+00:00,2026-04-08 05:10 PM UTC,2026,Final,Final,Final,N,day,3.0,Regular Season,Progressive Field,118,Kansas City Royals,KC,2.0,False,114,Cleveland Guardians,CLE,10.0,True,True
824779,2026-04-08,2026-04-08T17:35:00+00:00,2026-04-08 05:35 PM UTC,2026,Final,Final,Final,N,day,3.0,Regular Season,Fenway Park,158,Milwaukee Brewers,MIL,0.0,False,111,Boston Red Sox,BOS,5.0,True,True
824617,2026-04-08,2026-04-08T18:10:00+00:00,2026-04-08 06:10 PM UTC,2026,Final,Final,Final,N,day,3.0,Regular Season,Rate Field,110,Baltimore Orioles,BAL,5.0,True,145,Chicago White Sox,CWS,3.0,False,False
822915,2026-04-08,2026-04-08T18:35:00+00:00,2026-04-08 06:35 PM UTC,2026,Final,Final,Final,N,day,3.0,Regular Season,Globe Life Field,136,Seattle Mariners,SEA,0.0,False,140,Texas Rangers,TEX,3.0,True,True
822833,2026-04-08,2026-04-08T19:07:00+00:00,2026-04-08 07:07 PM UTC,2026,Final,Final,Final,N,day,3.0,Regular Season,Rogers Centre,119,Los Angeles Dodgers,LAD,3.0,False,141,Toronto Blue Jays,TOR,4.0,True,True
824374,2026-04-08,2026-04-08T19:10:00+00:00,2026-04-08 07:10 PM UTC,2026,Final,Final,Final,N,day,3.0,Regular Season,Coors Field,117,Houston Astros,HOU,1.0,False,115,Colorado Rockies,COL,9.0,True,True
823234,2026-04-08,2026-04-08T19:45:00+00:00,2026-04-08 07:45 PM UTC,2026,Final,Final,Final,N,day,3.0,Regular Season,Oracle Park,143,Philadelphia Phillies,PHI,0.0,False,137,San Francisco Giants,SF,5.0,True,True
822753,2026-04-08,2026-04-08T20:05:00+00:00,2026-04-08 08:05 PM UTC,2026,Final,Final,Final,N,day,3.0,Regular Season,Nationals Park,138,St. Louis Cardinals,STL,6.0,True,120,Washington Nationals,WSH,1.0,False,False
824050,2026-04-08,2026-04-08T20:07:00+00:00,2026-04-08 08:07 PM UTC,2026,Final,Final,Final,N,day,3.0,Regular Season,Angel Stadium,144,Atlanta Braves,ATL,8.0,True,108,Los Angeles Angels,LAA,2.0,False,False
823646,2026-04-08,2026-04-08T20:10:00+00:00,2026-04-08 08:10 PM UTC,2026,Final,Final,Final,N,day,2.0,Regular Season,Citi Field,109,Arizona Diamondbacks,AZ,7.0,True,121,New York Mets,NYM,2.0,False,False
823000,2026-04-08,2026-04-08T22:40:00+00:00,2026-04-08 10:40 PM UTC,2026,Final,Final,Final,N,night,3.0,Regular Season,Tropicana Field,112,Chicago Cubs,CHC,6.0,True,139,Tampa Bay Rays,TB,2.0,False,False
823885,2026-04-08,2026-04-08T22:40:00+00:00,2026-04-08 10:40 PM UTC,2026,Final,Final,Final,N,night,3.0,Regular Season,loanDepot park,113,Cincinnati Reds,CIN,4.0,False,146,Miami Marlins,MIA,7.0,True,True
823564,2026-04-08,2026-04-08T23:05:00+00:00,2026-04-08 11:05 PM UTC,2026,Final,Final,Final,N,night,2.0,Regular Season,Yankee Stadium,133,Athletics,ATH,3.0,True,147,New York Yankees,NYY,2.0,False,False
823726,2026-04-08,2026-04-08T23:40:00+00:00,2026-04-08 11:40 PM UTC,2026,Final,Final,Final,N,night,3.0,Regular Season,Target Field,116,Detroit Tigers,DET,6.0,False,142,Minnesota Twins,MIN,8.0,True,True
823884,2026-04-09,2026-04-09T16:10:00+00:00,2026-04-09 04:10 PM UTC,2026,Final,Final,Final,N,day,4.0,Regular Season,loanDepot park,113,Cincinnati Reds,CIN,1.0,False,146,Miami Marlins,MIA,8.0,True,True
823565,2026-04-09,2026-04-09T17:35:00+00:00,2026-04-09 05:35 PM UTC,2026,Final,Final,Final,N,day,3.0,Regular Season,Yankee Stadium,133,Athletics,ATH,1.0,True,147,New York Yankees,NYY,0.0,False,False
823724,2026-04-09,2026-04-09T17:40:00+00:00,2026-04-09 05:40 PM UTC,2026,Final,Final,Final,N,day,4.0,Regular Season,Target Field,116,Detroit Tigers,DET,1.0,False,142,Minnesota Twins,MIN,3.0,True,True
823645,2026-04-09,2026-04-09T23:10:00+00:00,2026-04-09 11:10 PM UTC,2026,Final,Final,Final,N,night,3.0,Regular Season,Citi Field,109,Arizona Diamondbacks,AZ,7.0,True,121,New York Mets,NYM,1.0,False,False
824130,2026-04-09,2026-04-09T23:40:00+00:00,2026-04-09 11:40 PM UTC,2026,Final,Final,Final,N,night,1.0,Regular Season,Kauffman Stadium,145,Chicago White Sox,CWS,2.0,True,118,Kansas City Royals,KC,0.0,False,False
823319,2026-04-09,2026-04-10T01:40:00+00:00,2026-04-10 01:40 AM UTC,2026,Final,Final,Final,N,night,1.0,Regular Season,Petco Park,115,Colorado Rockies,COL,3.0,False,135,San Diego Padres,SD,7.0,True,True
824695,2026-04-10,2026-04-10T18:20:00+00:00,2026-04-10 06:20 PM UTC,2026,Final,Final,Final,N,day,1.0,Regular Season,Wrigley Field,134,Pittsburgh Pirates,PIT,2.0,True,112,Chicago Cubs,CHC,0.0,False,False
823482,2026-04-10,2026-04-10T22:40:00+00:00,2026-04-10 10:40 PM UTC,2026,Final,Final,Final,N,night,1.0,Regular Season,Citizens Bank Park,109,Arizona Diamondbacks,AZ,5.0,True,143,Philadelphia Phillies,PHI,4.0,False,False
824297,2026-04-10,2026-04-10T22:40:00+00:00,2026-04-10 10:40 PM UTC,2026,Final,Final,Final,N,night,1.0,Regular Season,Comerica Park,146,Miami Marlins,MIA,0.0,False,116,Detroit Tigers,DET,2.0,True,True
824534,2026-04-10,2026-04-10T22:45:00+00:00,2026-04-10 10:45 PM UTC,2026,Final,Final,Final,N,night,1.0,Regular Season,Great American Ball Park,108,Los Angeles Angels,LAA,10.0,True,113,Cincinnati Reds,CIN,2.0,False,False
822829,2026-04-10,2026-04-10T23:07:00+00:00,2026-04-10 11:07 PM UTC,2026,Final,Final,Final,N,night,1.0,Regular Season,Rogers Centre,142,Minnesota Twins,MIN,4.0,False,141,Toronto Blue Jays,TOR,10.0,True,True
822997,2026-04-10,2026-04-10T23:10:00+00:00,2026-04-10 11:10 PM UTC,2026,Final,Final,Final,N,night,1.0,Regular Season,Tropicana Field,147,New York Yankees,NYY,3.0,False,139,Tampa Bay Rays,TB,5.0,True,True
823643,2026-04-10,2026-04-10T23:10:00+00:00,2026-04-10 11:10 PM UTC,2026,Final,Final,Final,N,night,1.0,Regular Season,Citi Field,133,Athletics,ATH,4.0,True,121,New York Mets,NYM,0.0,False,False
824858,2026-04-10,2026-04-10T23:15:00+00:00,2026-04-10 11:15 PM UTC,2026,Final,Final,Final,N,night,1.0,Regular Season,Oriole Park at Camden Yards,137,San Francisco Giants,SF,6.0,True,110,Baltimore Orioles,BAL,3.0,False,False
824941,2026-04-10,2026-04-10T23:15:00+00:00,2026-04-10 11:15 PM UTC,2026,Final,Final,Final,N,night,1.0,Regular Season,Truist Park,114,Cleveland Guardians,CLE,5.0,False,144,Atlanta Braves,ATL,11.0,True,True
823808,2026-04-10,2026-04-10T23:40:00+00:00,2026-04-10 11:40 PM UTC,2026,Final,Final,Final,N,night,1.0,Regular Season,American Family Field,120,Washington Nationals,WSH,7.0,True,158,Milwaukee Brewers,MIL,3.0,False,False
824128,2026-04-10,2026-04-10T23:40:00+00:00,2026-04-10 11:40 PM UTC,2026,Final,Final,Final,N,night,2.0,Regular Season,Kauffman Stadium,145,Chicago White Sox,CWS,0.0,False,118,Kansas City Royals,KC,2.0,True,True
823076,2026-04-10,2026-04-11T00:15:00+00:00,2026-04-11 12:15 AM UTC,2026,Final,Final,Final,N,night,1.0,Regular Season,Busch Stadium,111,Boston Red Sox,BOS,2.0,False,138,St. Louis Cardinals,STL,3.0,True,True
823156,2026-04-10,2026-04-11T01:40:00+00:00,2026-04-11 01:40 AM UTC,2026,Final,Final,Final,N,night,1.0,Regular Season,T-Mobile Park,117,Houston Astros,HOU,6.0,False,136,Seattle Mariners,SEA,9.0,True,True
823318,2026-04-10,2026-04-11T01:40:00+00:00,2026-04-11 01:40 AM UTC,2026,Final,Final,Final,N,night,2.0,Regular Season,Petco Park,115,Colorado Rockies,COL,2.0,False,135,San Diego Padres,SD,5.0,True,True
823968,2026-04-10,2026-04-11T02:10:00+00:00,2026-04-11 02:10 AM UTC,2026,Final,Final,Final,N,night,1.0,Regular Season,UNIQLO Field at Dodger Stadium,140,Texas Rangers,TEX,7.0,False,119,Los Angeles Dodgers,LAD,8.0,True,True
823480,2026-04-11,2026-04-11T17:05:00+00:00,2026-04-11 05:05 PM UTC,2026,Final,Final,Final,N,day,2.0,Regular Season,Citizens Bank Park,109,Arizona Diamondbacks,AZ,3.0,False,143,Philadelphia Phillies,PHI,4.0,True,True
824294,2026-04-11,2026-04-11T17:10:00+00:00,2026-04-11 05:10 PM UTC,2026,Final,Final,Final,N,day,2.0,Regular Season,Comerica Park,146,Miami Marlins,MIA,1.0,False,116,Detroit Tigers,DET,6.0,True,True
824697,2026-04-11,2026-04-11T18:20:00+00:00,2026-04-11 06:20 PM UTC,2026,Final,Final,Final,N,day,2.0,Regular Season,Wrigley Field,134,Pittsburgh Pirates,PIT,4.0,True,112,Chicago Cubs,CHC,3.0,False,False
822830,2026-04-11,2026-04-11T19:07:00+00:00,2026-04-11 07:07 PM UTC,2026,Final,Final,Final,N,day,2.0,Regular Season,Rogers Centre,142,Minnesota Twins,MIN,7.0,True,141,Toronto Blue Jays,TOR,4.0,False,False
823644,2026-04-11,2026-04-11T20:10:00+00:00,2026-04-11 08:10 PM UTC,2026,Final,Final,Final,N,day,2.0,Regular Season,Citi Field,133,Athletics,ATH,11.0,True,121,New York Mets,NYM,6.0,False,False
824129,2026-04-11,2026-04-11T20:10:00+00:00,2026-04-11 08:10 PM UTC,2026,Final,Final,Final,N,day,3.0,Regular Season,Kauffman Stadium,145,Chicago White Sox,CWS,0.0,False,118,Kansas City Royals,KC,2.0,True,True
824535,2026-04-11,2026-04-11T20:10:00+00:00,2026-04-11 08:10 PM UTC,2026,Final,Final,Final,N,day,2.0,Regular Season,Great American Ball Park,108,Los Angeles Angels,LAA,3.0,False,113,Cincinnati Reds,CIN,7.0,True,True
822996,2026-04-11,2026-04-11T22:10:00+00:00,2026-04-11 10:10 PM UTC,2026,Final,Final,Final,N,night,2.0,Regular Season,Tropicana Field,147,New York Yankees,NYY,4.0,False,139,Tampa Bay Rays,TB,5.0,True,True
823805,2026-04-11,2026-04-11T23:10:00+00:00,2026-04-11 11:10 PM UTC,2026,Final,Final,Final,N,night,2.0,Regular Season,American Family Field,120,Washington Nationals,WSH,3.0,True,158,Milwaukee Brewers,MIL,1.0,False,False
823074,2026-04-11,2026-04-11T23:15:00+00:00,2026-04-11 11:15 PM UTC,2026,Final,Final,Final,N,night,2.0,Regular Season,Busch Stadium,111,Boston Red Sox,BOS,7.0,True,138,St. Louis Cardinals,STL,1.0,False,False
824857,2026-04-11,2026-04-11T23:15:00+00:00,2026-04-11 11:15 PM UTC,2026,Final,Final,Final,N,night,2.0,Regular Season,Oriole Park at Camden Yards,137,San Francisco Giants,SF,2.0,False,110,Baltimore Orioles,BAL,6.0,True,True
824939,2026-04-11,2026-04-11T23:15:00+00:00,2026-04-11 11:15 PM UTC,2026,Final,Final,Final,N,night,2.0,Regular Season,Truist Park,114,Cleveland Guardians,CLE,6.0,True,144,Atlanta Braves,ATL,0.0,False,False
823316,2026-04-11,2026-04-12T00:40:00+00:00,2026-04-12 12:40 AM UTC,2026,Final,Final,Final,N,night,3.0,Regular Season,Petco Park,115,Colorado Rockies,COL,5.0,False,135,San Diego Padres,SD,9.0,True,True
823967,2026-04-11,2026-04-12T01:10:00+00:00,2026-04-12 01:10 AM UTC,2026,Final,Final,Final,N,night,2.0,Regular Season,UNIQLO Field at Dodger Stadium,140,Texas Rangers,TEX,3.0,False,119,Los Angeles Dodgers,LAD,6.0,True,True
823155,2026-04-11,2026-04-12T01:40:00+00:00,2026-04-12 01:40 AM UTC,2026,Final,Final,Final,N,night,2.0,Regular Season,T-Mobile Park,117,Houston Astros,HOU,7.0,False,136,Seattle Mariners,SEA,8.0,True,True
823479,2026-04-12,2026-04-12T17:35:00+00:00,2026-04-12 05:35 PM UTC,2026,Final,Final,Final,N,day,3.0,Regular Season,Citizens Bank Park,109,Arizona Diamondbacks,AZ,4.0,True,143,Philadelphia Phillies,PHI,3.0,False,False
824859,2026-04-12,2026-04-12T17:35:00+00:00,2026-04-12 05:35 PM UTC,2026,Final,Final,Final,N,day,3.0,Regular Season,Oriole Park at Camden Yards,137,San Francisco Giants,SF,2.0,False,110,Baltimore Orioles,BAL,6.0,True,True
822828,2026-04-12,2026-04-12T17:37:00+00:00,2026-04-12 05:37 PM UTC,2026,Final,Final,Final,N,day,3.0,Regular Season,Rogers Centre,142,Minnesota Twins,MIN,8.0,True,141,Toronto Blue Jays,TOR,2.0,False,False
822998,2026-04-12,2026-04-12T17:40:00+00:00,2026-04-12 05:40 PM UTC,2026,Final,Final,Final,N,day,3.0,Regular Season,Tropicana Field,147,New York Yankees,NYY,4.0,False,139,Tampa Bay Rays,TB,5.0,True,True
823642,2026-04-12,2026-04-12T17:40:00+00:00,2026-04-12 05:40 PM UTC,2026,Final,Final,Final,N,day,3.0,Regular Season,Citi Field,133,Athletics,ATH,1.0,True,121,New York Mets,NYM,0.0,False,False
824293,2026-04-12,2026-04-12T17:40:00+00:00,2026-04-12 05:40 PM UTC,2026,Final,Final,Final,N,day,3.0,Regular Season,Comerica Park,146,Miami Marlins,MIA,2.0,False,116,Detroit Tigers,DET,8.0,True,True
824533,2026-04-12,2026-04-12T17:40:00+00:00,2026-04-12 05:40 PM UTC,2026,Final,Final,Final,N,day,3.0,Regular Season,Great American Ball Park,108,Los Angeles Angels,LAA,9.0,True,113,Cincinnati Reds,CIN,6.0,False,False
823804,2026-04-12,2026-04-12T18:10:00+00:00,2026-04-12 06:10 PM UTC,2026,Final,Final,Final,N,day,3.0,Regular Season,American Family Field,120,Washington Nationals,WSH,8.0,True,158,Milwaukee Brewers,MIL,6.0,False,False
824126,2026-04-12,2026-04-12T18:10:00+00:00,2026-04-12 06:10 PM UTC,2026,Final,Final,Final,N,day,4.0,Regular Season,Kauffman Stadium,145,Chicago White Sox,CWS,6.0,True,118,Kansas City Royals,KC,5.0,False,False
823075,2026-04-12,2026-04-12T18:15:00+00:00,2026-04-12 06:15 PM UTC,2026,Final,Final,Final,N,day,3.0,Regular Season,Busch Stadium,111,Boston Red Sox,BOS,9.0,True,138,St. Louis Cardinals,STL,3.0,False,False
824696,2026-04-12,2026-04-12T18:20:00+00:00,2026-04-12 06:20 PM UTC,2026,Final,Final,Final,N,day,3.0,Regular Season,Wrigley Field,134,Pittsburgh Pirates,PIT,6.0,False,112,Chicago Cubs,CHC,7.0,True,True
823154,2026-04-12,2026-04-12T20:10:00+00:00,2026-04-12 08:10 PM UTC,2026,Final,Final,Final,N,day,3.0,Regular Season,T-Mobile Park,117,Houston Astros,HOU,1.0,False,136,Seattle Mariners,SEA,6.0,True,True
823317,2026-04-12,2026-04-12T20:10:00+00:00,2026-04-12 08:10 PM UTC,2026,Final,Final,Final,N,day,4.0,Regular Season,Petco Park,115,Colorado Rockies,COL,2.0,False,135,San Diego Padres,SD,7.0,True,True
823966,2026-04-12,2026-04-12T20:10:00+00:00,2026-04-12 08:10 PM UTC,2026,Final,Final,Final,N,day,3.0,Regular Season,UNIQLO Field at Dodger Stadium,140,Texas Rangers,TEX,5.0,True,119,Los Angeles Dodgers,LAD,2.0,False,False
824938,2026-04-12,2026-04-12T23:20:00+00:00,2026-04-12 11:20 PM UTC,2026,Final,Final,Final,N,night,3.0,Regular Season,Truist Park,114,Cleveland Guardians,CLE,1.0,False,144,Atlanta Braves,ATL,13.0,True,True
823153,2026-04-13,2026-04-13T20:10:00+00:00,2026-04-13 08:10 PM UTC,2026,Final,Final,Final,N,day,4.0,Regular Season,T-Mobile Park,117,Houston Astros,HOU,2.0,False,136,Seattle Mariners,SEA,6.0,True,True
824856,2026-04-13,2026-04-13T22:35:00+00:00,2026-04-13 10:35 PM UTC,2026,Final,Final,Final,N,night,1.0,Regular Season,Oriole Park at Camden Yards,109,Arizona Diamondbacks,AZ,7.0,False,110,Baltimore Orioles,BAL,9.0,True,True
823400,2026-04-13,2026-04-13T22:40:00+00:00,2026-04-13 10:40 PM UTC,2026,Final,Final,Final,N,night,1.0,Regular Season,PNC Park,120,Washington Nationals,WSH,5.0,False,134,Pittsburgh Pirates,PIT,16.0,True,True
823481,2026-04-13,2026-04-13T22:40:00+00:00,2026-04-13 10:40 PM UTC,2026,Final,Final,Final,N,night,1.0,Regular Season,Citizens Bank Park,112,Chicago Cubs,CHC,7.0,False,143,Philadelphia Phillies,PHI,13.0,True,True
823563,2026-04-13,2026-04-13T23:05:00+00:00,2026-04-13 11:05 PM UTC,2026,Final,Final,Final,N,night,1.0,Regular Season,Yankee Stadium,108,Los Angeles Angels,LAA,10.0,False,147,New York Yankees,NYY,11.0,True,True
824937,2026-04-13,2026-04-13T23:15:00+00:00,2026-04-13 11:15 PM UTC,2026,Final,Final,Final,N,night,1.0,Regular Season,Truist Park,146,Miami Marlins,MIA,10.0,True,144,Atlanta Braves,ATL,4.0,False,False
823725,2026-04-13,2026-04-13T23:40:00+00:00,2026-04-13 11:40 PM UTC,2026,Final,Final,Final,N,night,1.0,Regular Season,Target Field,111,Boston Red Sox,BOS,6.0,False,142,Minnesota Twins,MIN,13.0,True,True
823073,2026-04-13,2026-04-13T23:45:00+00:00,2026-04-13 11:45 PM UTC,2026,Final,Final,Final,N,night,1.0,Regular Season,Busch Stadium,114,Cleveland Guardians,CLE,9.0,True,138,St. Louis Cardinals,STL,3.0,False,False
825024,2026-04-13,2026-04-14T01:40:00+00:00,2026-04-14 01:40 AM UTC,2026,Final,Final,Final,N,night,1.0,Regular Season,Sutter Health Park,140,Texas Rangers,TEX,8.0,True,133,Athletics,ATH,1.0,False,False
823964,2026-04-13,2026-04-14T02:10:00+00:00,2026-04-14 02:10 AM UTC,2026,Final,Final,Final,N,night,1.0,Regular Season,UNIQLO Field at Dodger Stadium,121,New York Mets,NYM,0.0,False,119,Los Angeles Dodgers,LAD,4.0,True,True
824853,2026-04-14,2026-04-14T22:35:00+00:00,2026-04-14 10:35 PM UTC,2026,Final,Final,Final,N,night,2.0,Regular Season,Oriole Park at Camden Yards,109,Arizona Diamondbacks,AZ,4.0,True,110,Baltimore Orioles,BAL,3.0,False,False
823398,2026-04-14,2026-04-14T22:40:00+00:00,2026-04-14 10:40 PM UTC,2026,Final,Final,Final,N,night,2.0,Regular Season,PNC Park,120,Washington Nationals,WSH,5.0,True,134,Pittsburgh Pirates,PIT,4.0,False,False
823478,2026-04-14,2026-04-14T22:40:00+00:00,2026-04-14 10:40 PM UTC,2026,Final,Final,Final,N,night,2.0,Regular Season,Citizens Bank Park,112,Chicago Cubs,CHC,10.0,True,143,Philadelphia Phillies,PHI,4.0,False,False
824292,2026-04-14,2026-04-14T22:40:00+00:00,2026-04-14 10:40 PM UTC,2026,Final,Final,Final,N,night,1.0,Regular Season,Comerica Park,118,Kansas City Royals,KC,1.0,False,116,Detroit Tigers,DET,2.0,True,True
824531,2026-04-14,2026-04-14T22:40:00+00:00,2026-04-14 10:40 PM UTC,2026,Final,Final,Final,N,night,1.0,Regular Season,Great American Ball Park,137,San Francisco Giants,SF,1.0,False,113,Cincinnati Reds,CIN,2.0,True,True
823562,2026-04-14,2026-04-14T23:05:00+00:00,2026-04-14 11:05 PM UTC,2026,Final,Final,Final,N,night,2.0,Regular Season,Yankee Stadium,108,Los Angeles Angels,LAA,7.0,True,147,New York Yankees,NYY,1.0,False,False
824935,2026-04-14,2026-04-14T23:15:00+00:00,2026-04-14 11:15 PM UTC,2026,Final,Final,Final,N,night,2.0,Regular Season,Truist Park,146,Miami Marlins,MIA,5.0,False,144,Atlanta Braves,ATL,6.0,True,True
823723,2026-04-14,2026-04-14T23:40:00+00:00,2026-04-14 11:40 PM UTC,2026,Final,Final,Final,N,night,2.0,Regular Season,Target Field,111,Boston Red Sox,BOS,0.0,False,142,Minnesota Twins,MIN,6.0,True,True
823802,2026-04-14,2026-04-14T23:40:00+00:00,2026-04-14 11:40 PM UTC,2026,Final,Final,Final,N,night,1.0,Regular Season,American Family Field,141,Toronto Blue Jays,TOR,9.0,True,158,Milwaukee Brewers,MIL,7.0,False,False
824616,2026-04-14,2026-04-14T23:40:00+00:00,2026-04-14 11:40 PM UTC,2026,Final,Final,Final,N,night,1.0,Regular Season,Rate Field,139,Tampa Bay Rays,TB,8.0,True,145,Chicago White Sox,CWS,5.0,False,False
823072,2026-04-14,2026-04-14T23:45:00+00:00,2026-04-14 11:45 PM UTC,2026,Final,Final,Final,N,night,2.0,Regular Season,Busch Stadium,114,Cleveland Guardians,CLE,5.0,False,138,St. Louis Cardinals,STL,6.0,True,True
824210,2026-04-14,2026-04-15T00:10:00+00:00,2026-04-15 12:10 AM UTC,2026,Final,Final,Final,N,night,1.0,Regular Season,Daikin Park,115,Colorado Rockies,COL,6.0,False,117,Houston Astros,HOU,7.0,True,True
823315,2026-04-14,2026-04-15T01:40:00+00:00,2026-04-15 01:40 AM UTC,2026,Final,Final,Final,N,night,1.0,Regular Season,Petco Park,136,Seattle Mariners,SEA,1.0,False,135,San Diego Padres,SD,4.0,True,True
825022,2026-04-14,2026-04-15T01:40:00+00:00,2026-04-15 01:40 AM UTC,2026,Final,Final,Final,N,night,2.0,Regular Season,Sutter Health Park,140,Texas Rangers,TEX,1.0,False,133,Athletics,ATH,2.0,True,True
823965,2026-04-14,2026-04-15T02:10:00+00:00,2026-04-15 02:10 AM UTC,2026,Final,Final,Final,N,night,2.0,Regular Season,UNIQLO Field at Dodger Stadium,121,New York Mets,NYM,1.0,False,119,Los Angeles Dodgers,LAD,2.0,True,True
824855,2026-04-15,2026-04-15T16:35:00+00:00,2026-04-15 04:35 PM UTC,2026,Final,Final,Final,N,day,3.0,Regular Season,Oriole Park at Camden Yards,109,Arizona Diamondbacks,AZ,8.0,True,110,Baltimore Orioles,BAL,5.0,False,False
823071,2026-04-15,2026-04-15T17:15:00+00:00,2026-04-15 05:15 PM UTC,2026,Final,Final,Final,N,day,3.0,Regular Season,Busch Stadium,114,Cleveland Guardians,CLE,3.0,False,138,St. Louis Cardinals,STL,5.0,True,True
823722,2026-04-15,2026-04-15T17:40:00+00:00,2026-04-15 05:40 PM UTC,2026,Final,Final,Final,N,day,3.0,Regular Season,Target Field,111,Boston Red Sox,BOS,9.0,True,142,Minnesota Twins,MIN,5.0,False,False
823399,2026-04-15,2026-04-15T22:40:00+00:00,2026-04-15 10:40 PM UTC,2026,Final,Final,Final,N,night,3.0,Regular Season,PNC Park,120,Washington Nationals,WSH,0.0,False,134,Pittsburgh Pirates,PIT,2.0,True,True
823477,2026-04-15,2026-04-15T22:40:00+00:00,2026-04-15 10:40 PM UTC,2026,Final,Final,Final,N,night,3.0,Regular Season,Citizens Bank Park,112,Chicago Cubs,CHC,11.0,True,143,Philadelphia Phillies,PHI,2.0,False,False
824291,2026-04-15,2026-04-15T22:40:00+00:00,2026-04-15 10:40 PM UTC,2026,Final,Final,Final,N,night,2.0,Regular Season,Comerica Park,118,Kansas City Royals,KC,1.0,False,116,Detroit Tigers,DET,2.0,True,True
824532,2026-04-15,2026-04-15T22:40:00+00:00,2026-04-15 10:40 PM UTC,2026,Final,Final,Final,N,night,2.0,Regular Season,Great American Ball Park,137,San Francisco Giants,SF,3.0,False,113,Cincinnati Reds,CIN,8.0,True,True
823561,2026-04-15,2026-04-15T23:05:00+00:00,2026-04-15 11:05 PM UTC,2026,Final,Final,Final,N,night,3.0,Regular Season,Yankee Stadium,108,Los Angeles Angels,LAA,4.0,False,147,New York Yankees,NYY,5.0,True,True
824936,2026-04-15,2026-04-15T23:15:00+00:00,2026-04-15 11:15 PM UTC,2026,Final,Final,Final,N,night,3.0,Regular Season,Truist Park,146,Miami Marlins,MIA,3.0,False,144,Atlanta Braves,ATL,6.0,True,True
823803,2026-04-15,2026-04-15T23:40:00+00:00,2026-04-15 11:40 PM UTC,2026,Final,Final,Final,N,night,2.0,Regular Season,American Family Field,141,Toronto Blue Jays,TOR,1.0,False,158,Milwaukee Brewers,MIL,2.0,True,True
824615,2026-04-15,2026-04-15T23:40:00+00:00,2026-04-15 11:40 PM UTC,2026,Final,Final,Final,N,night,2.0,Regular Season,Rate Field,139,Tampa Bay Rays,TB,8.0,True,145,Chicago White Sox,CWS,3.0,False,False
824209,2026-04-15,2026-04-16T00:10:00+00:00,2026-04-16 12:10 AM UTC,2026,Final,Final,Final,N,night,2.0,Regular Season,Daikin Park,115,Colorado Rockies,COL,1.0,False,117,Houston Astros,HOU,3.0,True,True
823314,2026-04-15,2026-04-16T01:40:00+00:00,2026-04-16 01:40 AM UTC,2026,Final,Final,Final,N,night,2.0,Regular Season,Petco Park,136,Seattle Mariners,SEA,6.0,False,135,San Diego Padres,SD,7.0,True,True
825021,2026-04-15,2026-04-16T01:40:00+00:00,2026-04-16 01:40 AM UTC,2026,Final,Final,Final,N,night,3.0,Regular Season,Sutter Health Park,140,Texas Rangers,TEX,5.0,False,133,Athletics,ATH,6.0,True,True
823963,2026-04-15,2026-04-16T02:10:00+00:00,2026-04-16 02:10 AM UTC,2026,Final,Final,Final,N,night,3.0,Regular Season,UNIQLO Field at Dodger Stadium,121,New York Mets,NYM,2.0,False,119,Los Angeles Dodgers,LAD,8.0,True,True
823396,2026-04-16,2026-04-16T16:35:00+00:00,2026-04-16 04:35 PM UTC,2026,Live,In Progress,Live,N,day,4.0,Regular Season,PNC Park,120,Washington Nationals,WSH,5.0,,134,Pittsburgh Pirates,PIT,6.0,,True
824530,2026-04-16,2026-04-16T16:40:00+00:00,2026-04-16 04:40 PM UTC,2026,Live,In Progress,Live,N,day,3.0,Regular Season,Great American Ball Park,137,San Francisco Giants,SF,3.0,,113,Cincinnati Reds,CIN,0.0,,False
824289,2026-04-16,2026-04-16T17:10:00+00:00,2026-04-16 05:10 PM UTC,2026,Live,In Progress,Live,N,day,3.0,Regular Season,Comerica Park,118,Kansas City Royals,KC,0.0,,116,Detroit Tigers,DET,1.0,,True
823560,2026-04-16,2026-04-16T17:35:00+00:00,2026-04-16 05:35 PM UTC,2026,Live,In Progress,Live,N,day,4.0,Regular Season,Yankee Stadium,108,Los Angeles Angels,LAA,2.0,,147,New York Yankees,NYY,3.0,,True
823801,2026-04-16,2026-04-16T17:40:00+00:00,2026-04-16 05:40 PM UTC,2026,Live,In Progress,Live,N,day,3.0,Regular Season,American Family Field,141,Toronto Blue Jays,TOR,1.0,,158,Milwaukee Brewers,MIL,1.0,,
824614,2026-04-16,2026-04-16T18:10:00+00:00,2026-04-16 06:10 PM UTC,2026,Live,In Progress,Live,N,day,3.0,Regular Season,Rate Field,139,Tampa Bay Rays,TB,0.0,,145,Chicago White Sox,CWS,0.0,,
825023,2026-04-16,2026-04-16T19:05:00+00:00,2026-04-16 07:05 PM UTC,2026,Live,Warmup,Live,N,day,4.0,Regular Season,Sutter Health Park,140,Texas Rangers,TEX,0.0,,133,Athletics,ATH,0.0,,
824453,2026-04-16,2026-04-16T22:10:00+00:00,2026-04-16 10:10 PM UTC,2026,Scheduled,Pre-Game,Preview,N,night,1.0,Regular Season,Progressive Field,110,Baltimore Orioles,BAL,,,114,Cleveland Guardians,CLE,,,
824208,2026-04-16,2026-04-17T00:10:00+00:00,2026-04-17 12:10 AM UTC,2026,Scheduled,Scheduled,Preview,N,night,3.0,Regular Season,Daikin Park,115,Colorado Rockies,COL,,,117,Houston Astros,HOU,,,
823313,2026-04-16,2026-04-17T00:40:00+00:00,2026-04-17 12:40 AM UTC,2026,Scheduled,Scheduled,Preview,N,night,3.0,Regular Season,Petco Park,136,Seattle Mariners,SEA,,,135,San Diego Padres,SD,,,
824693,2026-04-17,2026-04-17T18:20:00+00:00,2026-04-17 06:20 PM UTC,2026,Scheduled,Scheduled,Preview,N,day,1.0,Regular Season,Wrigley Field,121,New York Mets,NYM,,,112,Chicago Cubs,CHC,,,
824454,2026-04-17,2026-04-17T22:10:00+00:00,2026-04-17 10:10 PM UTC,2026,Scheduled,Scheduled,Preview,N,night,2.0,Regular Season,Progressive Field,110,Baltimore Orioles,BAL,,,114,Cleveland Guardians,CLE,,,
823476,2026-04-17,2026-04-17T22:40:00+00:00,2026-04-17 10:40 PM UTC,2026,Scheduled,Scheduled,Preview,N,night,1.0,Regular Season,Citizens Bank Park,144,Atlanta Braves,ATL,,,143,Philadelphia Phillies,PHI,,,
822752,2026-04-17,2026-04-17T22:45:00+00:00,2026-04-17 10:45 PM UTC,2026,Scheduled,Scheduled,Preview,N,night,1.0,Regular Season,Nationals Park,137,San Francisco Giants,SF,,,120,Washington Nationals,WSH,,,
823397,2026-04-17,2026-04-17T22:45:00+00:00,2026-04-17 10:45 PM UTC,2026,Scheduled,Scheduled,Preview,N,night,1.0,Regular Season,PNC Park,139,Tampa Bay Rays,TB,,,134,Pittsburgh Pirates,PIT,,,
823559,2026-04-17,2026-04-17T23:05:00+00:00,2026-04-17 11:05 PM UTC,2026,Scheduled,Scheduled,Preview,N,night,1.0,Regular Season,Yankee Stadium,118,Kansas City Royals,KC,,,147,New York Yankees,NYY,,,
823883,2026-04-17,2026-04-17T23:10:00+00:00,2026-04-17 11:10 PM UTC,2026,Scheduled,Scheduled,Preview,N,night,1.0,Regular Season,loanDepot park,158,Milwaukee Brewers,MIL,,,146,Miami Marlins,MIA,,,
824778,2026-04-17,2026-04-17T23:15:00+00:00,2026-04-17 11:15 PM UTC,2026,Scheduled,Scheduled,Preview,N,night,1.0,Regular Season,Fenway Park,116,Detroit Tigers,DET,,,111,Boston Red Sox,BOS,,,
823720,2026-04-17,2026-04-18T00:10:00+00:00,2026-04-18 12:10 AM UTC,2026,Scheduled,Scheduled,Preview,N,night,1.0,Regular Season,Target Field,113,Cincinnati Reds,CIN,,,142,Minnesota Twins,MIN,,,
824207,2026-04-17,2026-04-18T00:10:00+00:00,2026-04-18 12:10 AM UTC,2026,Scheduled,Scheduled,Preview,N,night,1.0,Regular Season,Daikin Park,138,St. Louis Cardinals,STL,,,117,Houston Astros,HOU,,,
824373,2026-04-17,2026-04-18T00:40:00+00:00,2026-04-18 12:40 AM UTC,2026,Scheduled,Scheduled,Preview,N,night,1.0,Regular Season,Coors Field,119,Los Angeles Dodgers,LAD,,,115,Colorado Rockies,COL,,,
824048,2026-04-17,2026-04-18T01:38:00+00:00,2026-04-18 01:38 AM UTC,2026,Scheduled,Scheduled,Preview,N,night,1.0,Regular Season,Angel Stadium,135,San Diego Padres,SD,,,108,Los Angeles Angels,LAA,,,
823152,2026-04-17,2026-04-18T01:40:00+00:00,2026-04-18 01:40 AM UTC,2026,Scheduled,Scheduled,Preview,N,night,1.0,Regular Season,T-Mobile Park,140,Texas Rangers,TEX,,,136,Seattle Mariners,SEA,,,
825019,2026-04-17,2026-04-18T01:40:00+00:00,2026-04-18 01:40 AM UTC,2026,Scheduled,Scheduled,Preview,N,night,1.0,Regular Season,Sutter Health Park,145,Chicago White Sox,CWS,,,133,Athletics,ATH,,,
825101,2026-04-17,2026-04-18T01:40:00+00:00,2026-04-18 01:40 AM UTC,2026,Scheduled,Scheduled,Preview,N,night,1.0,Regular Season,Chase Field,141,Toronto Blue Jays,TOR,,,109,Arizona Diamondbacks,AZ,,,
823558,2026-04-18,2026-04-18T17:35:00+00:00,2026-04-18 05:35 PM UTC,2026,Scheduled,Scheduled,Preview,N,day,2.0,Regular Season,Yankee Stadium,118,Kansas City Royals,KC,,,147,New York Yankees,NYY,,,
823721,2026-04-18,2026-04-18T18:10:00+00:00,2026-04-18 06:10 PM UTC,2026,Scheduled,Scheduled,Preview,N,day,2.0,Regular Season,Target Field,113,Cincinnati Reds,CIN,,,142,Minnesota Twins,MIN,,,
824694,2026-04-18,2026-04-18T18:20:00+00:00,2026-04-18 06:20 PM UTC,2026,Scheduled,Scheduled,Preview,N,day,2.0,Regular Season,Wrigley Field,121,New York Mets,NYM,,,112,Chicago Cubs,CHC,,,
822751,2026-04-18,2026-04-18T20:05:00+00:00,2026-04-18 08:05 PM UTC,2026,Scheduled,Scheduled,Preview,N,day,2.0,Regular Season,Nationals Park,137,San Francisco Giants,SF,,,120,Washington Nationals,WSH,,,
823394,2026-04-18,2026-04-18T20:05:00+00:00,2026-04-18 08:05 PM UTC,2026,Scheduled,Scheduled,Preview,N,day,2.0,Regular Season,PNC Park,139,Tampa Bay Rays,TB,,,134,Pittsburgh Pirates,PIT,,,
825020,2026-04-18,2026-04-18T20:05:00+00:00,2026-04-18 08:05 PM UTC,2026,Scheduled,Scheduled,Preview,N,day,2.0,Regular Season,Sutter Health Park,145,Chicago White Sox,CWS,,,133,Athletics,ATH,,,
823882,2026-04-18,2026-04-18T20:10:00+00:00,2026-04-18 08:10 PM UTC,2026,Scheduled,Scheduled,Preview,N,day,2.0,Regular Season,loanDepot park,158,Milwaukee Brewers,MIL,,,146,Miami Marlins,MIA,,,
824775,2026-04-18,2026-04-18T20:10:00+00:00,2026-04-18 08:10 PM UTC,2026,Scheduled,Scheduled,Preview,N,day,2.0,Regular Season,Fenway Park,116,Detroit Tigers,DET,,,111,Boston Red Sox,BOS,,,
824451,2026-04-18,2026-04-18T22:10:00+00:00,2026-04-18 10:10 PM UTC,2026,Scheduled,Scheduled,Preview,N,night,3.0,Regular Season,Progressive Field,110,Baltimore Orioles,BAL,,,114,Cleveland Guardians,CLE,,,
824206,2026-04-18,2026-04-18T23:10:00+00:00,2026-04-18 11:10 PM UTC,2026,Scheduled,Scheduled,Preview,N,night,2.0,Regular Season,Daikin Park,138,St. Louis Cardinals,STL,,,117,Houston Astros,HOU,,,
823151,2026-04-18,2026-04-18T23:15:00+00:00,2026-04-18 11:15 PM UTC,2026,Scheduled,Scheduled,Preview,N,day,2.0,Regular Season,T-Mobile Park,140,Texas Rangers,TEX,,,136,Seattle Mariners,SEA,,,
823474,2026-04-18,2026-04-18T23:15:00+00:00,2026-04-18 11:15 PM UTC,2026,Scheduled,Scheduled,Preview,N,night,2.0,Regular Season,Citizens Bank Park,144,Atlanta Braves,ATL,,,143,Philadelphia Phillies,PHI,,,
824372,2026-04-18,2026-04-19T00:10:00+00:00,2026-04-19 12:10 AM UTC,2026,Scheduled,Scheduled,Preview,N,night,2.0,Regular Season,Coors Field,119,Los Angeles Dodgers,LAD,,,115,Colorado Rockies,COL,,,
825098,2026-04-18,2026-04-19T00:10:00+00:00,2026-04-19 12:10 AM UTC,2026,Scheduled,Scheduled,Preview,N,night,2.0,Regular Season,Chase Field,141,Toronto Blue Jays,TOR,,,109,Arizona Diamondbacks,AZ,,,
824049,2026-04-18,2026-04-19T01:38:00+00:00,2026-04-19 01:38 AM UTC,2026,Scheduled,Scheduled,Preview,N,night,2.0,Regular Season,Angel Stadium,135,San Diego Padres,SD,,,108,Los Angeles Angels,LAA,,,
822750,2026-04-19,2026-04-19T17:35:00+00:00,2026-04-19 05:35 PM UTC,2026,Scheduled,Scheduled,Preview,N,day,3.0,Regular Season,Nationals Park,137,San Francisco Giants,SF,,,120,Washington Nationals,WSH,,,
823393,2026-04-19,2026-04-19T17:35:00+00:00,2026-04-19 05:35 PM UTC,2026,Scheduled,Scheduled,Preview,N,day,3.0,Regular Season,PNC Park,139,Tampa Bay Rays,TB,,,134,Pittsburgh Pirates,PIT,,,
823556,2026-04-19,2026-04-19T17:35:00+00:00,2026-04-19 05:35 PM UTC,2026,Scheduled,Scheduled,Preview,N,day,3.0,Regular Season,Yankee Stadium,118,Kansas City Royals,KC,,,147,New York Yankees,NYY,,,
824777,2026-04-19,2026-04-19T17:35:00+00:00,2026-04-19 05:35 PM UTC,2026,Scheduled,Scheduled,Preview,N,day,3.0,Regular Season,Fenway Park,116,Detroit Tigers,DET,,,111,Boston Red Sox,BOS,,,
823881,2026-04-19,2026-04-19T17:40:00+00:00,2026-04-19 05:40 PM UTC,2026,Scheduled,Scheduled,Preview,N,day,3.0,Regular Season,loanDepot park,158,Milwaukee Brewers,MIL,,,146,Miami Marlins,MIA,,,
824452,2026-04-19,2026-04-19T17:40:00+00:00,2026-04-19 05:40 PM UTC,2026,Scheduled,Scheduled,Preview,N,day,4.0,Regular Season,Progressive Field,110,Baltimore Orioles,BAL,,,114,Cleveland Guardians,CLE,,,
823718,2026-04-19,2026-04-19T18:10:00+00:00,2026-04-19 06:10 PM UTC,2026,Scheduled,Scheduled,Preview,N,day,3.0,Regular Season,Target Field,113,Cincinnati Reds,CIN,,,142,Minnesota Twins,MIN,,,
824205,2026-04-19,2026-04-19T18:10:00+00:00,2026-04-19 06:10 PM UTC,2026,Scheduled,Scheduled,Preview,N,day,3.0,Regular Season,Daikin Park,138,St. Louis Cardinals,STL,,,117,Houston Astros,HOU,,,
824691,2026-04-19,2026-04-19T18:20:00+00:00,2026-04-19 06:20 PM UTC,2026,Scheduled,Scheduled,Preview,N,day,3.0,Regular Season,Wrigley Field,121,New York Mets,NYM,,,112,Chicago Cubs,CHC,,,
824371,2026-04-19,2026-04-19T19:10:00+00:00,2026-04-19 07:10 PM UTC,2026,Scheduled,Scheduled,Preview,N,day,3.0,Regular Season,Coors Field,119,Los Angeles Dodgers,LAD,,,115,Colorado Rockies,COL,,,
825018,2026-04-19,2026-04-19T20:05:00+00:00,2026-04-19 08:05 PM UTC,2026,Scheduled,Scheduled,Preview,N,day,3.0,Regular Season,Sutter Health Park,145,Chicago White Sox,CWS,,,133,Athletics,ATH,,,
824047,2026-04-19,2026-04-19T20:07:00+00:00,2026-04-19 08:07 PM UTC,2026,Scheduled,Scheduled,Preview,N,day,3.0,Regular Season,Angel Stadium,135,San Diego Padres,SD,,,108,Los Angeles Angels,LAA,,,
823150,2026-04-19,2026-04-19T20:10:00+00:00,2026-04-19 08:10 PM UTC,2026,Scheduled,Scheduled,Preview,N,day,3.0,Regular Season,T-Mobile Park,140,Texas Rangers,TEX,,,136,Seattle Mariners,SEA,,,
825100,2026-04-19,2026-04-19T20:10:00+00:00,2026-04-19 08:10 PM UTC,2026,Scheduled,Scheduled,Preview,N,day,3.0,Regular Season,Chase Field,141,Toronto Blue Jays,TOR,,,109,Arizona Diamondbacks,AZ,,,
823475,2026-04-19,2026-04-19T23:20:00+00:00,2026-04-19 11:20 PM UTC,2026,Scheduled,Scheduled,Preview,N,night,3.0,Regular Season,Citizens Bank Park,144,Atlanta Braves,ATL,,,143,Philadelphia Phillies,PHI,,,
824776,2026-04-20,2026-04-20T15:10:00+00:00,2026-04-20 03:10 PM UTC,2026,Scheduled,Scheduled,Preview,N,day,4.0,Regular Season,Fenway Park,116,Detroit Tigers,DET,,,111,Boston Red Sox,BOS,,,
824450,2026-04-20,2026-04-20T22:10:00+00:00,2026-04-20 10:10 PM UTC,2026,Scheduled,Scheduled,Preview,N,night,1.0,Regular Season,Progressive Field,117,Houston Astros,HOU,,,114,Cleveland Guardians,CLE,,,
822994,2026-04-20,2026-04-20T22:40:00+00:00,2026-04-20 10:40 PM UTC,2026,Scheduled,Scheduled,Preview,N,night,1.0,Regular Season,Tropicana Field,113,Cincinnati Reds,CIN,,,139,Tampa Bay Rays,TB,,,
823879,2026-04-20,2026-04-20T22:40:00+00:00,2026-04-20 10:40 PM UTC,2026,Scheduled,Scheduled,Preview,N,night,1.0,Regular Season,loanDepot park,138,St. Louis Cardinals,STL,,,146,Miami Marlins,MIA,,,
822749,2026-04-20,2026-04-20T22:45:00+00:00,2026-04-20 10:45 PM UTC,2026,Scheduled,Scheduled,Preview,N,night,1.0,Regular Season,Nationals Park,144,Atlanta Braves,ATL,,,120,Washington Nationals,WSH,,,
824125,2026-04-20,2026-04-20T23:40:00+00:00,2026-04-20 11:40 PM UTC,2026,Scheduled,Scheduled,Preview,N,night,1.0,Regular Season,Kauffman Stadium,110,Baltimore Orioles,BAL,,,118,Kansas City Royals,KC,,,
824692,2026-04-20,2026-04-20T23:40:00+00:00,2026-04-20 11:40 PM UTC,2026,Scheduled,Scheduled,Preview,N,night,1.0,Regular Season,Wrigley Field,143,Philadelphia Phillies,PHI,,,112,Chicago Cubs,CHC,,,
824370,2026-04-20,2026-04-21T00:40:00+00:00,2026-04-21 12:40 AM UTC,2026,Scheduled,Scheduled,Preview,N,night,4.0,Regular Season,Coors Field,119,Los Angeles Dodgers,LAD,,,115,Colorado Rockies,COL,,,
824046,2026-04-20,2026-04-21T01:38:00+00:00,2026-04-21 01:38 AM UTC,2026,Scheduled,Scheduled,Preview,N,night,1.0,Regular Season,Angel Stadium,141,Toronto Blue Jays,TOR,,,108,Los Angeles Angels,LAA,,,
823149,2026-04-20,2026-04-21T01:40:00+00:00,2026-04-21 01:40 AM UTC,2026,Scheduled,Scheduled,Preview,N,night,1.0,Regular Season,T-Mobile Park,133,Athletics,ATH,,,136,Seattle Mariners,SEA,,,
824448,2026-04-21,2026-04-21T22:10:00+00:00,2026-04-21 10:10 PM UTC,2026,Scheduled,Scheduled,Preview,N,night,2.0,Regular Season,Progressive Field,117,Houston Astros,HOU,,,114,Cleveland Guardians,CLE,,,
822995,2026-04-21,2026-04-21T22:40:00+00:00,2026-04-21 10:40 PM UTC,2026,Scheduled,Scheduled,Preview,N,night,2.0,Regular Season,Tropicana Field,113,Cincinnati Reds,CIN,,,139,Tampa Bay Rays,TB,,,
823880,2026-04-21,2026-04-21T22:40:00+00:00,2026-04-21 10:40 PM UTC,2026,Scheduled,Scheduled,Preview,N,night,2.0,Regular Season,loanDepot park,138,St. Louis Cardinals,STL,,,146,Miami Marlins,MIA,,,
824290,2026-04-21,2026-04-21T22:40:00+00:00,2026-04-21 10:40 PM UTC,2026,Scheduled,Scheduled,Preview,N,night,1.0,Regular Season,Comerica Park,158,Milwaukee Brewers,MIL,,,116,Detroit Tigers,DET,,,
822747,2026-04-21,2026-04-21T22:45:00+00:00,2026-04-21 10:45 PM UTC,2026,Scheduled,Scheduled,Preview,N,night,2.0,Regular Season,Nationals Park,144,Atlanta Braves,ATL,,,120,Washington Nationals,WSH,,,
824773,2026-04-21,2026-04-21T22:45:00+00:00,2026-04-21 10:45 PM UTC,2026,Scheduled,Scheduled,Preview,N,night,1.0,Regular Season,Fenway Park,147,New York Yankees,NYY,,,111,Boston Red Sox,BOS,,,
823640,2026-04-21,2026-04-21T23:10:00+00:00,2026-04-21 11:10 PM UTC,2026,Scheduled,Scheduled,Preview,N,night,1.0,Regular Season,Citi Field,142,Minnesota Twins,MIN,,,121,New York Mets,NYM,,,
824127,2026-04-21,2026-04-21T23:40:00+00:00,2026-04-21 11:40 PM UTC,2026,Scheduled,Scheduled,Preview,N,night,2.0,Regular Season,Kauffman Stadium,110,Baltimore Orioles,BAL,,,118,Kansas City Royals,KC,,,
824690,2026-04-21,2026-04-21T23:40:00+00:00,2026-04-21 11:40 PM UTC,2026,Scheduled,Scheduled,Preview,N,night,2.0,Regular Season,Wrigley Field,143,Philadelphia Phillies,PHI,,,112,Chicago Cubs,CHC,,,
822914,2026-04-21,2026-04-22T00:05:00+00:00,2026-04-22 12:05 AM UTC,2026,Scheduled,Scheduled,Preview,N,night,1.0,Regular Season,Globe Life Field,134,Pittsburgh Pirates,PIT,,,140,Texas Rangers,TEX,,,
824369,2026-04-21,2026-04-22T00:40:00+00:00,2026-04-22 12:40 AM UTC,2026,Scheduled,Scheduled,Preview,N,night,1.0,Regular Season,Coors Field,135,San Diego Padres,SD,,,115,Colorado Rockies,COL,,,
824045,2026-04-21,2026-04-22T01:38:00+00:00,2026-04-22 01:38 AM UTC,2026,Scheduled,Scheduled,Preview,N,night,2.0,Regular Season,Angel Stadium,141,Toronto Blue Jays,TOR,,,108,Los Angeles Angels,LAA,,,
823148,2026-04-21,2026-04-22T01:40:00+00:00,2026-04-22 01:40 AM UTC,2026,Scheduled,Scheduled,Preview,N,night,2.0,Regular Season,T-Mobile Park,133,Athletics,ATH,,,136,Seattle Mariners,SEA,,,
825099,2026-04-21,2026-04-22T01:40:00+00:00,2026-04-22 01:40 AM UTC,2026,Scheduled,Scheduled,Preview,N,night,1.0,Regular Season,Chase Field,145,Chicago White Sox,CWS,,,109,Arizona Diamondbacks,AZ,,,
823236,2026-04-21,2026-04-22T01:45:00+00:00,2026-04-22 01:45 AM UTC,2026,Scheduled,Scheduled,Preview,N,night,1.0,Regular Season,Oracle Park,119,Los Angeles Dodgers,LAD,,,137,San Francisco Giants,SF,,,
823878,2026-04-22,2026-04-22T16:10:00+00:00,2026-04-22 04:10 PM UTC,2026,Scheduled,Scheduled,Preview,N,day,3.0,Regular Season,loanDepot park,138,St. Louis Cardinals,STL,,,146,Miami Marlins,MIA,,,
822993,2026-04-22,2026-04-22T17:10:00+00:00,2026-04-22 05:10 PM UTC,2026,Scheduled,Scheduled,Preview,N,day,3.0,Regular Season,Tropicana Field,113,Cincinnati Reds,CIN,,,139,Tampa Bay Rays,TB,,,
824449,2026-04-22,2026-04-22T17:10:00+00:00,2026-04-22 05:10 PM UTC,2026,Scheduled,Scheduled,Preview,N,day,3.0,Regular Season,Progressive Field,117,Houston Astros,HOU,,,114,Cleveland Guardians,CLE,,,
824123,2026-04-22,2026-04-22T18:10:00+00:00,2026-04-22 06:10 PM UTC,2026,Scheduled,Scheduled,Preview,N,day,3.0,Regular Season,Kauffman Stadium,110,Baltimore Orioles,BAL,,,118,Kansas City Royals,KC,,,
824044,2026-04-22,2026-04-22T19:07:00+00:00,2026-04-22 07:07 PM UTC,2026,Scheduled,Scheduled,Preview,N,day,3.0,Regular Season,Angel Stadium,141,Toronto Blue Jays,TOR,,,108,Los Angeles Angels,LAA,,,
823147,2026-04-22,2026-04-22T20:10:00+00:00,2026-04-22 08:10 PM UTC,2026,Scheduled,Scheduled,Preview,N,day,3.0,Regular Season,T-Mobile Park,133,Athletics,ATH,,,136,Seattle Mariners,SEA,,,
824286,2026-04-22,2026-04-22T22:40:00+00:00,2026-04-22 10:40 PM UTC,2026,Scheduled,Scheduled,Preview,N,night,2.0,Regular Season,Comerica Park,158,Milwaukee Brewers,MIL,,,116,Detroit Tigers,DET,,,
822748,2026-04-22,2026-04-22T22:45:00+00:00,2026-04-22 10:45 PM UTC,2026,Scheduled,Scheduled,Preview,N,night,3.0,Regular Season,Nationals Park,144,Atlanta Braves,ATL,,,120,Washington Nationals,WSH,,,
824774,2026-04-22,2026-04-22T22:45:00+00:00,2026-04-22 10:45 PM UTC,2026,Scheduled,Scheduled,Preview,N,night,2.0,Regular Season,Fenway Park,147,New York Yankees,NYY,,,111,Boston Red Sox,BOS,,,
823641,2026-04-22,2026-04-22T23:10:00+00:00,2026-04-22 11:10 PM UTC,2026,Scheduled,Scheduled,Preview,N,night,2.0,Regular Season,Citi Field,142,Minnesota Twins,MIN,,,121,New York Mets,NYM,,,
824688,2026-04-22,2026-04-22T23:40:00+00:00,2026-04-22 11:40 PM UTC,2026,Scheduled,Scheduled,Preview,N,night,3.0,Regular Season,Wrigley Field,143,Philadelphia Phillies,PHI,,,112,Chicago Cubs,CHC,,,
822913,2026-04-22,2026-04-23T00:05:00+00:00,2026-04-23 12:05 AM UTC,2026,Scheduled,Scheduled,Preview,N,night,2.0,Regular Season,Globe Life Field,134,Pittsburgh Pirates,PIT,,,140,Texas Rangers,TEX,,,
824367,2026-04-22,2026-04-23T00:40:00+00:00,2026-04-23 12:40 AM UTC,2026,Scheduled,Scheduled,Preview,N,night,2.0,Regular Season,Coors Field,135,San Diego Padres,SD,,,115,Colorado Rockies,COL,,,
825097,2026-04-22,2026-04-23T01:40:00+00:00,2026-04-23 01:40 AM UTC,2026,Scheduled,Scheduled,Preview,N,night,2.0,Regular Season,Chase Field,145,Chicago White Sox,CWS,,,109,Arizona Diamondbacks,AZ,,,
823231,2026-04-22,2026-04-23T01:45:00+00:00,2026-04-23 01:45 AM UTC,2026,Scheduled,Scheduled,Preview,N,night,2.0,Regular Season,Oracle Park,119,Los Angeles Dodgers,LAD,,,137,San Francisco Giants,SF,,,
822745,2026-04-23,2026-04-23T17:05:00+00:00,2026-04-23 05:05 PM UTC,2026,Scheduled,Scheduled,Preview,N,day,4.0,Regular Season,Nationals Park,144,Atlanta Braves,ATL,,,120,Washington Nationals,WSH,,,
824288,2026-04-23,2026-04-23T17:10:00+00:00,2026-04-23 05:10 PM UTC,2026,Scheduled,Scheduled,Preview,N,day,3.0,Regular Season,Comerica Park,158,Milwaukee Brewers,MIL,,,116,Detroit Tigers,DET,,,
824689,2026-04-23,2026-04-23T18:20:00+00:00,2026-04-23 06:20 PM UTC,2026,Scheduled,Scheduled,Preview,N,day,4.0,Regular Season,Wrigley Field,143,Philadelphia Phillies,PHI,,,112,Chicago Cubs,CHC,,,
824368,2026-04-23,2026-04-23T19:10:00+00:00,2026-04-23 07:10 PM UTC,2026,Scheduled,Scheduled,Preview,N,day,3.0,Regular Season,Coors Field,135,San Diego Padres,SD,,,115,Colorado Rockies,COL,,,
825096,2026-04-23,2026-04-23T19:40:00+00:00,2026-04-23 07:40 PM UTC,2026,Scheduled,Scheduled,Preview,N,day,3.0,Regular Season,Chase Field,145,Chicago White Sox,CWS,,,109,Arizona Diamondbacks,AZ,,,
823233,2026-04-23,2026-04-23T19:45:00+00:00,2026-04-23 07:45 PM UTC,2026,Scheduled,Scheduled,Preview,N,day,3.0,Regular Season,Oracle Park,119,Los Angeles Dodgers,LAD,,,137,San Francisco Giants,SF,,,
824770,2026-04-23,2026-04-23T22:10:00+00:00,2026-04-23 10:10 PM UTC,2026,Scheduled,Scheduled,Preview,N,night,3.0,Regular Season,Fenway Park,147,New York Yankees,NYY,,,111,Boston Red Sox,BOS,,,
823639,2026-04-23,2026-04-23T23:10:00+00:00,2026-04-23 11:10 PM UTC,2026,Scheduled,Scheduled,Preview,N,night,3.0,Regular Season,Citi Field,142,Minnesota Twins,MIN,,,121,New York Mets,NYM,,,
822912,2026-04-23,2026-04-24T00:05:00+00:00,2026-04-24 12:05 AM UTC,2026,Scheduled,Scheduled,Preview,N,night,3.0,Regular Season,Globe Life Field,134,Pittsburgh Pirates,PIT,,,140,Texas Rangers,TEX,,,
824529,2026-04-24,2026-04-24T22:40:00+00:00,2026-04-24 10:40 PM UTC,2026,Scheduled,Scheduled,Preview,N,night,1.0,Regular Season,Great American Ball Park,116,Detroit Tigers,DET,,,113,Cincinnati Reds,CIN,,,
824854,2026-04-24,2026-04-24T23:05:00+00:00,2026-04-24 11:05 PM UTC,2026,Scheduled,Scheduled,Preview,N,night,1.0,Regular Season,Oriole Park at Camden Yards,111,Boston Red Sox,BOS,,,110,Baltimore Orioles,BAL,,,
822827,2026-04-24,2026-04-24T23:07:00+00:00,2026-04-24 11:07 PM UTC,2026,Scheduled,Scheduled,Preview,N,night,1.0,Regular Season,Rogers Centre,114,Cleveland Guardians,CLE,,,141,Toronto Blue Jays,TOR,,,
822992,2026-04-24,2026-04-24T23:10:00+00:00,2026-04-24 11:10 PM UTC,2026,Scheduled,Scheduled,Preview,N,night,1.0,Regular Season,Tropicana Field,142,Minnesota Twins,MIN,,,139,Tampa Bay Rays,TB,,,
823638,2026-04-24,2026-04-24T23:10:00+00:00,2026-04-24 11:10 PM UTC,2026,Scheduled,Scheduled,Preview,N,night,1.0,Regular Season,Citi Field,115,Colorado Rockies,COL,,,121,New York Mets,NYM,,,
824932,2026-04-24,2026-04-24T23:15:00+00:00,2026-04-24 11:15 PM UTC,2026,Scheduled,Scheduled,Preview,N,night,1.0,Regular Season,Truist Park,143,Philadelphia Phillies,PHI,,,144,Atlanta Braves,ATL,,,
823800,2026-04-24,2026-04-24T23:40:00+00:00,2026-04-24 11:40 PM UTC,2026,Scheduled,Scheduled,Preview,N,night,1.0,Regular Season,American Family Field,134,Pittsburgh Pirates,PIT,,,158,Milwaukee Brewers,MIL,,,
824124,2026-04-24,2026-04-24T23:40:00+00:00,2026-04-24 11:40 PM UTC,2026,Scheduled,Scheduled,Preview,N,night,1.0,Regular Season,Kauffman Stadium,108,Los Angeles Angels,LAA,,,118,Kansas City Royals,KC,,,
824611,2026-04-24,2026-04-24T23:40:00+00:00,2026-04-24 11:40 PM UTC,2026,Scheduled,Scheduled,Preview,N,night,1.0,Regular Season,Rate Field,120,Washington Nationals,WSH,,,145,Chicago White Sox,CWS,,,
822909,2026-04-24,2026-04-25T00:05:00+00:00,2026-04-25 12:05 AM UTC,2026,Scheduled,Scheduled,Preview,N,night,1.0,Regular Season,Globe Life Field,133,Athletics,ATH,,,140,Texas Rangers,TEX,,,
824204,2026-04-24,2026-04-25T00:10:00+00:00,2026-04-25 12:10 AM UTC,2026,Scheduled,Scheduled,Preview,N,night,1.0,Regular Season,Daikin Park,147,New York Yankees,NYY,,,117,Houston Astros,HOU,,,
823069,2026-04-24,2026-04-25T00:15:00+00:00,2026-04-25 12:15 AM UTC,2026,Scheduled,Scheduled,Preview,N,night,1.0,Regular Season,Busch Stadium,136,Seattle Mariners,SEA,,,138,St. Louis Cardinals,STL,,,
823232,2026-04-24,2026-04-25T02:15:00+00:00,2026-04-25 02:15 AM UTC,2026,Scheduled,Scheduled,Preview,N,night,1.0,Regular Season,Oracle Park,146,Miami Marlins,MIA,,,137,San Francisco Giants,SF,,,
823962,2026-04-24,2026-04-25T02:15:00+00:00,2026-04-25 02:15 AM UTC,2026,Scheduled,Scheduled,Preview,N,night,1.0,Regular Season,UNIQLO Field at Dodger Stadium,112,Chicago Cubs,CHC,,,119,Los Angeles Dodgers,LAD,,,
823070,2026-04-25,2026-04-25T18:15:00+00:00,2026-04-25 06:15 PM UTC,2026,Scheduled,Scheduled,Preview,N,day,2.0,Regular Season,Busch Stadium,136,Seattle Mariners,SEA,,,138,St. Louis Cardinals,STL,,,
822826,2026-04-25,2026-04-25T19:07:00+00:00,2026-04-25 07:07 PM UTC,2026,Scheduled,Scheduled,Preview,N,day,2.0,Regular Season,Rogers Centre,114,Cleveland Guardians,CLE,,,141,Toronto Blue Jays,TOR,,,
823229,2026-04-25,2026-04-25T20:05:00+00:00,2026-04-25 08:05 PM UTC,2026,Scheduled,Scheduled,Preview,N,day,2.0,Regular Season,Oracle Park,146,Miami Marlins,MIA,,,137,San Francisco Giants,SF,,,
824851,2026-04-25,2026-04-25T20:05:00+00:00,2026-04-25 08:05 PM UTC,2026,Scheduled,Scheduled,Preview,N,day,2.0,Regular Season,Oriole Park at Camden Yards,111,Boston Red Sox,BOS,,,110,Baltimore Orioles,BAL,,,
822989,2026-04-25,2026-04-25T20:10:00+00:00,2026-04-25 08:10 PM UTC,2026,Scheduled,Scheduled,Preview,N,day,2.0,Regular Season,Tropicana Field,142,Minnesota Twins,MIN,,,139,Tampa Bay Rays,TB,,,
823637,2026-04-25,2026-04-25T20:10:00+00:00,2026-04-25 08:10 PM UTC,2026,Scheduled,Scheduled,Preview,N,day,2.0,Regular Season,Citi Field,115,Colorado Rockies,COL,,,121,New York Mets,NYM,,,
824613,2026-04-25,2026-04-25T20:10:00+00:00,2026-04-25 08:10 PM UTC,2026,Scheduled,Scheduled,Preview,N,day,2.0,Regular Season,Rate Field,120,Washington Nationals,WSH,,,145,Chicago White Sox,CWS,,,
825093,2026-04-25,2026-04-25T22:05:00+00:00,2026-04-25 10:05 PM UTC,2026,Scheduled,Scheduled,Preview,N,day,1.0,Regular Season,Estadio Alfredo Harp Helu,135,San Diego Padres,SD,,,109,Arizona Diamondbacks,AZ,,,
822910,2026-04-25,2026-04-25T23:05:00+00:00,2026-04-25 11:05 PM UTC,2026,Scheduled,Scheduled,Preview,N,night,2.0,Regular Season,Globe Life Field,133,Athletics,ATH,,,140,Texas Rangers,TEX,,,
823799,2026-04-25,2026-04-25T23:10:00+00:00,2026-04-25 11:10 PM UTC,2026,Scheduled,Scheduled,Preview,N,night,2.0,Regular Season,American Family Field,134,Pittsburgh Pirates,PIT,,,158,Milwaukee Brewers,MIL,,,
824121,2026-04-25,2026-04-25T23:10:00+00:00,2026-04-25 11:10 PM UTC,2026,Scheduled,Scheduled,Preview,N,night,2.0,Regular Season,Kauffman Stadium,108,Los Angeles Angels,LAA,,,118,Kansas City Royals,KC,,,
824203,2026-04-25,2026-04-25T23:10:00+00:00,2026-04-25 11:10 PM UTC,2026,Scheduled,Scheduled,Preview,N,night,2.0,Regular Season,Daikin Park,147,New York Yankees,NYY,,,117,Houston Astros,HOU,,,
823960,2026-04-25,2026-04-25T23:15:00+00:00,2026-04-25 11:15 PM UTC,2026,Scheduled,Scheduled,Preview,N,day,2.0,Regular Season,UNIQLO Field at Dodger Stadium,112,Chicago Cubs,CHC,,,119,Los Angeles Dodgers,LAD,,,
824527,2026-04-25,2026-04-25T23:15:00+00:00,2026-04-25 11:15 PM UTC,2026,Scheduled,Scheduled,Preview,N,night,2.0,Regular Season,Great American Ball Park,116,Detroit Tigers,DET,,,113,Cincinnati Reds,CIN,,,
824933,2026-04-25,2026-04-25T23:15:00+00:00,2026-04-25 11:15 PM UTC,2026,Scheduled,Scheduled,Preview,N,night,2.0,Regular Season,Truist Park,143,Philadelphia Phillies,PHI,,,144,Atlanta Braves,ATL,,,
824852,2026-04-26,2026-04-26T17:35:00+00:00,2026-04-26 05:35 PM UTC,2026,Scheduled,Scheduled,Preview,N,day,3.0,Regular Season,Oriole Park at Camden Yards,111,Boston Red Sox,BOS,,,110,Baltimore Orioles,BAL,,,
824934,2026-04-26,2026-04-26T17:35:00+00:00,2026-04-26 05:35 PM UTC,2026,Scheduled,Scheduled,Preview,N,day,3.0,Regular Season,Truist Park,143,Philadelphia Phillies,PHI,,,144,Atlanta Braves,ATL,,,
822824,2026-04-26,2026-04-26T17:37:00+00:00,2026-04-26 05:37 PM UTC,2026,Scheduled,Scheduled,Preview,N,day,3.0,Regular Season,Rogers Centre,114,Cleveland Guardians,CLE,,,141,Toronto Blue Jays,TOR,,,
822991,2026-04-26,2026-04-26T17:40:00+00:00,2026-04-26 05:40 PM UTC,2026,Scheduled,Scheduled,Preview,N,day,3.0,Regular Season,Tropicana Field,142,Minnesota Twins,MIN,,,139,Tampa Bay Rays,TB,,,
823635,2026-04-26,2026-04-26T17:40:00+00:00,2026-04-26 05:40 PM UTC,2026,Scheduled,Scheduled,Preview,N,day,3.0,Regular Season,Citi Field,115,Colorado Rockies,COL,,,121,New York Mets,NYM,,,
824528,2026-04-26,2026-04-26T17:40:00+00:00,2026-04-26 05:40 PM UTC,2026,Scheduled,Scheduled,Preview,N,day,3.0,Regular Season,Great American Ball Park,116,Detroit Tigers,DET,,,113,Cincinnati Reds,CIN,,,
823797,2026-04-26,2026-04-26T18:10:00+00:00,2026-04-26 06:10 PM UTC,2026,Scheduled,Scheduled,Preview,N,day,3.0,Regular Season,American Family Field,134,Pittsburgh Pirates,PIT,,,158,Milwaukee Brewers,MIL,,,
824202,2026-04-26,2026-04-26T18:10:00+00:00,2026-04-26 06:10 PM UTC,2026,Scheduled,Scheduled,Preview,N,day,3.0,Regular Season,Daikin Park,147,New York Yankees,NYY,,,117,Houston Astros,HOU,,,
824612,2026-04-26,2026-04-26T18:10:00+00:00,2026-04-26 06:10 PM UTC,2026,Scheduled,Scheduled,Preview,N,day,3.0,Regular Season,Rate Field,120,Washington Nationals,WSH,,,145,Chicago White Sox,CWS,,,
823068,2026-04-26,2026-04-26T18:15:00+00:00,2026-04-26 06:15 PM UTC,2026,Scheduled,Scheduled,Preview,N,day,3.0,Regular Season,Busch Stadium,136,Seattle Mariners,SEA,,,138,St. Louis Cardinals,STL,,,
822911,2026-04-26,2026-04-26T18:35:00+00:00,2026-04-26 06:35 PM UTC,2026,Scheduled,Scheduled,Preview,N,day,3.0,Regular Season,Globe Life Field,133,Athletics,ATH,,,140,Texas Rangers,TEX,,,
823230,2026-04-26,2026-04-26T20:05:00+00:00,2026-04-26 08:05 PM UTC,2026,Scheduled,Scheduled,Preview,N,day,3.0,Regular Season,Oracle Park,146,Miami Marlins,MIA,,,137,San Francisco Giants,SF,,,
825094,2026-04-26,2026-04-26T20:05:00+00:00,2026-04-26 08:05 PM UTC,2026,Scheduled,Scheduled,Preview,N,day,2.0,Regular Season,Estadio Alfredo Harp Helu,135,San Diego Padres,SD,,,109,Arizona Diamondbacks,AZ,,,
823959,2026-04-26,2026-04-26T20:10:00+00:00,2026-04-26 08:10 PM UTC,2026,Scheduled,Scheduled,Preview,N,day,3.0,Regular Season,UNIQLO Field at Dodger Stadium,112,Chicago Cubs,CHC,,,119,Los Angeles Dodgers,LAD,,,
824122,2026-04-26,2026-04-26T23:20:00+00:00,2026-04-26 11:20 PM UTC,2026,Scheduled,Scheduled,Preview,N,night,3.0,Regular Season,Kauffman Stadium,108,Los Angeles Angels,LAA,,,118,Kansas City Royals,KC,,,
824446,2026-04-27,2026-04-27T22:10:00+00:00,2026-04-27 10:10 PM UTC,2026,Scheduled,Scheduled,Preview,N,night,1.0,Regular Season,Progressive Field,139,Tampa Bay Rays,TB,,,114,Cleveland Guardians,CLE,,,
823395,2026-04-27,2026-04-27T22:40:00+00:00,2026-04-27 10:40 PM UTC,2026,Scheduled,Scheduled,Preview,N,night,1.0,Regular Season,PNC Park,138,St. Louis Cardinals,STL,,,134,Pittsburgh Pirates,PIT,,,
822825,2026-04-27,2026-04-27T23:07:00+00:00,2026-04-27 11:07 PM UTC,2026,Scheduled,Scheduled,Preview,N,night,1.0,Regular Season,Rogers Centre,111,Boston Red Sox,BOS,,,141,Toronto Blue Jays,TOR,,,
823719,2026-04-27,2026-04-27T23:40:00+00:00,2026-04-27 11:40 PM UTC,2026,Scheduled,Scheduled,Preview,N,night,1.0,Regular Season,Target Field,136,Seattle Mariners,SEA,,,142,Minnesota Twins,MIN,,,
824609,2026-04-27,2026-04-27T23:40:00+00:00,2026-04-27 11:40 PM UTC,2026,Scheduled,Scheduled,Preview,N,night,1.0,Regular Season,Rate Field,108,Los Angeles Angels,LAA,,,145,Chicago White Sox,CWS,,,
822906,2026-04-27,2026-04-28T00:05:00+00:00,2026-04-28 12:05 AM UTC,2026,Scheduled,Scheduled,Preview,N,night,1.0,Regular Season,Globe Life Field,147,New York Yankees,NYY,,,140,Texas Rangers,TEX,,,
823311,2026-04-27,2026-04-28T01:40:00+00:00,2026-04-28 01:40 AM UTC,2026,Scheduled,Scheduled,Preview,N,night,1.0,Regular Season,Petco Park,112,Chicago Cubs,CHC,,,135,San Diego Padres,SD,,,
823961,2026-04-27,2026-04-28T02:10:00+00:00,2026-04-28 02:10 AM UTC,2026,Scheduled,Scheduled,Preview,N,night,1.0,Regular Season,UNIQLO Field at Dodger Stadium,146,Miami Marlins,MIA,,,119,Los Angeles Dodgers,LAD,,,
824447,2026-04-28,2026-04-28T22:10:00+00:00,2026-04-28 10:10 PM UTC,2026,Scheduled,Scheduled,Preview,N,night,2.0,Regular Season,Progressive Field,139,Tampa Bay Rays,TB,,,114,Cleveland Guardians,CLE,,,
824849,2026-04-28,2026-04-28T22:35:00+00:00,2026-04-28 10:35 PM UTC,2026,Scheduled,Scheduled,Preview,N,night,1.0,Regular Season,Oriole Park at Camden Yards,117,Houston Astros,HOU,,,110,Baltimore Orioles,BAL,,,
823390,2026-04-28,2026-04-28T22:40:00+00:00,2026-04-28 10:40 PM UTC,2026,Scheduled,Scheduled,Preview,N,night,2.0,Regular Season,PNC Park,138,St. Louis Cardinals,STL,,,134,Pittsburgh Pirates,PIT,,,
823473,2026-04-28,2026-04-28T22:40:00+00:00,2026-04-28 10:40 PM UTC,2026,Scheduled,Scheduled,Preview,N,night,1.0,Regular Season,Citizens Bank Park,137,San Francisco Giants,SF,,,143,Philadelphia Phillies,PHI,,,
824526,2026-04-28,2026-04-28T22:40:00+00:00,2026-04-28 10:40 PM UTC,2026,Scheduled,Scheduled,Preview,N,night,1.0,Regular Season,Great American Ball Park,115,Colorado Rockies,COL,,,113,Cincinnati Reds,CIN,,,
822823,2026-04-28,2026-04-28T23:07:00+00:00,2026-04-28 11:07 PM UTC,2026,Scheduled,Scheduled,Preview,N,night,2.0,Regular Season,Rogers Centre,111,Boston Red Sox,BOS,,,141,Toronto Blue Jays,TOR,,,
823636,2026-04-28,2026-04-28T23:10:00+00:00,2026-04-28 11:10 PM UTC,2026,Scheduled,Scheduled,Preview,N,night,1.0,Regular Season,Citi Field,120,Washington Nationals,WSH,,,121,New York Mets,NYM,,,
824931,2026-04-28,2026-04-28T23:15:00+00:00,2026-04-28 11:15 PM UTC,2026,Scheduled,Scheduled,Preview,N,night,1.0,Regular Season,Truist Park,116,Detroit Tigers,DET,,,144,Atlanta Braves,ATL,,,
823716,2026-04-28,2026-04-28T23:40:00+00:00,2026-04-28 11:40 PM UTC,2026,Scheduled,Scheduled,Preview,N,night,2.0,Regular Season,Target Field,136,Seattle Mariners,SEA,,,142,Minnesota Twins,MIN,,,
823798,2026-04-28,2026-04-28T23:40:00+00:00,2026-04-28 11:40 PM UTC,2026,Scheduled,Scheduled,Preview,N,night,1.0,Regular Season,American Family Field,109,Arizona Diamondbacks,AZ,,,158,Milwaukee Brewers,MIL,,,
824610,2026-04-28,2026-04-28T23:40:00+00:00,2026-04-28 11:40 PM UTC,2026,Scheduled,Scheduled,Preview,N,night,2.0,Regular Season,Rate Field,108,Los Angeles Angels,LAA,,,145,Chicago White Sox,CWS,,,
822908,2026-04-28,2026-04-29T00:05:00+00:00,2026-04-29 12:05 AM UTC,2026,Scheduled,Scheduled,Preview,N,night,2.0,Regular Season,Globe Life Field,147,New York Yankees,NYY,,,140,Texas Rangers,TEX,,,
823310,2026-04-28,2026-04-29T01:40:00+00:00,2026-04-29 01:40 AM UTC,2026,Scheduled,Scheduled,Preview,N,night,2.0,Regular Season,Petco Park,112,Chicago Cubs,CHC,,,135,San Diego Padres,SD,,,
825017,2026-04-28,2026-04-29T01:40:00+00:00,2026-04-29 01:40 AM UTC,2026,Scheduled,Scheduled,Preview,N,night,1.0,Regular Season,Sutter Health Park,118,Kansas City Royals,KC,,,133,Athletics,ATH,,,
823956,2026-04-28,2026-04-29T02:10:00+00:00,2026-04-29 02:10 AM UTC,2026,Scheduled,Scheduled,Preview,N,night,2.0,Regular Season,UNIQLO Field at Dodger Stadium,146,Miami Marlins,MIA,,,119,Los Angeles Dodgers,LAD,,,
824445,2026-04-29,2026-04-29T17:10:00+00:00,2026-04-29 05:10 PM UTC,2026,Scheduled,Scheduled,Preview,N,day,3.0,Regular Season,Progressive Field,139,Tampa Bay Rays,TB,,,114,Cleveland Guardians,CLE,,,
824608,2026-04-29,2026-04-29T17:10:00+00:00,2026-04-29 05:10 PM UTC,2026,Scheduled,Scheduled,Preview,N,day,3.0,Regular Season,Rate Field,108,Los Angeles Angels,LAA,,,145,Chicago White Sox,CWS,,,
823717,2026-04-29,2026-04-29T17:40:00+00:00,2026-04-29 05:40 PM UTC,2026,Scheduled,Scheduled,Preview,N,day,3.0,Regular Season,Target Field,136,Seattle Mariners,SEA,,,142,Minnesota Twins,MIN,,,
822907,2026-04-29,2026-04-29T18:35:00+00:00,2026-04-29 06:35 PM UTC,2026,Scheduled,Scheduled,Preview,N,day,3.0,Regular Season,Globe Life Field,147,New York Yankees,NYY,,,140,Texas Rangers,TEX,,,
822821,2026-04-29,2026-04-29T19:07:00+00:00,2026-04-29 07:07 PM UTC,2026,Scheduled,Scheduled,Preview,N,day,3.0,Regular Season,Rogers Centre,111,Boston Red Sox,BOS,,,141,Toronto Blue Jays,TOR,,,
823958,2026-04-29,2026-04-29T19:10:00+00:00,2026-04-29 07:10 PM UTC,2026,Scheduled,Scheduled,Preview,N,day,3.0,Regular Season,UNIQLO Field at Dodger Stadium,146,Miami Marlins,MIA,,,119,Los Angeles Dodgers,LAD,,,
823312,2026-04-29,2026-04-29T20:10:00+00:00,2026-04-29 08:10 PM UTC,2026,Scheduled,Scheduled,Preview,N,day,3.0,Regular Season,Petco Park,112,Chicago Cubs,CHC,,,135,San Diego Padres,SD,,,
824850,2026-04-29,2026-04-29T22:35:00+00:00,2026-04-29 10:35 PM UTC,2026,Scheduled,Scheduled,Preview,N,night,2.0,Regular Season,Oriole Park at Camden Yards,117,Houston Astros,HOU,,,110,Baltimore Orioles,BAL,,,
823392,2026-04-29,2026-04-29T22:40:00+00:00,2026-04-29 10:40 PM UTC,2026,Scheduled,Scheduled,Preview,N,night,3.0,Regular Season,PNC Park,138,St. Louis Cardinals,STL,,,134,Pittsburgh Pirates,PIT,,,
823471,2026-04-29,2026-04-29T22:40:00+00:00,2026-04-29 10:40 PM UTC,2026,Scheduled,Scheduled,Preview,N,night,2.0,Regular Season,Citizens Bank Park,137,San Francisco Giants,SF,,,143,Philadelphia Phillies,PHI,,,
824525,2026-04-29,2026-04-29T22:40:00+00:00,2026-04-29 10:40 PM UTC,2026,Scheduled,Scheduled,Preview,N,night,2.0,Regular Season,Great American Ball Park,115,Colorado Rockies,COL,,,113,Cincinnati Reds,CIN,,,
823633,2026-04-29,2026-04-29T23:10:00+00:00,2026-04-29 11:10 PM UTC,2026,Scheduled,Scheduled,Preview,N,night,2.0,Regular Season,Citi Field,120,Washington Nationals,WSH,,,121,New York Mets,NYM,,,
824930,2026-04-29,2026-04-29T23:15:00+00:00,2026-04-29 11:15 PM UTC,2026,Scheduled,Scheduled,Preview,N,night,2.0,Regular Season,Truist Park,116,Detroit Tigers,DET,,,144,Atlanta Braves,ATL,,,
823796,2026-04-29,2026-04-29T23:40:00+00:00,2026-04-29 11:40 PM UTC,2026,Scheduled,Scheduled,Preview,N,night,2.0,Regular Season,American Family Field,109,Arizona Diamondbacks,AZ,,,158,Milwaukee Brewers,MIL,,,
825015,2026-04-29,2026-04-30T01:40:00+00:00,2026-04-30 01:40 AM UTC,2026,Scheduled,Scheduled,Preview,N,night,2.0,Regular Season,Sutter Health Park,118,Kansas City Royals,KC,,,133,Athletics,ATH,,,
824929,2026-04-30,2026-04-30T16:15:00+00:00,2026-04-30 04:15 PM UTC,2026,Scheduled,Scheduled,Preview,N,day,3.0,Regular Season,Truist Park,116,Detroit Tigers,DET,,,144,Atlanta Braves,ATL,,,
823391,2026-04-30,2026-04-30T16:35:00+00:00,2026-04-30 04:35 PM UTC,2026,Scheduled,Scheduled,Preview,N,day,4.0,Regular Season,PNC Park,138,St. Louis Cardinals,STL,,,134,Pittsburgh Pirates,PIT,,,
824848,2026-04-30,2026-04-30T16:35:00+00:00,2026-04-30 04:35 PM UTC,2026,Scheduled,Scheduled,Preview,N,day,3.0,Regular Season,Oriole Park at Camden Yards,117,Houston Astros,HOU,,,110,Baltimore Orioles,BAL,,,
824524,2026-04-30,2026-04-30T16:40:00+00:00,2026-04-30 04:40 PM UTC,2026,Scheduled,Scheduled,Preview,N,day,3.0,Regular Season,Great American Ball Park,115,Colorado Rockies,COL,,,113,Cincinnati Reds,CIN,,,
823472,2026-04-30,2026-04-30T17:05:00+00:00,2026-04-30 05:05 PM UTC,2026,Scheduled,Scheduled,Preview,N,day,3.0,Regular Season,Citizens Bank Park,137,San Francisco Giants,SF,,,143,Philadelphia Phillies,PHI,,,
823634,2026-04-30,2026-04-30T17:10:00+00:00,2026-04-30 05:10 PM UTC,2026,Scheduled,Scheduled,Preview,N,day,3.0,Regular Season,Citi Field,120,Washington Nationals,WSH,,,121,New York Mets,NYM,,,
823795,2026-04-30,2026-04-30T17:40:00+00:00,2026-04-30 05:40 PM UTC,2026,Scheduled,Scheduled,Preview,N,day,3.0,Regular Season,American Family Field,109,Arizona Diamondbacks,AZ,,,158,Milwaukee Brewers,MIL,,,
825016,2026-04-30,2026-04-30T19:05:00+00:00,2026-04-30 07:05 PM UTC,2026,Scheduled,Scheduled,Preview,N,day,3.0,Regular Season,Sutter Health Park,118,Kansas City Royals,KC,,,133,Athletics,ATH,,,
823714,2026-04-30,2026-04-30T23:40:00+00:00,2026-04-30 11:40 PM UTC,2026,Scheduled,Scheduled,Preview,N,night,1.0,Regular Season,Target Field,141,Toronto Blue Jays,TOR,,,142,Minnesota Twins,MIN,,,
824686,2026-05-01,2026-05-01T18:20:00+00:00,2026-05-01 06:20 PM UTC,2026,Scheduled,Scheduled,Preview,N,day,1.0,Regular Season,Wrigley Field,109,Arizona Diamondbacks,AZ,,,112,Chicago Cubs,CHC,,,
824287,2026-05-01,2026-05-01T22:40:00+00:00,2026-05-01 10:40 PM UTC,2026,Scheduled,Scheduled,Preview,N,night,1.0,Regular Season,Comerica Park,140,Texas Rangers,TEX,,,116,Detroit Tigers,DET,,,
822744,2026-05-01,2026-05-01T22:45:00+00:00,2026-05-01 10:45 PM UTC,2026,Scheduled,Scheduled,Preview,N,night,1.0,Regular Season,Nationals Park,158,Milwaukee Brewers,MIL,,,120,Washington Nationals,WSH,,,
823389,2026-05-01,2026-05-01T22:45:00+00:00,2026-05-01 10:45 PM UTC,2026,Scheduled,Scheduled,Preview,N,night,1.0,Regular Season,PNC Park,113,Cincinnati Reds,CIN,,,134,Pittsburgh Pirates,PIT,,,
823557,2026-05-01,2026-05-01T23:05:00+00:00,2026-05-01 11:05 PM UTC,2026,Scheduled,Scheduled,Preview,N,night,1.0,Regular Season,Yankee Stadium,110,Baltimore Orioles,BAL,,,147,New York Yankees,NYY,,,
822990,2026-05-01,2026-05-01T23:10:00+00:00,2026-05-01 11:10 PM UTC,2026,Scheduled,Scheduled,Preview,N,night,1.0,Regular Season,Tropicana Field,137,San Francisco Giants,SF,,,139,Tampa Bay Rays,TB,,,
823877,2026-05-01,2026-05-01T23:10:00+00:00,2026-05-01 11:10 PM UTC,2026,Scheduled,Scheduled,Preview,N,night,1.0,Regular Season,loanDepot park,143,Philadelphia Phillies,PHI,,,146,Miami Marlins,MIA,,,
824772,2026-05-01,2026-05-01T23:10:00+00:00,2026-05-01 11:10 PM UTC,2026,Scheduled,Scheduled,Preview,N,night,1.0,Regular Season,Fenway Park,117,Houston Astros,HOU,,,111,Boston Red Sox,BOS,,,
823713,2026-05-01,2026-05-02T00:10:00+00:00,2026-05-02 12:10 AM UTC,2026,Scheduled,Scheduled,Preview,N,night,2.0,Regular Season,Target Field,141,Toronto Blue Jays,TOR,,,142,Minnesota Twins,MIN,,,
823066,2026-05-01,2026-05-02T00:15:00+00:00,2026-05-02 12:15 AM UTC,2026,Scheduled,Scheduled,Preview,N,night,1.0,Regular Season,Busch Stadium,119,Los Angeles Dodgers,LAD,,,138,St. Louis Cardinals,STL,,,
824366,2026-05-01,2026-05-02T00:40:00+00:00,2026-05-02 12:40 AM UTC,2026,Scheduled,Scheduled,Preview,N,night,1.0,Regular Season,Coors Field,144,Atlanta Braves,ATL,,,115,Colorado Rockies,COL,,,
824041,2026-05-01,2026-05-02T01:38:00+00:00,2026-05-02 01:38 AM UTC,2026,Scheduled,Scheduled,Preview,N,night,1.0,Regular Season,Angel Stadium,121,New York Mets,NYM,,,108,Los Angeles Angels,LAA,,,
823309,2026-05-01,2026-05-02T01:40:00+00:00,2026-05-02 01:40 AM UTC,2026,Scheduled,Scheduled,Preview,N,night,1.0,Regular Season,Petco Park,145,Chicago White Sox,CWS,,,135,San Diego Padres,SD,,,
825012,2026-05-01,2026-05-02T01:40:00+00:00,2026-05-02 01:40 AM UTC,2026,Scheduled,Scheduled,Preview,N,night,1.0,Regular Season,Sutter Health Park,114,Cleveland Guardians,CLE,,,133,Athletics,ATH,,,
823146,2026-05-01,2026-05-02T01:45:00+00:00,2026-05-02 01:45 AM UTC,2026,Scheduled,Scheduled,Preview,N,night,1.0,Regular Season,T-Mobile Park,118,Kansas City Royals,KC,,,136,Seattle Mariners,SEA,,,
823554,2026-05-02,2026-05-02T17:35:00+00:00,2026-05-02 05:35 PM UTC,2026,Scheduled,Scheduled,Preview,N,day,2.0,Regular Season,Yankee Stadium,110,Baltimore Orioles,BAL,,,147,New York Yankees,NYY,,,
823715,2026-05-02,2026-05-02T18:10:00+00:00,2026-05-02 06:10 PM UTC,2026,Scheduled,Scheduled,Preview,N,day,3.0,Regular Season,Target Field,141,Toronto Blue Jays,TOR,,,142,Minnesota Twins,MIN,,,
824685,2026-05-02,2026-05-02T18:20:00+00:00,2026-05-02 06:20 PM UTC,2026,Scheduled,Scheduled,Preview,N,day,2.0,Regular Season,Wrigley Field,109,Arizona Diamondbacks,AZ,,,112,Chicago Cubs,CHC,,,
822746,2026-05-02,2026-05-02T20:05:00+00:00,2026-05-02 08:05 PM UTC,2026,Scheduled,Scheduled,Preview,N,day,2.0,Regular Season,Nationals Park,158,Milwaukee Brewers,MIL,,,120,Washington Nationals,WSH,,,
823388,2026-05-02,2026-05-02T20:05:00+00:00,2026-05-02 08:05 PM UTC,2026,Scheduled,Scheduled,Preview,N,day,2.0,Regular Season,PNC Park,113,Cincinnati Reds,CIN,,,134,Pittsburgh Pirates,PIT,,,
825014,2026-05-02,2026-05-02T20:05:00+00:00,2026-05-02 08:05 PM UTC,2026,Scheduled,Scheduled,Preview,N,day,2.0,Regular Season,Sutter Health Park,114,Cleveland Guardians,CLE,,,133,Athletics,ATH,,,
823876,2026-05-02,2026-05-02T20:10:00+00:00,2026-05-02 08:10 PM UTC,2026,Scheduled,Scheduled,Preview,N,day,2.0,Regular Season,loanDepot park,143,Philadelphia Phillies,PHI,,,146,Miami Marlins,MIA,,,
824771,2026-05-02,2026-05-02T20:10:00+00:00,2026-05-02 08:10 PM UTC,2026,Scheduled,Scheduled,Preview,N,day,2.0,Regular Season,Fenway Park,117,Houston Astros,HOU,,,111,Boston Red Sox,BOS,,,
822988,2026-05-02,2026-05-02T22:10:00+00:00,2026-05-02 10:10 PM UTC,2026,Scheduled,Scheduled,Preview,N,night,2.0,Regular Season,Tropicana Field,137,San Francisco Giants,SF,,,139,Tampa Bay Rays,TB,,,
823067,2026-05-02,2026-05-02T23:15:00+00:00,2026-05-02 11:15 PM UTC,2026,Scheduled,Scheduled,Preview,N,night,2.0,Regular Season,Busch Stadium,119,Los Angeles Dodgers,LAD,,,138,St. Louis Cardinals,STL,,,
824284,2026-05-02,2026-05-02T23:15:00+00:00,2026-05-02 11:15 PM UTC,2026,Scheduled,Scheduled,Preview,N,night,2.0,Regular Season,Comerica Park,140,Texas Rangers,TEX,,,116,Detroit Tigers,DET,,,
824365,2026-05-02,2026-05-03T00:10:00+00:00,2026-05-03 12:10 AM UTC,2026,Scheduled,Scheduled,Preview,N,night,2.0,Regular Season,Coors Field,144,Atlanta Braves,ATL,,,115,Colorado Rockies,COL,,,
823308,2026-05-02,2026-05-03T00:40:00+00:00,2026-05-03 12:40 AM UTC,2026,Scheduled,Scheduled,Preview,N,night,2.0,Regular Season,Petco Park,145,Chicago White Sox,CWS,,,135,San Diego Padres,SD,,,
824042,2026-05-02,2026-05-03T01:38:00+00:00,2026-05-03 01:38 AM UTC,2026,Scheduled,Scheduled,Preview,N,night,2.0,Regular Season,Angel Stadium,121,New York Mets,NYM,,,108,Los Angeles Angels,LAA,,,
823144,2026-05-02,2026-05-03T01:40:00+00:00,2026-05-03 01:40 AM UTC,2026,Scheduled,Scheduled,Preview,N,night,2.0,Regular Season,T-Mobile Park,118,Kansas City Royals,KC,,,136,Seattle Mariners,SEA,,,
823711,2026-05-03,2026-05-03T16:45:00+00:00,2026-05-03 04:45 PM UTC,2026,Scheduled,Scheduled,Preview,N,day,4.0,Regular Season,Target Field,141,Toronto Blue Jays,TOR,,,142,Minnesota Twins,MIN,,,
822742,2026-05-03,2026-05-03T17:35:00+00:00,2026-05-03 05:35 PM UTC,2026,Scheduled,Scheduled,Preview,N,day,3.0,Regular Season,Nationals Park,158,Milwaukee Brewers,MIL,,,120,Washington Nationals,WSH,,,
823387,2026-05-03,2026-05-03T17:35:00+00:00,2026-05-03 05:35 PM UTC,2026,Scheduled,Scheduled,Preview,N,day,3.0,Regular Season,PNC Park,113,Cincinnati Reds,CIN,,,134,Pittsburgh Pirates,PIT,,,
823555,2026-05-03,2026-05-03T17:35:00+00:00,2026-05-03 05:35 PM UTC,2026,Scheduled,Scheduled,Preview,N,day,3.0,Regular Season,Yankee Stadium,110,Baltimore Orioles,BAL,,,147,New York Yankees,NYY,,,
824769,2026-05-03,2026-05-03T17:35:00+00:00,2026-05-03 05:35 PM UTC,2026,Scheduled,Scheduled,Preview,N,day,3.0,Regular Season,Fenway Park,117,Houston Astros,HOU,,,111,Boston Red Sox,BOS,,,
822987,2026-05-03,2026-05-03T17:40:00+00:00,2026-05-03 05:40 PM UTC,2026,Scheduled,Scheduled,Preview,N,day,3.0,Regular Season,Tropicana Field,137,San Francisco Giants,SF,,,139,Tampa Bay Rays,TB,,,
823875,2026-05-03,2026-05-03T17:40:00+00:00,2026-05-03 05:40 PM UTC,2026,Scheduled,Scheduled,Preview,N,day,3.0,Regular Season,loanDepot park,143,Philadelphia Phillies,PHI,,,146,Miami Marlins,MIA,,,
823065,2026-05-03,2026-05-03T18:15:00+00:00,2026-05-03 06:15 PM UTC,2026,Scheduled,Scheduled,Preview,N,day,3.0,Regular Season,Busch Stadium,119,Los Angeles Dodgers,LAD,,,138,St. Louis Cardinals,STL,,,
824687,2026-05-03,2026-05-03T18:20:00+00:00,2026-05-03 06:20 PM UTC,2026,Scheduled,Scheduled,Preview,N,day,3.0,Regular Season,Wrigley Field,109,Arizona Diamondbacks,AZ,,,112,Chicago Cubs,CHC,,,
824364,2026-05-03,2026-05-03T19:10:00+00:00,2026-05-03 07:10 PM UTC,2026,Scheduled,Scheduled,Preview,N,day,3.0,Regular Season,Coors Field,144,Atlanta Braves,ATL,,,115,Colorado Rockies,COL,,,
825013,2026-05-03,2026-05-03T20:05:00+00:00,2026-05-03 08:05 PM UTC,2026,Scheduled,Scheduled,Preview,N,day,3.0,Regular Season,Sutter Health Park,114,Cleveland Guardians,CLE,,,133,Athletics,ATH,,,
824043,2026-05-03,2026-05-03T20:07:00+00:00,2026-05-03 08:07 PM UTC,2026,Scheduled,Scheduled,Preview,N,day,3.0,Regular Season,Angel Stadium,121,New York Mets,NYM,,,108,Los Angeles Angels,LAA,,,
823145,2026-05-03,2026-05-03T20:10:00+00:00,2026-05-03 08:10 PM UTC,2026,Scheduled,Scheduled,Preview,N,day,3.0,Regular Season,T-Mobile Park,118,Kansas City Royals,KC,,,136,Seattle Mariners,SEA,,,
823307,2026-05-03,2026-05-03T20:10:00+00:00,2026-05-03 08:10 PM UTC,2026,Scheduled,Scheduled,Preview,N,day,3.0,Regular Season,Petco Park,145,Chicago White Sox,CWS,,,135,San Diego Padres,SD,,,
824285,2026-05-03,2026-05-03T23:20:00+00:00,2026-05-03 11:20 PM UTC,2026,Scheduled,Scheduled,Preview,N,night,3.0,Regular Season,Comerica Park,140,Texas Rangers,TEX,,,116,Detroit Tigers,DET,,,
822984,2026-05-04,2026-05-04T22:40:00+00:00,2026-05-04 10:40 PM UTC,2026,Scheduled,Scheduled,Preview,N,night,1.0,Regular Season,Tropicana Field,141,Toronto Blue Jays,TOR,,,139,Tampa Bay Rays,TB,,,
823874,2026-05-04,2026-05-04T22:40:00+00:00,2026-05-04 10:40 PM UTC,2026,Scheduled,Scheduled,Preview,N,night,4.0,Regular Season,loanDepot park,143,Philadelphia Phillies,PHI,,,146,Miami Marlins,MIA,,,
824283,2026-05-04,2026-05-04T22:40:00+00:00,2026-05-04 10:40 PM UTC,2026,Scheduled,Scheduled,Preview,N,night,1.0,Regular Season,Comerica Park,111,Boston Red Sox,BOS,,,116,Detroit Tigers,DET,,,
823552,2026-05-04,2026-05-04T23:05:00+00:00,2026-05-04 11:05 PM UTC,2026,Scheduled,Scheduled,Preview,N,night,4.0,Regular Season,Yankee Stadium,110,Baltimore Orioles,BAL,,,147,New York Yankees,NYY,,,
824120,2026-05-04,2026-05-04T23:40:00+00:00,2026-05-04 11:40 PM UTC,2026,Scheduled,Scheduled,Preview,N,night,1.0,Regular Season,Kauffman Stadium,114,Cleveland Guardians,CLE,,,118,Kansas City Royals,KC,,,
824684,2026-05-04,2026-05-04T23:40:00+00:00,2026-05-04 11:40 PM UTC,2026,Scheduled,Scheduled,Preview,N,night,1.0,Regular Season,Wrigley Field,113,Cincinnati Reds,CIN,,,112,Chicago Cubs,CHC,,,
823064,2026-05-04,2026-05-04T23:45:00+00:00,2026-05-04 11:45 PM UTC,2026,Scheduled,Scheduled,Preview,N,night,1.0,Regular Season,Busch Stadium,158,Milwaukee Brewers,MIL,,,138,St. Louis Cardinals,STL,,,
824201,2026-05-04,2026-05-05T00:10:00+00:00,2026-05-05 12:10 AM UTC,2026,Scheduled,Scheduled,Preview,N,night,1.0,Regular Season,Daikin Park,119,Los Angeles Dodgers,LAD,,,117,Houston Astros,HOU,,,
824363,2026-05-04,2026-05-05T00:40:00+00:00,2026-05-05 12:40 AM UTC,2026,Scheduled,Scheduled,Preview,N,night,1.0,Regular Season,Coors Field,121,New York Mets,NYM,,,115,Colorado Rockies,COL,,,
824039,2026-05-04,2026-05-05T01:38:00+00:00,2026-05-05 01:38 AM UTC,2026,Scheduled,Scheduled,Preview,N,night,1.0,Regular Season,Angel Stadium,145,Chicago White Sox,CWS,,,108,Los Angeles Angels,LAA,,,
823143,2026-05-04,2026-05-05T01:40:00+00:00,2026-05-05 01:40 AM UTC,2026,Scheduled,Scheduled,Preview,N,night,1.0,Regular Season,T-Mobile Park,144,Atlanta Braves,ATL,,,136,Seattle Mariners,SEA,,,
823228,2026-05-04,2026-05-05T01:45:00+00:00,2026-05-05 01:45 AM UTC,2026,Scheduled,Scheduled,Preview,N,night,1.0,Regular Season,Oracle Park,135,San Diego Padres,SD,,,137,San Francisco Giants,SF,,,
822986,2026-05-05,2026-05-05T22:40:00+00:00,2026-05-05 10:40 PM UTC,2026,Scheduled,Scheduled,Preview,N,night,2.0,Regular Season,Tropicana Field,141,Toronto Blue Jays,TOR,,,139,Tampa Bay Rays,TB,,,
823469,2026-05-05,2026-05-05T22:40:00+00:00,2026-05-05 10:40 PM UTC,2026,Scheduled,Scheduled,Preview,N,night,1.0,Regular Season,Citizens Bank Park,133,Athletics,ATH,,,143,Philadelphia Phillies,PHI,,,
823873,2026-05-05,2026-05-05T22:40:00+00:00,2026-05-05 10:40 PM UTC,2026,Scheduled,Scheduled,Preview,N,night,1.0,Regular Season,loanDepot park,110,Baltimore Orioles,BAL,,,146,Miami Marlins,MIA,,,
824281,2026-05-05,2026-05-05T22:40:00+00:00,2026-05-05 10:40 PM UTC,2026,Scheduled,Scheduled,Preview,N,night,2.0,Regular Season,Comerica Park,111,Boston Red Sox,BOS,,,116,Detroit Tigers,DET,,,
822743,2026-05-05,2026-05-05T22:45:00+00:00,2026-05-05 10:45 PM UTC,2026,Scheduled,Scheduled,Preview,N,night,1.0,Regular Season,Nationals Park,142,Minnesota Twins,MIN,,,120,Washington Nationals,WSH,,,
823553,2026-05-05,2026-05-05T23:05:00+00:00,2026-05-05 11:05 PM UTC,2026,Scheduled,Scheduled,Preview,N,night,1.0,Regular Season,Yankee Stadium,140,Texas Rangers,TEX,,,147,New York Yankees,NYY,,,
824119,2026-05-05,2026-05-05T23:40:00+00:00,2026-05-05 11:40 PM UTC,2026,Scheduled,Scheduled,Preview,N,night,2.0,Regular Season,Kauffman Stadium,114,Cleveland Guardians,CLE,,,118,Kansas City Royals,KC,,,
824682,2026-05-05,2026-05-05T23:40:00+00:00,2026-05-05 11:40 PM UTC,2026,Scheduled,Scheduled,Preview,N,night,2.0,Regular Season,Wrigley Field,113,Cincinnati Reds,CIN,,,112,Chicago Cubs,CHC,,,
823062,2026-05-05,2026-05-05T23:45:00+00:00,2026-05-05 11:45 PM UTC,2026,Scheduled,Scheduled,Preview,N,night,2.0,Regular Season,Busch Stadium,158,Milwaukee Brewers,MIL,,,138,St. Louis Cardinals,STL,,,
824200,2026-05-05,2026-05-06T00:10:00+00:00,2026-05-06 12:10 AM UTC,2026,Scheduled,Scheduled,Preview,N,night,2.0,Regular Season,Daikin Park,119,Los Angeles Dodgers,LAD,,,117,Houston Astros,HOU,,,
824362,2026-05-05,2026-05-06T00:40:00+00:00,2026-05-06 12:40 AM UTC,2026,Scheduled,Scheduled,Preview,N,night,2.0,Regular Season,Coors Field,121,New York Mets,NYM,,,115,Colorado Rockies,COL,,,
824040,2026-05-05,2026-05-06T01:38:00+00:00,2026-05-06 01:38 AM UTC,2026,Scheduled,Scheduled,Preview,N,night,2.0,Regular Season,Angel Stadium,145,Chicago White Sox,CWS,,,108,Los Angeles Angels,LAA,,,
823142,2026-05-05,2026-05-06T01:40:00+00:00,2026-05-06 01:40 AM UTC,2026,Scheduled,Scheduled,Preview,N,night,2.0,Regular Season,T-Mobile Park,144,Atlanta Braves,ATL,,,136,Seattle Mariners,SEA,,,
825092,2026-05-05,2026-05-06T01:40:00+00:00,2026-05-06 01:40 AM UTC,2026,Scheduled,Scheduled,Preview,N,night,1.0,Regular Season,Chase Field,134,Pittsburgh Pirates,PIT,,,109,Arizona Diamondbacks,AZ,,,
823227,2026-05-05,2026-05-06T01:45:00+00:00,2026-05-06 01:45 AM UTC,2026,Scheduled,Scheduled,Preview,N,night,2.0,Regular Season,Oracle Park,135,San Diego Padres,SD,,,137,San Francisco Giants,SF,,,
822985,2026-05-06,2026-05-06T17:10:00+00:00,2026-05-06 05:10 PM UTC,2026,Scheduled,Scheduled,Preview,N,day,3.0,Regular Season,Tropicana Field,141,Toronto Blue Jays,TOR,,,139,Tampa Bay Rays,TB,,,
823063,2026-05-06,2026-05-06T17:15:00+00:00,2026-05-06 05:15 PM UTC,2026,Scheduled,Scheduled,Preview,N,day,3.0,Regular Season,Busch Stadium,158,Milwaukee Brewers,MIL,,,138,St. Louis Cardinals,STL,,,
824198,2026-05-06,2026-05-06T18:10:00+00:00,2026-05-06 06:10 PM UTC,2026,Scheduled,Scheduled,Preview,N,day,3.0,Regular Season,Daikin Park,119,Los Angeles Dodgers,LAD,,,117,Houston Astros,HOU,,,
824361,2026-05-06,2026-05-06T19:10:00+00:00,2026-05-06 07:10 PM UTC,2026,Scheduled,Scheduled,Preview,N,day,3.0,Regular Season,Coors Field,121,New York Mets,NYM,,,115,Colorado Rockies,COL,,,
823226,2026-05-06,2026-05-06T19:45:00+00:00,2026-05-06 07:45 PM UTC,2026,Scheduled,Scheduled,Preview,N,day,3.0,Regular Season,Oracle Park,135,San Diego Padres,SD,,,137,San Francisco Giants,SF,,,
824036,2026-05-06,2026-05-06T20:07:00+00:00,2026-05-06 08:07 PM UTC,2026,Scheduled,Scheduled,Preview,N,day,3.0,Regular Season,Angel Stadium,145,Chicago White Sox,CWS,,,108,Los Angeles Angels,LAA,,,
823141,2026-05-06,2026-05-06T20:10:00+00:00,2026-05-06 08:10 PM UTC,2026,Scheduled,Scheduled,Preview,N,day,3.0,Regular Season,T-Mobile Park,144,Atlanta Braves,ATL,,,136,Seattle Mariners,SEA,,,
823470,2026-05-06,2026-05-06T22:40:00+00:00,2026-05-06 10:40 PM UTC,2026,Scheduled,Scheduled,Preview,N,night,2.0,Regular Season,Citizens Bank Park,133,Athletics,ATH,,,143,Philadelphia Phillies,PHI,,,
823872,2026-05-06,2026-05-06T22:40:00+00:00,2026-05-06 10:40 PM UTC,2026,Scheduled,Scheduled,Preview,N,night,2.0,Regular Season,loanDepot park,110,Baltimore Orioles,BAL,,,146,Miami Marlins,MIA,,,
824282,2026-05-06,2026-05-06T22:40:00+00:00,2026-05-06 10:40 PM UTC,2026,Scheduled,Scheduled,Preview,N,night,3.0,Regular Season,Comerica Park,111,Boston Red Sox,BOS,,,116,Detroit Tigers,DET,,,
822740,2026-05-06,2026-05-06T22:45:00+00:00,2026-05-06 10:45 PM UTC,2026,Scheduled,Scheduled,Preview,N,night,2.0,Regular Season,Nationals Park,142,Minnesota Twins,MIN,,,120,Washington Nationals,WSH,,,
823550,2026-05-06,2026-05-06T23:05:00+00:00,2026-05-06 11:05 PM UTC,2026,Scheduled,Scheduled,Preview,N,night,2.0,Regular Season,Yankee Stadium,140,Texas Rangers,TEX,,,147,New York Yankees,NYY,,,
824118,2026-05-06,2026-05-06T23:40:00+00:00,2026-05-06 11:40 PM UTC,2026,Scheduled,Scheduled,Preview,N,night,3.0,Regular Season,Kauffman Stadium,114,Cleveland Guardians,CLE,,,118,Kansas City Royals,KC,,,
824683,2026-05-06,2026-05-06T23:40:00+00:00,2026-05-06 11:40 PM UTC,2026,Scheduled,Scheduled,Preview,N,night,3.0,Regular Season,Wrigley Field,113,Cincinnati Reds,CIN,,,112,Chicago Cubs,CHC,,,
825091,2026-05-06,2026-05-07T01:40:00+00:00,2026-05-07 01:40 AM UTC,2026,Scheduled,Scheduled,Preview,N,night,2.0,Regular Season,Chase Field,134,Pittsburgh Pirates,PIT,,,109,Arizona Diamondbacks,AZ,,,
823551,2026-05-07,2026-05-07T16:35:00+00:00,2026-05-07 04:35 PM UTC,2026,Scheduled,Scheduled,Preview,N,day,3.0,Regular Season,Yankee Stadium,140,Texas Rangers,TEX,,,147,New York Yankees,NYY,,,
822741,2026-05-07,2026-05-07T17:05:00+00:00,2026-05-07 05:05 PM UTC,2026,Scheduled,Scheduled,Preview,N,day,3.0,Regular Season,Nationals Park,142,Minnesota Twins,MIN,,,120,Washington Nationals,WSH,,,
824117,2026-05-07,2026-05-07T18:10:00+00:00,2026-05-07 06:10 PM UTC,2026,Scheduled,Scheduled,Preview,N,day,4.0,Regular Season,Kauffman Stadium,114,Cleveland Guardians,CLE,,,118,Kansas City Royals,KC,,,
824681,2026-05-07,2026-05-07T18:20:00+00:00,2026-05-07 06:20 PM UTC,2026,Scheduled,Scheduled,Preview,N,day,4.0,Regular Season,Wrigley Field,113,Cincinnati Reds,CIN,,,112,Chicago Cubs,CHC,,,
825090,2026-05-07,2026-05-07T19:40:00+00:00,2026-05-07 07:40 PM UTC,2026,Scheduled,Scheduled,Preview,N,day,3.0,Regular Season,Chase Field,134,Pittsburgh Pirates,PIT,,,109,Arizona Diamondbacks,AZ,,,
823467,2026-05-07,2026-05-07T22:40:00+00:00,2026-05-07 10:40 PM UTC,2026,Scheduled,Scheduled,Preview,N,night,3.0,Regular Season,Citizens Bank Park,133,Athletics,ATH,,,143,Philadelphia Phillies,PHI,,,
823870,2026-05-07,2026-05-07T22:40:00+00:00,2026-05-07 10:40 PM UTC,2026,Scheduled,Scheduled,Preview,N,night,3.0,Regular Season,loanDepot park,110,Baltimore Orioles,BAL,,,146,Miami Marlins,MIA,,,
824767,2026-05-07,2026-05-07T23:10:00+00:00,2026-05-07 11:10 PM UTC,2026,Scheduled,Scheduled,Preview,N,night,1.0,Regular Season,Fenway Park,139,Tampa Bay Rays,TB,,,111,Boston Red Sox,BOS,,,
823306,2026-05-07,2026-05-08T02:10:00+00:00,2026-05-08 02:10 AM UTC,2026,Scheduled,Scheduled,Preview,N,night,1.0,Regular Season,Petco Park,138,St. Louis Cardinals,STL,,,135,San Diego Padres,SD,,,
824522,2026-05-08,2026-05-08T22:10:00+00:00,2026-05-08 10:10 PM UTC,2026,Scheduled,Scheduled,Preview,N,night,1.0,Regular Season,Great American Ball Park,117,Houston Astros,HOU,,,113,Cincinnati Reds,CIN,,,
823466,2026-05-08,2026-05-08T22:40:00+00:00,2026-05-08 10:40 PM UTC,2026,Scheduled,Scheduled,Preview,N,night,1.0,Regular Season,Citizens Bank Park,115,Colorado Rockies,COL,,,143,Philadelphia Phillies,PHI,,,
824846,2026-05-08,2026-05-08T23:05:00+00:00,2026-05-08 11:05 PM UTC,2026,Scheduled,Scheduled,Preview,N,night,1.0,Regular Season,Oriole Park at Camden Yards,133,Athletics,ATH,,,110,Baltimore Orioles,BAL,,,
822822,2026-05-08,2026-05-08T23:07:00+00:00,2026-05-08 11:07 PM UTC,2026,Scheduled,Scheduled,Preview,N,night,1.0,Regular Season,Rogers Centre,108,Los Angeles Angels,LAA,,,141,Toronto Blue Jays,TOR,,,
823871,2026-05-08,2026-05-08T23:10:00+00:00,2026-05-08 11:10 PM UTC,2026,Scheduled,Scheduled,Preview,N,night,1.0,Regular Season,loanDepot park,120,Washington Nationals,WSH,,,146,Miami Marlins,MIA,,,
824768,2026-05-08,2026-05-08T23:10:00+00:00,2026-05-08 11:10 PM UTC,2026,Scheduled,Scheduled,Preview,N,night,2.0,Regular Season,Fenway Park,139,Tampa Bay Rays,TB,,,111,Boston Red Sox,BOS,,,
824443,2026-05-08,2026-05-08T23:15:00+00:00,2026-05-08 11:15 PM UTC,2026,Scheduled,Scheduled,Preview,N,night,1.0,Regular Season,Progressive Field,142,Minnesota Twins,MIN,,,114,Cleveland Guardians,CLE,,,
823794,2026-05-08,2026-05-08T23:40:00+00:00,2026-05-08 11:40 PM UTC,2026,Scheduled,Scheduled,Preview,N,night,1.0,Regular Season,American Family Field,147,New York Yankees,NYY,,,158,Milwaukee Brewers,MIL,,,
824116,2026-05-08,2026-05-08T23:40:00+00:00,2026-05-08 11:40 PM UTC,2026,Scheduled,Scheduled,Preview,N,night,1.0,Regular Season,Kauffman Stadium,116,Detroit Tigers,DET,,,118,Kansas City Royals,KC,,,
824607,2026-05-08,2026-05-08T23:40:00+00:00,2026-05-08 11:40 PM UTC,2026,Scheduled,Scheduled,Preview,N,night,1.0,Regular Season,Rate Field,136,Seattle Mariners,SEA,,,145,Chicago White Sox,CWS,,,
822904,2026-05-08,2026-05-09T00:05:00+00:00,2026-05-09 12:05 AM UTC,2026,Scheduled,Scheduled,Preview,N,night,1.0,Regular Season,Globe Life Field,112,Chicago Cubs,CHC,,,140,Texas Rangers,TEX,,,
825088,2026-05-08,2026-05-09T01:40:00+00:00,2026-05-09 01:40 AM UTC,2026,Scheduled,Scheduled,Preview,N,night,1.0,Regular Season,Chase Field,121,New York Mets,NYM,,,109,Arizona Diamondbacks,AZ,,,
823303,2026-05-08,2026-05-09T01:45:00+00:00,2026-05-09 01:45 AM UTC,2026,Scheduled,Scheduled,Preview,N,night,2.0,Regular Season,Petco Park,138,St. Louis Cardinals,STL,,,135,San Diego Padres,SD,,,
823957,2026-05-08,2026-05-09T02:10:00+00:00,2026-05-09 02:10 AM UTC,2026,Scheduled,Scheduled,Preview,N,night,1.0,Regular Season,UNIQLO Field at Dodger Stadium,144,Atlanta Braves,ATL,,,119,Los Angeles Dodgers,LAD,,,
823225,2026-05-08,2026-05-09T02:15:00+00:00,2026-05-09 02:15 AM UTC,2026,Scheduled,Scheduled,Preview,N,night,1.0,Regular Season,Oracle Park,134,Pittsburgh Pirates,PIT,,,137,San Francisco Giants,SF,,,
822820,2026-05-09,2026-05-09T19:07:00+00:00,2026-05-09 07:07 PM UTC,2026,Scheduled,Scheduled,Preview,N,day,2.0,Regular Season,Rogers Centre,108,Los Angeles Angels,LAA,,,141,Toronto Blue Jays,TOR,,,
824847,2026-05-09,2026-05-09T20:05:00+00:00,2026-05-09 08:05 PM UTC,2026,Scheduled,Scheduled,Preview,N,day,2.0,Regular Season,Oriole Park at Camden Yards,133,Athletics,ATH,,,110,Baltimore Orioles,BAL,,,
823869,2026-05-09,2026-05-09T20:10:00+00:00,2026-05-09 08:10 PM UTC,2026,Scheduled,Scheduled,Preview,N,day,2.0,Regular Season,loanDepot park,120,Washington Nationals,WSH,,,146,Miami Marlins,MIA,,,
824523,2026-05-09,2026-05-09T20:10:00+00:00,2026-05-09 08:10 PM UTC,2026,Scheduled,Scheduled,Preview,N,day,2.0,Regular Season,Great American Ball Park,117,Houston Astros,HOU,,,113,Cincinnati Reds,CIN,,,
824766,2026-05-09,2026-05-09T20:10:00+00:00,2026-05-09 08:10 PM UTC,2026,Scheduled,Scheduled,Preview,N,day,3.0,Regular Season,Fenway Park,139,Tampa Bay Rays,TB,,,111,Boston Red Sox,BOS,,,
823468,2026-05-09,2026-05-09T22:05:00+00:00,2026-05-09 10:05 PM UTC,2026,Scheduled,Scheduled,Preview,N,night,2.0,Regular Season,Citizens Bank Park,115,Colorado Rockies,COL,,,143,Philadelphia Phillies,PHI,,,
824444,2026-05-09,2026-05-09T22:10:00+00:00,2026-05-09 10:10 PM UTC,2026,Scheduled,Scheduled,Preview,N,night,2.0,Regular Season,Progressive Field,142,Minnesota Twins,MIN,,,114,Cleveland Guardians,CLE,,,
822905,2026-05-09,2026-05-09T23:05:00+00:00,2026-05-09 11:05 PM UTC,2026,Scheduled,Scheduled,Preview,N,night,2.0,Regular Season,Globe Life Field,112,Chicago Cubs,CHC,,,140,Texas Rangers,TEX,,,
823792,2026-05-09,2026-05-09T23:10:00+00:00,2026-05-09 11:10 PM UTC,2026,Scheduled,Scheduled,Preview,N,night,2.0,Regular Season,American Family Field,147,New York Yankees,NYY,,,158,Milwaukee Brewers,MIL,,,
824115,2026-05-09,2026-05-09T23:10:00+00:00,2026-05-09 11:10 PM UTC,2026,Scheduled,Scheduled,Preview,N,night,2.0,Regular Season,Kauffman Stadium,116,Detroit Tigers,DET,,,118,Kansas City Royals,KC,,,
824606,2026-05-09,2026-05-09T23:10:00+00:00,2026-05-09 11:10 PM UTC,2026,Scheduled,Scheduled,Preview,N,night,2.0,Regular Season,Rate Field,136,Seattle Mariners,SEA,,,145,Chicago White Sox,CWS,,,
823304,2026-05-09,2026-05-09T23:15:00+00:00,2026-05-09 11:15 PM UTC,2026,Scheduled,Scheduled,Preview,N,day,3.0,Regular Season,Petco Park,138,St. Louis Cardinals,STL,,,135,San Diego Padres,SD,,,
825089,2026-05-09,2026-05-09T23:15:00+00:00,2026-05-09 11:15 PM UTC,2026,Scheduled,Scheduled,Preview,N,day,2.0,Regular Season,Chase Field,121,New York Mets,NYM,,,109,Arizona Diamondbacks,AZ,,,
823224,2026-05-09,2026-05-10T01:05:00+00:00,2026-05-10 01:05 AM UTC,2026,Scheduled,Scheduled,Preview,N,night,2.0,Regular Season,Oracle Park,134,Pittsburgh Pirates,PIT,,,137,San Francisco Giants,SF,,,
823955,2026-05-09,2026-05-10T01:10:00+00:00,2026-05-10 01:10 AM UTC,2026,Scheduled,Scheduled,Preview,N,night,2.0,Regular Season,UNIQLO Field at Dodger Stadium,144,Atlanta Braves,ATL,,,119,Los Angeles Dodgers,LAD,,,
823868,2026-05-10,2026-05-10T16:15:00+00:00,2026-05-10 04:15 PM UTC,2026,Scheduled,Scheduled,Preview,N,day,3.0,Regular Season,loanDepot park,120,Washington Nationals,WSH,,,146,Miami Marlins,MIA,,,
823463,2026-05-10,2026-05-10T17:35:00+00:00,2026-05-10 05:35 PM UTC,2026,Scheduled,Scheduled,Preview,N,day,3.0,Regular Season,Citizens Bank Park,115,Colorado Rockies,COL,,,143,Philadelphia Phillies,PHI,,,
824765,2026-05-10,2026-05-10T17:35:00+00:00,2026-05-10 05:35 PM UTC,2026,Scheduled,Scheduled,Preview,N,day,4.0,Regular Season,Fenway Park,139,Tampa Bay Rays,TB,,,111,Boston Red Sox,BOS,,,
824845,2026-05-10,2026-05-10T17:35:00+00:00,2026-05-10 05:35 PM UTC,2026,Scheduled,Scheduled,Preview,N,day,3.0,Regular Season,Oriole Park at Camden Yards,133,Athletics,ATH,,,110,Baltimore Orioles,BAL,,,
822819,2026-05-10,2026-05-10T17:37:00+00:00,2026-05-10 05:37 PM UTC,2026,Scheduled,Scheduled,Preview,N,day,3.0,Regular Season,Rogers Centre,108,Los Angeles Angels,LAA,,,141,Toronto Blue Jays,TOR,,,
824440,2026-05-10,2026-05-10T17:40:00+00:00,2026-05-10 05:40 PM UTC,2026,Scheduled,Scheduled,Preview,N,day,3.0,Regular Season,Progressive Field,142,Minnesota Twins,MIN,,,114,Cleveland Guardians,CLE,,,
824520,2026-05-10,2026-05-10T17:40:00+00:00,2026-05-10 05:40 PM UTC,2026,Scheduled,Scheduled,Preview,N,day,3.0,Regular Season,Great American Ball Park,117,Houston Astros,HOU,,,113,Cincinnati Reds,CIN,,,
823793,2026-05-10,2026-05-10T18:10:00+00:00,2026-05-10 06:10 PM UTC,2026,Scheduled,Scheduled,Preview,N,day,3.0,Regular Season,American Family Field,147,New York Yankees,NYY,,,158,Milwaukee Brewers,MIL,,,
824605,2026-05-10,2026-05-10T18:10:00+00:00,2026-05-10 06:10 PM UTC,2026,Scheduled,Scheduled,Preview,N,day,3.0,Regular Season,Rate Field,136,Seattle Mariners,SEA,,,145,Chicago White Sox,CWS,,,
822902,2026-05-10,2026-05-10T18:35:00+00:00,2026-05-10 06:35 PM UTC,2026,Scheduled,Scheduled,Preview,N,day,3.0,Regular Season,Globe Life Field,112,Chicago Cubs,CHC,,,140,Texas Rangers,TEX,,,
823221,2026-05-10,2026-05-10T20:05:00+00:00,2026-05-10 08:05 PM UTC,2026,Scheduled,Scheduled,Preview,N,day,3.0,Regular Season,Oracle Park,134,Pittsburgh Pirates,PIT,,,137,San Francisco Giants,SF,,,
823305,2026-05-10,2026-05-10T20:10:00+00:00,2026-05-10 08:10 PM UTC,2026,Scheduled,Scheduled,Preview,N,day,4.0,Regular Season,Petco Park,138,St. Louis Cardinals,STL,,,135,San Diego Padres,SD,,,
823954,2026-05-10,2026-05-10T20:10:00+00:00,2026-05-10 08:10 PM UTC,2026,Scheduled,Scheduled,Preview,N,day,3.0,Regular Season,UNIQLO Field at Dodger Stadium,144,Atlanta Braves,ATL,,,119,Los Angeles Dodgers,LAD,,,
825085,2026-05-10,2026-05-10T20:10:00+00:00,2026-05-10 08:10 PM UTC,2026,Scheduled,Scheduled,Preview,N,day,3.0,Regular Season,Chase Field,121,New York Mets,NYM,,,109,Arizona Diamondbacks,AZ,,,
824113,2026-05-10,2026-05-10T23:20:00+00:00,2026-05-10 11:20 PM UTC,2026,Scheduled,Scheduled,Preview,N,night,3.0,Regular Season,Kauffman Stadium,116,Detroit Tigers,DET,,,118,Kansas City Royals,KC,,,
824441,2026-05-11,2026-05-11T22:10:00+00:00,2026-05-11 10:10 PM UTC,2026,Scheduled,Scheduled,Preview,N,night,1.0,Regular Season,Progressive Field,108,Los Angeles Angels,LAA,,,114,Cleveland Guardians,CLE,,,
824844,2026-05-11,2026-05-11T22:35:00+00:00,2026-05-11 10:35 PM UTC,2026,Scheduled,Scheduled,Preview,N,night,1.0,Regular Season,Oriole Park at Camden Yards,147,New York Yankees,NYY,,,110,Baltimore Orioles,BAL,,,
822818,2026-05-11,2026-05-11T23:07:00+00:00,2026-05-11 11:07 PM UTC,2026,Scheduled,Scheduled,Preview,N,night,1.0,Regular Season,Rogers Centre,139,Tampa Bay Rays,TB,,,141,Toronto Blue Jays,TOR,,,
822901,2026-05-11,2026-05-12T00:05:00+00:00,2026-05-12 12:05 AM UTC,2026,Scheduled,Scheduled,Preview,N,night,1.0,Regular Season,Globe Life Field,109,Arizona Diamondbacks,AZ,,,140,Texas Rangers,TEX,,,
824199,2026-05-11,2026-05-12T00:10:00+00:00,2026-05-12 12:10 AM UTC,2026,Scheduled,Scheduled,Preview,N,night,1.0,Regular Season,Daikin Park,136,Seattle Mariners,SEA,,,117,Houston Astros,HOU,,,
823953,2026-05-11,2026-05-12T02:10:00+00:00,2026-05-12 02:10 AM UTC,2026,Scheduled,Scheduled,Preview,N,night,1.0,Regular Season,UNIQLO Field at Dodger Stadium,137,San Francisco Giants,SF,,,119,Los Angeles Dodgers,LAD,,,
824442,2026-05-12,2026-05-12T22:10:00+00:00,2026-05-12 10:10 PM UTC,2026,Scheduled,Scheduled,Preview,N,night,2.0,Regular Season,Progressive Field,108,Los Angeles Angels,LAA,,,114,Cleveland Guardians,CLE,,,
824843,2026-05-12,2026-05-12T22:35:00+00:00,2026-05-12 10:35 PM UTC,2026,Scheduled,Scheduled,Preview,N,night,2.0,Regular Season,Oriole Park at Camden Yards,147,New York Yankees,NYY,,,110,Baltimore Orioles,BAL,,,
823385,2026-05-12,2026-05-12T22:40:00+00:00,2026-05-12 10:40 PM UTC,2026,Scheduled,Scheduled,Preview,N,night,1.0,Regular Season,PNC Park,115,Colorado Rockies,COL,,,134,Pittsburgh Pirates,PIT,,,
824521,2026-05-12,2026-05-12T22:40:00+00:00,2026-05-12 10:40 PM UTC,2026,Scheduled,Scheduled,Preview,N,night,1.0,Regular Season,Great American Ball Park,120,Washington Nationals,WSH,,,113,Cincinnati Reds,CIN,,,
824764,2026-05-12,2026-05-12T22:45:00+00:00,2026-05-12 10:45 PM UTC,2026,Scheduled,Scheduled,Preview,N,night,1.0,Regular Season,Fenway Park,143,Philadelphia Phillies,PHI,,,111,Boston Red Sox,BOS,,,
822817,2026-05-12,2026-05-12T23:07:00+00:00,2026-05-12 11:07 PM UTC,2026,Scheduled,Scheduled,Preview,N,night,2.0,Regular Season,Rogers Centre,139,Tampa Bay Rays,TB,,,141,Toronto Blue Jays,TOR,,,
823632,2026-05-12,2026-05-12T23:10:00+00:00,2026-05-12 11:10 PM UTC,2026,Scheduled,Scheduled,Preview,N,night,1.0,Regular Season,Citi Field,116,Detroit Tigers,DET,,,121,New York Mets,NYM,,,
824927,2026-05-12,2026-05-12T23:15:00+00:00,2026-05-12 11:15 PM UTC,2026,Scheduled,Scheduled,Preview,N,night,1.0,Regular Season,Truist Park,112,Chicago Cubs,CHC,,,144,Atlanta Braves,ATL,,,
823712,2026-05-12,2026-05-12T23:40:00+00:00,2026-05-12 11:40 PM UTC,2026,Scheduled,Scheduled,Preview,N,night,1.0,Regular Season,Target Field,146,Miami Marlins,MIA,,,142,Minnesota Twins,MIN,,,
823790,2026-05-12,2026-05-12T23:40:00+00:00,2026-05-12 11:40 PM UTC,2026,Scheduled,Scheduled,Preview,N,night,1.0,Regular Season,American Family Field,135,San Diego Padres,SD,,,158,Milwaukee Brewers,MIL,,,
824604,2026-05-12,2026-05-12T23:40:00+00:00,2026-05-12 11:40 PM UTC,2026,Scheduled,Scheduled,Preview,N,night,1.0,Regular Season,Rate Field,118,Kansas City Royals,KC,,,145,Chicago White Sox,CWS,,,
822903,2026-05-12,2026-05-13T00:05:00+00:00,2026-05-13 12:05 AM UTC,2026,Scheduled,Scheduled,Preview,N,night,2.0,Regular Season,Globe Life Field,109,Arizona Diamondbacks,AZ,,,140,Texas Rangers,TEX,,,
824197,2026-05-12,2026-05-13T00:10:00+00:00,2026-05-13 12:10 AM UTC,2026,Scheduled,Scheduled,Preview,N,night,2.0,Regular Season,Daikin Park,136,Seattle Mariners,SEA,,,117,Houston Astros,HOU,,,
825011,2026-05-12,2026-05-13T01:40:00+00:00,2026-05-13 01:40 AM UTC,2026,Scheduled,Scheduled,Preview,N,night,1.0,Regular Season,Sutter Health Park,138,St. Louis Cardinals,STL,,,133,Athletics,ATH,,,
823951,2026-05-12,2026-05-13T02:10:00+00:00,2026-05-13 02:10 AM UTC,2026,Scheduled,Scheduled,Preview,N,night,2.0,Regular Season,UNIQLO Field at Dodger Stadium,137,San Francisco Giants,SF,,,119,Los Angeles Dodgers,LAD,,,
824438,2026-05-13,2026-05-13T17:10:00+00:00,2026-05-13 05:10 PM UTC,2026,Scheduled,Scheduled,Preview,N,day,3.0,Regular Season,Progressive Field,108,Los Angeles Angels,LAA,,,114,Cleveland Guardians,CLE,,,
824841,2026-05-13,2026-05-13T22:35:00+00:00,2026-05-13 10:35 PM UTC,2026,Scheduled,Scheduled,Preview,N,night,3.0,Regular Season,Oriole Park at Camden Yards,147,New York Yankees,NYY,,,110,Baltimore Orioles,BAL,,,
823386,2026-05-13,2026-05-13T22:40:00+00:00,2026-05-13 10:40 PM UTC,2026,Scheduled,Scheduled,Preview,N,night,2.0,Regular Season,PNC Park,115,Colorado Rockies,COL,,,134,Pittsburgh Pirates,PIT,,,
824519,2026-05-13,2026-05-13T22:40:00+00:00,2026-05-13 10:40 PM UTC,2026,Scheduled,Scheduled,Preview,N,night,2.0,Regular Season,Great American Ball Park,120,Washington Nationals,WSH,,,113,Cincinnati Reds,CIN,,,
824763,2026-05-13,2026-05-13T22:45:00+00:00,2026-05-13 10:45 PM UTC,2026,Scheduled,Scheduled,Preview,N,night,2.0,Regular Season,Fenway Park,143,Philadelphia Phillies,PHI,,,111,Boston Red Sox,BOS,,,
822815,2026-05-13,2026-05-13T23:07:00+00:00,2026-05-13 11:07 PM UTC,2026,Scheduled,Scheduled,Preview,N,night,3.0,Regular Season,Rogers Centre,139,Tampa Bay Rays,TB,,,141,Toronto Blue Jays,TOR,,,
823631,2026-05-13,2026-05-13T23:10:00+00:00,2026-05-13 11:10 PM UTC,2026,Scheduled,Scheduled,Preview,N,night,2.0,Regular Season,Citi Field,116,Detroit Tigers,DET,,,121,New York Mets,NYM,,,
824928,2026-05-13,2026-05-13T23:15:00+00:00,2026-05-13 11:15 PM UTC,2026,Scheduled,Scheduled,Preview,N,night,2.0,Regular Season,Truist Park,112,Chicago Cubs,CHC,,,144,Atlanta Braves,ATL,,,
823710,2026-05-13,2026-05-13T23:40:00+00:00,2026-05-13 11:40 PM UTC,2026,Scheduled,Scheduled,Preview,N,night,2.0,Regular Season,Target Field,146,Miami Marlins,MIA,,,142,Minnesota Twins,MIN,,,
823791,2026-05-13,2026-05-13T23:40:00+00:00,2026-05-13 11:40 PM UTC,2026,Scheduled,Scheduled,Preview,N,night,2.0,Regular Season,American Family Field,135,San Diego Padres,SD,,,158,Milwaukee Brewers,MIL,,,
824603,2026-05-13,2026-05-13T23:40:00+00:00,2026-05-13 11:40 PM UTC,2026,Scheduled,Scheduled,Preview,N,night,2.0,Regular Season,Rate Field,118,Kansas City Royals,KC,,,145,Chicago White Sox,CWS,,,
822900,2026-05-13,2026-05-14T00:05:00+00:00,2026-05-14 12:05 AM UTC,2026,Scheduled,Scheduled,Preview,N,night,3.0,Regular Season,Globe Life Field,109,Arizona Diamondbacks,AZ,,,140,Texas Rangers,TEX,,,
824195,2026-05-13,2026-05-14T00:10:00+00:00,2026-05-14 12:10 AM UTC,2026,Scheduled,Scheduled,Preview,N,night,3.0,Regular Season,Daikin Park,136,Seattle Mariners,SEA,,,117,Houston Astros,HOU,,,
825010,2026-05-13,2026-05-14T01:40:00+00:00,2026-05-14 01:40 AM UTC,2026,Scheduled,Scheduled,Preview,N,night,2.0,Regular Season,Sutter Health Park,138,St. Louis Cardinals,STL,,,133,Athletics,ATH,,,
823952,2026-05-13,2026-05-14T02:10:00+00:00,2026-05-14 02:10 AM UTC,2026,Scheduled,Scheduled,Preview,N,night,3.0,Regular Season,UNIQLO Field at Dodger Stadium,137,San Francisco Giants,SF,,,119,Los Angeles Dodgers,LAD,,,
823383,2026-05-14,2026-05-14T16:35:00+00:00,2026-05-14 04:35 PM UTC,2026,Scheduled,Scheduled,Preview,N,day,3.0,Regular Season,PNC Park,115,Colorado Rockies,COL,,,134,Pittsburgh Pirates,PIT,,,
824517,2026-05-14,2026-05-14T16:40:00+00:00,2026-05-14 04:40 PM UTC,2026,Scheduled,Scheduled,Preview,N,day,3.0,Regular Season,Great American Ball Park,120,Washington Nationals,WSH,,,113,Cincinnati Reds,CIN,,,
823630,2026-05-14,2026-05-14T17:10:00+00:00,2026-05-14 05:10 PM UTC,2026,Scheduled,Scheduled,Preview,N,day,3.0,Regular Season,Citi Field,116,Detroit Tigers,DET,,,121,New York Mets,NYM,,,
823709,2026-05-14,2026-05-14T17:40:00+00:00,2026-05-14 05:40 PM UTC,2026,Scheduled,Scheduled,Preview,N,day,3.0,Regular Season,Target Field,146,Miami Marlins,MIA,,,142,Minnesota Twins,MIN,,,
823789,2026-05-14,2026-05-14T17:40:00+00:00,2026-05-14 05:40 PM UTC,2026,Scheduled,Scheduled,Preview,N,day,3.0,Regular Season,American Family Field,135,San Diego Padres,SD,,,158,Milwaukee Brewers,MIL,,,
824196,2026-05-14,2026-05-14T18:10:00+00:00,2026-05-14 06:10 PM UTC,2026,Scheduled,Scheduled,Preview,N,day,4.0,Regular Season,Daikin Park,136,Seattle Mariners,SEA,,,117,Houston Astros,HOU,,,
825008,2026-05-14,2026-05-14T19:05:00+00:00,2026-05-14 07:05 PM UTC,2026,Scheduled,Scheduled,Preview,N,day,3.0,Regular Season,Sutter Health Park,138,St. Louis Cardinals,STL,,,133,Athletics,ATH,,,
824762,2026-05-14,2026-05-14T22:45:00+00:00,2026-05-14 10:45 PM UTC,2026,Scheduled,Scheduled,Preview,N,night,3.0,Regular Season,Fenway Park,143,Philadelphia Phillies,PHI,,,111,Boston Red Sox,BOS,,,
824926,2026-05-14,2026-05-14T23:15:00+00:00,2026-05-14 11:15 PM UTC,2026,Scheduled,Scheduled,Preview,N,night,3.0,Regular Season,Truist Park,112,Chicago Cubs,CHC,,,144,Atlanta Braves,ATL,,,
824602,2026-05-14,2026-05-14T23:40:00+00:00,2026-05-14 11:40 PM UTC,2026,Scheduled,Scheduled,Preview,N,night,3.0,Regular Season,Rate Field,118,Kansas City Royals,KC,,,145,Chicago White Sox,CWS,,,
823950,2026-05-14,2026-05-15T02:10:00+00:00,2026-05-15 02:10 AM UTC,2026,Scheduled,Scheduled,Preview,N,night,4.0,Regular Season,UNIQLO Field at Dodger Stadium,137,San Francisco Giants,SF,,,119,Los Angeles Dodgers,LAD,,,
823384,2026-05-15,2026-05-15T22:40:00+00:00,2026-05-15 10:40 PM UTC,2026,Scheduled,Scheduled,Preview,N,night,1.0,Regular Season,PNC Park,143,Philadelphia Phillies,PHI,,,134,Pittsburgh Pirates,PIT,,,
822739,2026-05-15,2026-05-15T22:45:00+00:00,2026-05-15 10:45 PM UTC,2026,Scheduled,Scheduled,Preview,N,night,1.0,Regular Season,Nationals Park,110,Baltimore Orioles,BAL,,,120,Washington Nationals,WSH,,,
824280,2026-05-15,2026-05-15T22:45:00+00:00,2026-05-15 10:45 PM UTC,2026,Scheduled,Scheduled,Preview,N,night,1.0,Regular Season,Comerica Park,141,Toronto Blue Jays,TOR,,,116,Detroit Tigers,DET,,,
822983,2026-05-15,2026-05-15T23:10:00+00:00,2026-05-15 11:10 PM UTC,2026,Scheduled,Scheduled,Preview,N,night,1.0,Regular Season,Tropicana Field,146,Miami Marlins,MIA,,,139,Tampa Bay Rays,TB,,,
824439,2026-05-15,2026-05-15T23:10:00+00:00,2026-05-15 11:10 PM UTC,2026,Scheduled,Scheduled,Preview,N,night,1.0,Regular Season,Progressive Field,113,Cincinnati Reds,CIN,,,114,Cleveland Guardians,CLE,,,
823629,2026-05-15,2026-05-15T23:15:00+00:00,2026-05-15 11:15 PM UTC,2026,Scheduled,Scheduled,Preview,N,night,1.0,Regular Season,Citi Field,147,New York Yankees,NYY,,,121,New York Mets,NYM,,,
824925,2026-05-15,2026-05-15T23:15:00+00:00,2026-05-15 11:15 PM UTC,2026,Scheduled,Scheduled,Preview,N,night,1.0,Regular Season,Truist Park,111,Boston Red Sox,BOS,,,144,Atlanta Braves,ATL,,,
824601,2026-05-15,2026-05-15T23:40:00+00:00,2026-05-15 11:40 PM UTC,2026,Scheduled,Scheduled,Preview,N,night,1.0,Regular Season,Rate Field,112,Chicago Cubs,CHC,,,145,Chicago White Sox,CWS,,,
823707,2026-05-15,2026-05-16T00:10:00+00:00,2026-05-16 12:10 AM UTC,2026,Scheduled,Scheduled,Preview,N,night,1.0,Regular Season,Target Field,158,Milwaukee Brewers,MIL,,,142,Minnesota Twins,MIN,,,
824194,2026-05-15,2026-05-16T00:10:00+00:00,2026-05-16 12:10 AM UTC,2026,Scheduled,Scheduled,Preview,N,night,1.0,Regular Season,Daikin Park,140,Texas Rangers,TEX,,,117,Houston Astros,HOU,,,
823061,2026-05-15,2026-05-16T00:15:00+00:00,2026-05-16 12:15 AM UTC,2026,Scheduled,Scheduled,Preview,N,night,1.0,Regular Season,Busch Stadium,118,Kansas City Royals,KC,,,138,St. Louis Cardinals,STL,,,
824360,2026-05-15,2026-05-16T00:40:00+00:00,2026-05-16 12:40 AM UTC,2026,Scheduled,Scheduled,Preview,N,night,1.0,Regular Season,Coors Field,109,Arizona Diamondbacks,AZ,,,115,Colorado Rockies,COL,,,
824037,2026-05-15,2026-05-16T01:38:00+00:00,2026-05-16 01:38 AM UTC,2026,Scheduled,Scheduled,Preview,N,night,1.0,Regular Season,Angel Stadium,119,Los Angeles Dodgers,LAD,,,108,Los Angeles Angels,LAA,,,
823140,2026-05-15,2026-05-16T01:40:00+00:00,2026-05-16 01:40 AM UTC,2026,Scheduled,Scheduled,Preview,N,night,1.0,Regular Season,T-Mobile Park,135,San Diego Padres,SD,,,136,Seattle Mariners,SEA,,,
825009,2026-05-15,2026-05-16T01:40:00+00:00,2026-05-16 01:40 AM UTC,2026,Scheduled,Scheduled,Preview,N,night,1.0,Regular Season,Sutter Health Park,137,San Francisco Giants,SF,,,133,Athletics,ATH,,,
824278,2026-05-16,2026-05-16T17:10:00+00:00,2026-05-16 05:10 PM UTC,2026,Scheduled,Scheduled,Preview,N,day,2.0,Regular Season,Comerica Park,141,Toronto Blue Jays,TOR,,,116,Detroit Tigers,DET,,,
823060,2026-05-16,2026-05-16T18:15:00+00:00,2026-05-16 06:15 PM UTC,2026,Scheduled,Scheduled,Preview,N,day,2.0,Regular Season,Busch Stadium,118,Kansas City Royals,KC,,,138,St. Louis Cardinals,STL,,,
824359,2026-05-16,2026-05-16T19:10:00+00:00,2026-05-16 07:10 PM UTC,2026,Scheduled,Scheduled,Preview,N,day,2.0,Regular Season,Coors Field,109,Arizona Diamondbacks,AZ,,,115,Colorado Rockies,COL,,,
822737,2026-05-16,2026-05-16T20:05:00+00:00,2026-05-16 08:05 PM UTC,2026,Scheduled,Scheduled,Preview,N,day,2.0,Regular Season,Nationals Park,110,Baltimore Orioles,BAL,,,120,Washington Nationals,WSH,,,
823382,2026-05-16,2026-05-16T20:05:00+00:00,2026-05-16 08:05 PM UTC,2026,Scheduled,Scheduled,Preview,N,day,2.0,Regular Season,PNC Park,143,Philadelphia Phillies,PHI,,,134,Pittsburgh Pirates,PIT,,,
822981,2026-05-16,2026-05-16T20:10:00+00:00,2026-05-16 08:10 PM UTC,2026,Scheduled,Scheduled,Preview,N,day,2.0,Regular Season,Tropicana Field,146,Miami Marlins,MIA,,,139,Tampa Bay Rays,TB,,,
824435,2026-05-16,2026-05-16T22:10:00+00:00,2026-05-16 10:10 PM UTC,2026,Scheduled,Scheduled,Preview,N,night,2.0,Regular Season,Progressive Field,113,Cincinnati Reds,CIN,,,114,Cleveland Guardians,CLE,,,
823706,2026-05-16,2026-05-16T23:10:00+00:00,2026-05-16 11:10 PM UTC,2026,Scheduled,Scheduled,Preview,N,night,2.0,Regular Season,Target Field,158,Milwaukee Brewers,MIL,,,142,Minnesota Twins,MIN,,,
824193,2026-05-16,2026-05-16T23:10:00+00:00,2026-05-16 11:10 PM UTC,2026,Scheduled,Scheduled,Preview,N,night,2.0,Regular Season,Daikin Park,140,Texas Rangers,TEX,,,117,Houston Astros,HOU,,,
824600,2026-05-16,2026-05-16T23:10:00+00:00,2026-05-16 11:10 PM UTC,2026,Scheduled,Scheduled,Preview,N,night,2.0,Regular Season,Rate Field,112,Chicago Cubs,CHC,,,145,Chicago White Sox,CWS,,,
823139,2026-05-16,2026-05-16T23:15:00+00:00,2026-05-16 11:15 PM UTC,2026,Scheduled,Scheduled,Preview,N,day,2.0,Regular Season,T-Mobile Park,135,San Diego Padres,SD,,,136,Seattle Mariners,SEA,,,
823627,2026-05-16,2026-05-16T23:15:00+00:00,2026-05-16 11:15 PM UTC,2026,Scheduled,Scheduled,Preview,N,night,2.0,Regular Season,Citi Field,147,New York Yankees,NYY,,,121,New York Mets,NYM,,,
824924,2026-05-16,2026-05-16T23:15:00+00:00,2026-05-16 11:15 PM UTC,2026,Scheduled,Scheduled,Preview,N,night,2.0,Regular Season,Truist Park,111,Boston Red Sox,BOS,,,144,Atlanta Braves,ATL,,,
824038,2026-05-16,2026-05-17T01:38:00+00:00,2026-05-17 01:38 AM UTC,2026,Scheduled,Scheduled,Preview,N,night,2.0,Regular Season,Angel Stadium,119,Los Angeles Dodgers,LAD,,,108,Los Angeles Angels,LAA,,,
825007,2026-05-16,2026-05-17T01:40:00+00:00,2026-05-17 01:40 AM UTC,2026,Scheduled,Scheduled,Preview,N,night,2.0,Regular Season,Sutter Health Park,137,San Francisco Giants,SF,,,133,Athletics,ATH,,,
822982,2026-05-17,2026-05-17T16:15:00+00:00,2026-05-17 04:15 PM UTC,2026,Scheduled,Scheduled,Preview,N,day,3.0,Regular Season,Tropicana Field,146,Miami Marlins,MIA,,,139,Tampa Bay Rays,TB,,,
822738,2026-05-17,2026-05-17T17:35:00+00:00,2026-05-17 05:35 PM UTC,2026,Scheduled,Scheduled,Preview,N,day,3.0,Regular Season,Nationals Park,110,Baltimore Orioles,BAL,,,120,Washington Nationals,WSH,,,
823381,2026-05-17,2026-05-17T17:35:00+00:00,2026-05-17 05:35 PM UTC,2026,Scheduled,Scheduled,Preview,N,day,3.0,Regular Season,PNC Park,143,Philadelphia Phillies,PHI,,,134,Pittsburgh Pirates,PIT,,,
824923,2026-05-17,2026-05-17T17:35:00+00:00,2026-05-17 05:35 PM UTC,2026,Scheduled,Scheduled,Preview,N,day,3.0,Regular Season,Truist Park,111,Boston Red Sox,BOS,,,144,Atlanta Braves,ATL,,,
823628,2026-05-17,2026-05-17T17:40:00+00:00,2026-05-17 05:40 PM UTC,2026,Scheduled,Scheduled,Preview,N,day,3.0,Regular Season,Citi Field,147,New York Yankees,NYY,,,121,New York Mets,NYM,,,
824279,2026-05-17,2026-05-17T17:40:00+00:00,2026-05-17 05:40 PM UTC,2026,Scheduled,Scheduled,Preview,N,day,3.0,Regular Season,Comerica Park,141,Toronto Blue Jays,TOR,,,116,Detroit Tigers,DET,,,
824436,2026-05-17,2026-05-17T17:40:00+00:00,2026-05-17 05:40 PM UTC,2026,Scheduled,Scheduled,Preview,N,day,3.0,Regular Season,Progressive Field,113,Cincinnati Reds,CIN,,,114,Cleveland Guardians,CLE,,,
823708,2026-05-17,2026-05-17T18:10:00+00:00,2026-05-17 06:10 PM UTC,2026,Scheduled,Scheduled,Preview,N,day,3.0,Regular Season,Target Field,158,Milwaukee Brewers,MIL,,,142,Minnesota Twins,MIN,,,
824192,2026-05-17,2026-05-17T18:10:00+00:00,2026-05-17 06:10 PM UTC,2026,Scheduled,Scheduled,Preview,N,day,3.0,Regular Season,Daikin Park,140,Texas Rangers,TEX,,,117,Houston Astros,HOU,,,
824599,2026-05-17,2026-05-17T18:10:00+00:00,2026-05-17 06:10 PM UTC,2026,Scheduled,Scheduled,Preview,N,day,3.0,Regular Season,Rate Field,112,Chicago Cubs,CHC,,,145,Chicago White Sox,CWS,,,
823058,2026-05-17,2026-05-17T18:15:00+00:00,2026-05-17 06:15 PM UTC,2026,Scheduled,Scheduled,Preview,N,day,3.0,Regular Season,Busch Stadium,118,Kansas City Royals,KC,,,138,St. Louis Cardinals,STL,,,
824358,2026-05-17,2026-05-17T19:10:00+00:00,2026-05-17 07:10 PM UTC,2026,Scheduled,Scheduled,Preview,N,day,3.0,Regular Season,Coors Field,109,Arizona Diamondbacks,AZ,,,115,Colorado Rockies,COL,,,
825006,2026-05-17,2026-05-17T20:05:00+00:00,2026-05-17 08:05 PM UTC,2026,Scheduled,Scheduled,Preview,N,day,3.0,Regular Season,Sutter Health Park,137,San Francisco Giants,SF,,,133,Athletics,ATH,,,
824034,2026-05-17,2026-05-17T20:07:00+00:00,2026-05-17 08:07 PM UTC,2026,Scheduled,Scheduled,Preview,N,day,3.0,Regular Season,Angel Stadium,119,Los Angeles Dodgers,LAD,,,108,Los Angeles Angels,LAA,,,
823138,2026-05-17,2026-05-17T23:20:00+00:00,2026-05-17 11:20 PM UTC,2026,Scheduled,Scheduled,Preview,N,day,3.0,Regular Season,T-Mobile Park,135,San Diego Padres,SD,,,136,Seattle Mariners,SEA,,,
822980,2026-05-18,2026-05-18T22:40:00+00:00,2026-05-18 10:40 PM UTC,2026,Scheduled,Scheduled,Preview,N,night,1.0,Regular Season,Tropicana Field,110,Baltimore Orioles,BAL,,,139,Tampa Bay Rays,TB,,,
823465,2026-05-18,2026-05-18T22:40:00+00:00,2026-05-18 10:40 PM UTC,2026,Scheduled,Scheduled,Preview,N,night,1.0,Regular Season,Citizens Bank Park,113,Cincinnati Reds,CIN,,,143,Philadelphia Phillies,PHI,,,
823867,2026-05-18,2026-05-18T22:40:00+00:00,2026-05-18 10:40 PM UTC,2026,Scheduled,Scheduled,Preview,N,night,1.0,Regular Season,loanDepot park,144,Atlanta Braves,ATL,,,146,Miami Marlins,MIA,,,
824277,2026-05-18,2026-05-18T22:40:00+00:00,2026-05-18 10:40 PM UTC,2026,Scheduled,Scheduled,Preview,N,night,1.0,Regular Season,Comerica Park,114,Cleveland Guardians,CLE,,,116,Detroit Tigers,DET,,,
822734,2026-05-18,2026-05-18T22:45:00+00:00,2026-05-18 10:45 PM UTC,2026,Scheduled,Scheduled,Preview,N,night,1.0,Regular Season,Nationals Park,121,New York Mets,NYM,,,120,Washington Nationals,WSH,,,
823549,2026-05-18,2026-05-18T23:05:00+00:00,2026-05-18 11:05 PM UTC,2026,Scheduled,Scheduled,Preview,N,night,1.0,Regular Season,Yankee Stadium,141,Toronto Blue Jays,TOR,,,147,New York Yankees,NYY,,,
823705,2026-05-18,2026-05-18T23:40:00+00:00,2026-05-18 11:40 PM UTC,2026,Scheduled,Scheduled,Preview,N,night,1.0,Regular Season,Target Field,117,Houston Astros,HOU,,,142,Minnesota Twins,MIN,,,
824114,2026-05-18,2026-05-18T23:40:00+00:00,2026-05-18 11:40 PM UTC,2026,Scheduled,Scheduled,Preview,N,night,1.0,Regular Season,Kauffman Stadium,111,Boston Red Sox,BOS,,,118,Kansas City Royals,KC,,,
824680,2026-05-18,2026-05-18T23:40:00+00:00,2026-05-18 11:40 PM UTC,2026,Scheduled,Scheduled,Preview,N,night,1.0,Regular Season,Wrigley Field,158,Milwaukee Brewers,MIL,,,112,Chicago Cubs,CHC,,,
824357,2026-05-18,2026-05-19T00:40:00+00:00,2026-05-19 12:40 AM UTC,2026,Scheduled,Scheduled,Preview,N,night,1.0,Regular Season,Coors Field,140,Texas Rangers,TEX,,,115,Colorado Rockies,COL,,,
824035,2026-05-18,2026-05-19T01:38:00+00:00,2026-05-19 01:38 AM UTC,2026,Scheduled,Scheduled,Preview,N,night,1.0,Regular Season,Angel Stadium,133,Athletics,ATH,,,108,Los Angeles Angels,LAA,,,
823137,2026-05-18,2026-05-19T01:40:00+00:00,2026-05-19 01:40 AM UTC,2026,Scheduled,Scheduled,Preview,N,night,1.0,Regular Season,T-Mobile Park,145,Chicago White Sox,CWS,,,136,Seattle Mariners,SEA,,,
823301,2026-05-18,2026-05-19T01:40:00+00:00,2026-05-19 01:40 AM UTC,2026,Scheduled,Scheduled,Preview,N,night,1.0,Regular Season,Petco Park,119,Los Angeles Dodgers,LAD,,,135,San Diego Padres,SD,,,
825087,2026-05-18,2026-05-19T01:40:00+00:00,2026-05-19 01:40 AM UTC,2026,Scheduled,Scheduled,Preview,N,night,1.0,Regular Season,Chase Field,137,San Francisco Giants,SF,,,109,Arizona Diamondbacks,AZ,,,
823865,2026-05-19,2026-05-19T20:10:00+00:00,2026-05-19 08:10 PM UTC,2026,Scheduled,Scheduled,Preview,N,day,2.0,Regular Season,loanDepot park,144,Atlanta Braves,ATL,,,146,Miami Marlins,MIA,,,
822979,2026-05-19,2026-05-19T22:40:00+00:00,2026-05-19 10:40 PM UTC,2026,Scheduled,Scheduled,Preview,N,night,2.0,Regular Season,Tropicana Field,110,Baltimore Orioles,BAL,,,139,Tampa Bay Rays,TB,,,
823464,2026-05-19,2026-05-19T22:40:00+00:00,2026-05-19 10:40 PM UTC,2026,Scheduled,Scheduled,Preview,N,night,2.0,Regular Season,Citizens Bank Park,113,Cincinnati Reds,CIN,,,143,Philadelphia Phillies,PHI,,,
824276,2026-05-19,2026-05-19T22:40:00+00:00,2026-05-19 10:40 PM UTC,2026,Scheduled,Scheduled,Preview,N,night,2.0,Regular Season,Comerica Park,114,Cleveland Guardians,CLE,,,116,Detroit Tigers,DET,,,
822736,2026-05-19,2026-05-19T22:45:00+00:00,2026-05-19 10:45 PM UTC,2026,Scheduled,Scheduled,Preview,N,night,2.0,Regular Season,Nationals Park,121,New York Mets,NYM,,,120,Washington Nationals,WSH,,,
823548,2026-05-19,2026-05-19T23:05:00+00:00,2026-05-19 11:05 PM UTC,2026,Scheduled,Scheduled,Preview,N,night,2.0,Regular Season,Yankee Stadium,141,Toronto Blue Jays,TOR,,,147,New York Yankees,NYY,,,
823704,2026-05-19,2026-05-19T23:40:00+00:00,2026-05-19 11:40 PM UTC,2026,Scheduled,Scheduled,Preview,N,night,2.0,Regular Season,Target Field,117,Houston Astros,HOU,,,142,Minnesota Twins,MIN,,,
824112,2026-05-19,2026-05-19T23:40:00+00:00,2026-05-19 11:40 PM UTC,2026,Scheduled,Scheduled,Preview,N,night,2.0,Regular Season,Kauffman Stadium,111,Boston Red Sox,BOS,,,118,Kansas City Royals,KC,,,
824677,2026-05-19,2026-05-19T23:40:00+00:00,2026-05-19 11:40 PM UTC,2026,Scheduled,Scheduled,Preview,N,night,2.0,Regular Season,Wrigley Field,158,Milwaukee Brewers,MIL,,,112,Chicago Cubs,CHC,,,
823059,2026-05-19,2026-05-19T23:45:00+00:00,2026-05-19 11:45 PM UTC,2026,Scheduled,Scheduled,Preview,N,night,1.0,Regular Season,Busch Stadium,134,Pittsburgh Pirates,PIT,,,138,St. Louis Cardinals,STL,,,
824356,2026-05-19,2026-05-20T00:40:00+00:00,2026-05-20 12:40 AM UTC,2026,Scheduled,Scheduled,Preview,N,night,2.0,Regular Season,Coors Field,140,Texas Rangers,TEX,,,115,Colorado Rockies,COL,,,
824033,2026-05-19,2026-05-20T01:38:00+00:00,2026-05-20 01:38 AM UTC,2026,Scheduled,Scheduled,Preview,N,night,2.0,Regular Season,Angel Stadium,133,Athletics,ATH,,,108,Los Angeles Angels,LAA,,,
823136,2026-05-19,2026-05-20T01:40:00+00:00,2026-05-20 01:40 AM UTC,2026,Scheduled,Scheduled,Preview,N,night,2.0,Regular Season,T-Mobile Park,145,Chicago White Sox,CWS,,,136,Seattle Mariners,SEA,,,
823302,2026-05-19,2026-05-20T01:40:00+00:00,2026-05-20 01:40 AM UTC,2026,Scheduled,Scheduled,Preview,N,night,2.0,Regular Season,Petco Park,119,Los Angeles Dodgers,LAD,,,135,San Diego Padres,SD,,,
825086,2026-05-19,2026-05-20T01:40:00+00:00,2026-05-20 01:40 AM UTC,2026,Scheduled,Scheduled,Preview,N,night,2.0,Regular Season,Chase Field,137,San Francisco Giants,SF,,,109,Arizona Diamondbacks,AZ,,,
823462,2026-05-20,2026-05-20T17:05:00+00:00,2026-05-20 05:05 PM UTC,2026,Scheduled,Scheduled,Preview,N,day,3.0,Regular Season,Citizens Bank Park,113,Cincinnati Reds,CIN,,,143,Philadelphia Phillies,PHI,,,
822977,2026-05-20,2026-05-20T17:10:00+00:00,2026-05-20 05:10 PM UTC,2026,Scheduled,Scheduled,Preview,N,day,3.0,Regular Season,Tropicana Field,110,Baltimore Orioles,BAL,,,139,Tampa Bay Rays,TB,,,
823703,2026-05-20,2026-05-20T17:40:00+00:00,2026-05-20 05:40 PM UTC,2026,Scheduled,Scheduled,Preview,N,day,3.0,Regular Season,Target Field,117,Houston Astros,HOU,,,142,Minnesota Twins,MIN,,,
824355,2026-05-20,2026-05-20T19:10:00+00:00,2026-05-20 07:10 PM UTC,2026,Scheduled,Scheduled,Preview,N,day,3.0,Regular Season,Coors Field,140,Texas Rangers,TEX,,,115,Colorado Rockies,COL,,,
825084,2026-05-20,2026-05-20T19:40:00+00:00,2026-05-20 07:40 PM UTC,2026,Scheduled,Scheduled,Preview,N,day,3.0,Regular Season,Chase Field,137,San Francisco Giants,SF,,,109,Arizona Diamondbacks,AZ,,,
823134,2026-05-20,2026-05-20T20:10:00+00:00,2026-05-20 08:10 PM UTC,2026,Scheduled,Scheduled,Preview,N,day,3.0,Regular Season,T-Mobile Park,145,Chicago White Sox,CWS,,,136,Seattle Mariners,SEA,,,
823866,2026-05-20,2026-05-20T22:40:00+00:00,2026-05-20 10:40 PM UTC,2026,Scheduled,Scheduled,Preview,N,night,3.0,Regular Season,loanDepot park,144,Atlanta Braves,ATL,,,146,Miami Marlins,MIA,,,
824273,2026-05-20,2026-05-20T22:40:00+00:00,2026-05-20 10:40 PM UTC,2026,Scheduled,Scheduled,Preview,N,night,3.0,Regular Season,Comerica Park,114,Cleveland Guardians,CLE,,,116,Detroit Tigers,DET,,,
822735,2026-05-20,2026-05-20T22:45:00+00:00,2026-05-20 10:45 PM UTC,2026,Scheduled,Scheduled,Preview,N,night,3.0,Regular Season,Nationals Park,121,New York Mets,NYM,,,120,Washington Nationals,WSH,,,
823547,2026-05-20,2026-05-20T23:05:00+00:00,2026-05-20 11:05 PM UTC,2026,Scheduled,Scheduled,Preview,N,night,3.0,Regular Season,Yankee Stadium,141,Toronto Blue Jays,TOR,,,147,New York Yankees,NYY,,,
824111,2026-05-20,2026-05-20T23:40:00+00:00,2026-05-20 11:40 PM UTC,2026,Scheduled,Scheduled,Preview,N,night,3.0,Regular Season,Kauffman Stadium,111,Boston Red Sox,BOS,,,118,Kansas City Royals,KC,,,
824678,2026-05-20,2026-05-20T23:40:00+00:00,2026-05-20 11:40 PM UTC,2026,Scheduled,Scheduled,Preview,N,night,3.0,Regular Season,Wrigley Field,158,Milwaukee Brewers,MIL,,,112,Chicago Cubs,CHC,,,
823057,2026-05-20,2026-05-20T23:45:00+00:00,2026-05-20 11:45 PM UTC,2026,Scheduled,Scheduled,Preview,N,night,2.0,Regular Season,Busch Stadium,134,Pittsburgh Pirates,PIT,,,138,St. Louis Cardinals,STL,,,
823299,2026-05-20,2026-05-21T00:40:00+00:00,2026-05-21 12:40 AM UTC,2026,Scheduled,Scheduled,Preview,N,night,3.0,Regular Season,Petco Park,119,Los Angeles Dodgers,LAD,,,135,San Diego Padres,SD,,,
824032,2026-05-20,2026-05-21T01:38:00+00:00,2026-05-21 01:38 AM UTC,2026,Scheduled,Scheduled,Preview,N,night,3.0,Regular Season,Angel Stadium,133,Athletics,ATH,,,108,Los Angeles Angels,LAA,,,
824274,2026-05-21,2026-05-21T17:10:00+00:00,2026-05-21 05:10 PM UTC,2026,Scheduled,Scheduled,Preview,N,day,4.0,Regular Season,Comerica Park,114,Cleveland Guardians,CLE,,,116,Detroit Tigers,DET,,,
823056,2026-05-21,2026-05-21T17:15:00+00:00,2026-05-21 05:15 PM UTC,2026,Scheduled,Scheduled,Preview,N,day,3.0,Regular Season,Busch Stadium,134,Pittsburgh Pirates,PIT,,,138,St. Louis Cardinals,STL,,,
822733,2026-05-21,2026-05-21T20:05:00+00:00,2026-05-21 08:05 PM UTC,2026,Scheduled,Scheduled,Preview,N,day,4.0,Regular Season,Nationals Park,121,New York Mets,NYM,,,120,Washington Nationals,WSH,,,
823864,2026-05-21,2026-05-21T22:40:00+00:00,2026-05-21 10:40 PM UTC,2026,Scheduled,Scheduled,Preview,N,night,4.0,Regular Season,loanDepot park,144,Atlanta Braves,ATL,,,146,Miami Marlins,MIA,,,
823545,2026-05-21,2026-05-21T23:05:00+00:00,2026-05-21 11:05 PM UTC,2026,Scheduled,Scheduled,Preview,N,night,4.0,Regular Season,Yankee Stadium,141,Toronto Blue Jays,TOR,,,147,New York Yankees,NYY,,,
824031,2026-05-21,2026-05-22T01:38:00+00:00,2026-05-22 01:38 AM UTC,2026,Scheduled,Scheduled,Preview,N,night,4.0,Regular Season,Angel Stadium,133,Athletics,ATH,,,108,Los Angeles Angels,LAA,,,
825083,2026-05-21,2026-05-22T01:40:00+00:00,2026-05-22 01:40 AM UTC,2026,Scheduled,Scheduled,Preview,N,night,1.0,Regular Season,Chase Field,115,Colorado Rockies,COL,,,109,Arizona Diamondbacks,AZ,,,
824679,2026-05-22,2026-05-22T18:20:00+00:00,2026-05-22 06:20 PM UTC,2026,Scheduled,Scheduled,Preview,N,day,1.0,Regular Season,Wrigley Field,117,Houston Astros,HOU,,,112,Chicago Cubs,CHC,,,
823461,2026-05-22,2026-05-22T22:40:00+00:00,2026-05-22 10:40 PM UTC,2026,Scheduled,Scheduled,Preview,N,night,1.0,Regular Season,Citizens Bank Park,114,Cleveland Guardians,CLE,,,143,Philadelphia Phillies,PHI,,,
824518,2026-05-22,2026-05-22T22:40:00+00:00,2026-05-22 10:40 PM UTC,2026,Scheduled,Scheduled,Preview,N,night,1.0,Regular Season,Great American Ball Park,138,St. Louis Cardinals,STL,,,113,Cincinnati Reds,CIN,,,
823546,2026-05-22,2026-05-22T23:05:00+00:00,2026-05-22 11:05 PM UTC,2026,Scheduled,Scheduled,Preview,N,night,1.0,Regular Season,Yankee Stadium,139,Tampa Bay Rays,TB,,,147,New York Yankees,NYY,,,
822816,2026-05-22,2026-05-22T23:07:00+00:00,2026-05-22 11:07 PM UTC,2026,Scheduled,Scheduled,Preview,N,night,1.0,Regular Season,Rogers Centre,134,Pittsburgh Pirates,PIT,,,141,Toronto Blue Jays,TOR,,,
823863,2026-05-22,2026-05-22T23:10:00+00:00,2026-05-22 11:10 PM UTC,2026,Scheduled,Scheduled,Preview,N,night,1.0,Regular Season,loanDepot park,121,New York Mets,NYM,,,146,Miami Marlins,MIA,,,
824761,2026-05-22,2026-05-22T23:10:00+00:00,2026-05-22 11:10 PM UTC,2026,Scheduled,Scheduled,Preview,N,night,1.0,Regular Season,Fenway Park,142,Minnesota Twins,MIN,,,111,Boston Red Sox,BOS,,,
824842,2026-05-22,2026-05-22T23:15:00+00:00,2026-05-22 11:15 PM UTC,2026,Scheduled,Scheduled,Preview,N,night,1.0,Regular Season,Oriole Park at Camden Yards,116,Detroit Tigers,DET,,,110,Baltimore Orioles,BAL,,,
824922,2026-05-22,2026-05-22T23:15:00+00:00,2026-05-22 11:15 PM UTC,2026,Scheduled,Scheduled,Preview,N,night,1.0,Regular Season,Truist Park,120,Washington Nationals,WSH,,,144,Atlanta Braves,ATL,,,
823788,2026-05-22,2026-05-22T23:40:00+00:00,2026-05-22 11:40 PM UTC,2026,Scheduled,Scheduled,Preview,N,night,1.0,Regular Season,American Family Field,119,Los Angeles Dodgers,LAD,,,158,Milwaukee Brewers,MIL,,,
824110,2026-05-22,2026-05-22T23:40:00+00:00,2026-05-22 11:40 PM UTC,2026,Scheduled,Scheduled,Preview,N,night,1.0,Regular Season,Kauffman Stadium,136,Seattle Mariners,SEA,,,118,Kansas City Royals,KC,,,
824029,2026-05-22,2026-05-23T01:38:00+00:00,2026-05-23 01:38 AM UTC,2026,Scheduled,Scheduled,Preview,N,night,1.0,Regular Season,Angel Stadium,140,Texas Rangers,TEX,,,108,Los Angeles Angels,LAA,,,
823298,2026-05-22,2026-05-23T01:40:00+00:00,2026-05-23 01:40 AM UTC,2026,Scheduled,Scheduled,Preview,N,night,1.0,Regular Season,Petco Park,133,Athletics,ATH,,,135,San Diego Padres,SD,,,
825082,2026-05-22,2026-05-23T01:40:00+00:00,2026-05-23 01:40 AM UTC,2026,Scheduled,Scheduled,Preview,N,night,2.0,Regular Season,Chase Field,115,Colorado Rockies,COL,,,109,Arizona Diamondbacks,AZ,,,
823223,2026-05-22,2026-05-23T02:15:00+00:00,2026-05-23 02:15 AM UTC,2026,Scheduled,Scheduled,Preview,N,night,1.0,Regular Season,Oracle Park,145,Chicago White Sox,CWS,,,137,San Francisco Giants,SF,,,
823543,2026-05-23,2026-05-23T17:35:00+00:00,2026-05-23 05:35 PM UTC,2026,Scheduled,Scheduled,Preview,N,day,2.0,Regular Season,Yankee Stadium,139,Tampa Bay Rays,TB,,,147,New York Yankees,NYY,,,
824674,2026-05-23,2026-05-23T18:20:00+00:00,2026-05-23 06:20 PM UTC,2026,Scheduled,Scheduled,Preview,N,day,2.0,Regular Season,Wrigley Field,117,Houston Astros,HOU,,,112,Chicago Cubs,CHC,,,
822814,2026-05-23,2026-05-23T19:07:00+00:00,2026-05-23 07:07 PM UTC,2026,Scheduled,Scheduled,Preview,N,day,2.0,Regular Season,Rogers Centre,134,Pittsburgh Pirates,PIT,,,141,Toronto Blue Jays,TOR,,,
823222,2026-05-23,2026-05-23T20:05:00+00:00,2026-05-23 08:05 PM UTC,2026,Scheduled,Scheduled,Preview,N,day,2.0,Regular Season,Oracle Park,145,Chicago White Sox,CWS,,,137,San Francisco Giants,SF,,,
823458,2026-05-23,2026-05-23T20:05:00+00:00,2026-05-23 08:05 PM UTC,2026,Scheduled,Scheduled,Preview,N,day,2.0,Regular Season,Citizens Bank Park,114,Cleveland Guardians,CLE,,,143,Philadelphia Phillies,PHI,,,
824840,2026-05-23,2026-05-23T20:05:00+00:00,2026-05-23 08:05 PM UTC,2026,Scheduled,Scheduled,Preview,N,day,2.0,Regular Season,Oriole Park at Camden Yards,116,Detroit Tigers,DET,,,110,Baltimore Orioles,BAL,,,
823862,2026-05-23,2026-05-23T20:10:00+00:00,2026-05-23 08:10 PM UTC,2026,Scheduled,Scheduled,Preview,N,day,2.0,Regular Season,loanDepot park,121,New York Mets,NYM,,,146,Miami Marlins,MIA,,,
824109,2026-05-23,2026-05-23T20:10:00+00:00,2026-05-23 08:10 PM UTC,2026,Scheduled,Scheduled,Preview,N,day,2.0,Regular Season,Kauffman Stadium,136,Seattle Mariners,SEA,,,118,Kansas City Royals,KC,,,
824760,2026-05-23,2026-05-23T20:10:00+00:00,2026-05-23 08:10 PM UTC,2026,Scheduled,Scheduled,Preview,N,day,2.0,Regular Season,Fenway Park,142,Minnesota Twins,MIN,,,111,Boston Red Sox,BOS,,,
824920,2026-05-23,2026-05-23T20:10:00+00:00,2026-05-23 08:10 PM UTC,2026,Scheduled,Scheduled,Preview,N,day,2.0,Regular Season,Truist Park,120,Washington Nationals,WSH,,,144,Atlanta Braves,ATL,,,
823787,2026-05-23,2026-05-23T23:15:00+00:00,2026-05-23 11:15 PM UTC,2026,Scheduled,Scheduled,Preview,N,night,2.0,Regular Season,American Family Field,119,Los Angeles Dodgers,LAD,,,158,Milwaukee Brewers,MIL,,,
824516,2026-05-23,2026-05-23T23:15:00+00:00,2026-05-23 11:15 PM UTC,2026,Scheduled,Scheduled,Preview,N,night,2.0,Regular Season,Great American Ball Park,138,St. Louis Cardinals,STL,,,113,Cincinnati Reds,CIN,,,
823300,2026-05-23,2026-05-24T01:40:00+00:00,2026-05-24 01:40 AM UTC,2026,Scheduled,Scheduled,Preview,N,night,2.0,Regular Season,Petco Park,133,Athletics,ATH,,,135,San Diego Padres,SD,,,
824030,2026-05-23,2026-05-24T02:05:00+00:00,2026-05-24 02:05 AM UTC,2026,Scheduled,Scheduled,Preview,N,night,2.0,Regular Season,Angel Stadium,140,Texas Rangers,TEX,,,108,Los Angeles Angels,LAA,,,
825080,2026-05-23,2026-05-24T02:10:00+00:00,2026-05-24 02:10 AM UTC,2026,Scheduled,Scheduled,Preview,N,night,3.0,Regular Season,Chase Field,115,Colorado Rockies,COL,,,109,Arizona Diamondbacks,AZ,,,
822813,2026-05-24,2026-05-24T16:15:00+00:00,2026-05-24 04:15 PM UTC,2026,Scheduled,Scheduled,Preview,N,day,3.0,Regular Season,Rogers Centre,134,Pittsburgh Pirates,PIT,,,141,Toronto Blue Jays,TOR,,,
823459,2026-05-24,2026-05-24T17:35:00+00:00,2026-05-24 05:35 PM UTC,2026,Scheduled,Scheduled,Preview,N,day,3.0,Regular Season,Citizens Bank Park,114,Cleveland Guardians,CLE,,,143,Philadelphia Phillies,PHI,,,
823544,2026-05-24,2026-05-24T17:35:00+00:00,2026-05-24 05:35 PM UTC,2026,Scheduled,Scheduled,Preview,N,day,3.0,Regular Season,Yankee Stadium,139,Tampa Bay Rays,TB,,,147,New York Yankees,NYY,,,
824759,2026-05-24,2026-05-24T17:35:00+00:00,2026-05-24 05:35 PM UTC,2026,Scheduled,Scheduled,Preview,N,day,3.0,Regular Season,Fenway Park,142,Minnesota Twins,MIN,,,111,Boston Red Sox,BOS,,,
824839,2026-05-24,2026-05-24T17:35:00+00:00,2026-05-24 05:35 PM UTC,2026,Scheduled,Scheduled,Preview,N,day,3.0,Regular Season,Oriole Park at Camden Yards,116,Detroit Tigers,DET,,,110,Baltimore Orioles,BAL,,,
823861,2026-05-24,2026-05-24T17:40:00+00:00,2026-05-24 05:40 PM UTC,2026,Scheduled,Scheduled,Preview,N,day,3.0,Regular Season,loanDepot park,121,New York Mets,NYM,,,146,Miami Marlins,MIA,,,
824514,2026-05-24,2026-05-24T17:40:00+00:00,2026-05-24 05:40 PM UTC,2026,Scheduled,Scheduled,Preview,N,day,3.0,Regular Season,Great American Ball Park,138,St. Louis Cardinals,STL,,,113,Cincinnati Reds,CIN,,,
823786,2026-05-24,2026-05-24T18:10:00+00:00,2026-05-24 06:10 PM UTC,2026,Scheduled,Scheduled,Preview,N,day,3.0,Regular Season,American Family Field,119,Los Angeles Dodgers,LAD,,,158,Milwaukee Brewers,MIL,,,
824108,2026-05-24,2026-05-24T18:10:00+00:00,2026-05-24 06:10 PM UTC,2026,Scheduled,Scheduled,Preview,N,day,3.0,Regular Season,Kauffman Stadium,136,Seattle Mariners,SEA,,,118,Kansas City Royals,KC,,,
824676,2026-05-24,2026-05-24T18:20:00+00:00,2026-05-24 06:20 PM UTC,2026,Scheduled,Scheduled,Preview,N,day,3.0,Regular Season,Wrigley Field,117,Houston Astros,HOU,,,112,Chicago Cubs,CHC,,,
823220,2026-05-24,2026-05-24T20:05:00+00:00,2026-05-24 08:05 PM UTC,2026,Scheduled,Scheduled,Preview,N,day,3.0,Regular Season,Oracle Park,145,Chicago White Sox,CWS,,,137,San Francisco Giants,SF,,,
823297,2026-05-24,2026-05-24T20:10:00+00:00,2026-05-24 08:10 PM UTC,2026,Scheduled,Scheduled,Preview,N,day,3.0,Regular Season,Petco Park,133,Athletics,ATH,,,135,San Diego Padres,SD,,,
824921,2026-05-24,2026-05-24T20:10:00+00:00,2026-05-24 08:10 PM UTC,2026,Scheduled,Scheduled,Preview,N,day,3.0,Regular Season,Truist Park,120,Washington Nationals,WSH,,,144,Atlanta Braves,ATL,,,
825081,2026-05-24,2026-05-24T20:10:00+00:00,2026-05-24 08:10 PM UTC,2026,Scheduled,Scheduled,Preview,N,day,4.0,Regular Season,Chase Field,115,Colorado Rockies,COL,,,109,Arizona Diamondbacks,AZ,,,
824028,2026-05-24,2026-05-24T23:20:00+00:00,2026-05-24 11:20 PM UTC,2026,Scheduled,Scheduled,Preview,N,day,3.0,Regular Season,Angel Stadium,140,Texas Rangers,TEX,,,108,Los Angeles Angels,LAA,,,
824838,2026-05-25,2026-05-25T17:35:00+00:00,2026-05-25 05:35 PM UTC,2026,Scheduled,Scheduled,Preview,N,day,1.0,Regular Season,Oriole Park at Camden Yards,139,Tampa Bay Rays,TB,,,110,Baltimore Orioles,BAL,,,
823784,2026-05-25,2026-05-25T18:10:00+00:00,2026-05-25 06:10 PM UTC,2026,Scheduled,Scheduled,Preview,N,day,1.0,Regular Season,American Family Field,138,St. Louis Cardinals,STL,,,158,Milwaukee Brewers,MIL,,,
824598,2026-05-25,2026-05-25T18:10:00+00:00,2026-05-25 06:10 PM UTC,2026,Scheduled,Scheduled,Preview,N,day,1.0,Regular Season,Rate Field,142,Minnesota Twins,MIN,,,145,Chicago White Sox,CWS,,,
824107,2026-05-25,2026-05-25T19:40:00+00:00,2026-05-25 07:40 PM UTC,2026,Scheduled,Scheduled,Preview,N,day,1.0,Regular Season,Kauffman Stadium,147,New York Yankees,NYY,,,118,Kansas City Royals,KC,,,
823625,2026-05-25,2026-05-25T20:10:00+00:00,2026-05-25 08:10 PM UTC,2026,Scheduled,Scheduled,Preview,N,day,1.0,Regular Season,Citi Field,113,Cincinnati Reds,CIN,,,121,New York Mets,NYM,,,
823219,2026-05-25,2026-05-25T21:05:00+00:00,2026-05-25 09:05 PM UTC,2026,Scheduled,Scheduled,Preview,N,day,1.0,Regular Season,Oracle Park,109,Arizona Diamondbacks,AZ,,,137,San Francisco Giants,SF,,,
824437,2026-05-25,2026-05-25T22:10:00+00:00,2026-05-25 10:10 PM UTC,2026,Scheduled,Scheduled,Preview,N,night,1.0,Regular Season,Progressive Field,120,Washington Nationals,WSH,,,114,Cleveland Guardians,CLE,,,
823296,2026-05-25,2026-05-25T22:40:00+00:00,2026-05-25 10:40 PM UTC,2026,Scheduled,Scheduled,Preview,N,day,1.0,Regular Season,Petco Park,143,Philadelphia Phillies,PHI,,,135,San Diego Padres,SD,,,
823380,2026-05-25,2026-05-25T22:40:00+00:00,2026-05-25 10:40 PM UTC,2026,Scheduled,Scheduled,Preview,N,night,1.0,Regular Season,PNC Park,112,Chicago Cubs,CHC,,,134,Pittsburgh Pirates,PIT,,,
822899,2026-05-25,2026-05-25T23:05:00+00:00,2026-05-25 11:05 PM UTC,2026,Scheduled,Scheduled,Preview,N,night,1.0,Regular Season,Globe Life Field,117,Houston Astros,HOU,,,140,Texas Rangers,TEX,,,
822812,2026-05-25,2026-05-25T23:07:00+00:00,2026-05-25 11:07 PM UTC,2026,Scheduled,Scheduled,Preview,N,night,1.0,Regular Season,Rogers Centre,146,Miami Marlins,MIA,,,141,Toronto Blue Jays,TOR,,,
823948,2026-05-25,2026-05-26T01:10:00+00:00,2026-05-26 01:10 AM UTC,2026,Scheduled,Scheduled,Preview,N,night,1.0,Regular Season,UNIQLO Field at Dodger Stadium,115,Colorado Rockies,COL,,,119,Los Angeles Dodgers,LAD,,,
825005,2026-05-25,2026-05-26T01:40:00+00:00,2026-05-26 01:40 AM UTC,2026,Scheduled,Scheduled,Preview,N,night,1.0,Regular Season,Sutter Health Park,136,Seattle Mariners,SEA,,,133,Athletics,ATH,,,
824434,2026-05-26,2026-05-26T22:10:00+00:00,2026-05-26 10:10 PM UTC,2026,Scheduled,Scheduled,Preview,N,night,2.0,Regular Season,Progressive Field,120,Washington Nationals,WSH,,,114,Cleveland Guardians,CLE,,,
824837,2026-05-26,2026-05-26T22:35:00+00:00,2026-05-26 10:35 PM UTC,2026,Scheduled,Scheduled,Preview,N,night,2.0,Regular Season,Oriole Park at Camden Yards,139,Tampa Bay Rays,TB,,,110,Baltimore Orioles,BAL,,,
823379,2026-05-26,2026-05-26T22:40:00+00:00,2026-05-26 10:40 PM UTC,2026,Scheduled,Scheduled,Preview,N,night,2.0,Regular Season,PNC Park,112,Chicago Cubs,CHC,,,134,Pittsburgh Pirates,PIT,,,
824275,2026-05-26,2026-05-26T22:40:00+00:00,2026-05-26 10:40 PM UTC,2026,Scheduled,Scheduled,Preview,N,night,1.0,Regular Season,Comerica Park,108,Los Angeles Angels,LAA,,,116,Detroit Tigers,DET,,,
824758,2026-05-26,2026-05-26T22:45:00+00:00,2026-05-26 10:45 PM UTC,2026,Scheduled,Scheduled,Preview,N,night,1.0,Regular Season,Fenway Park,144,Atlanta Braves,ATL,,,111,Boston Red Sox,BOS,,,
822811,2026-05-26,2026-05-26T23:07:00+00:00,2026-05-26 11:07 PM UTC,2026,Scheduled,Scheduled,Preview,N,night,2.0,Regular Season,Rogers Centre,146,Miami Marlins,MIA,,,141,Toronto Blue Jays,TOR,,,
823624,2026-05-26,2026-05-26T23:10:00+00:00,2026-05-26 11:10 PM UTC,2026,Scheduled,Scheduled,Preview,N,night,2.0,Regular Season,Citi Field,113,Cincinnati Reds,CIN,,,121,New York Mets,NYM,,,
823785,2026-05-26,2026-05-26T23:40:00+00:00,2026-05-26 11:40 PM UTC,2026,Scheduled,Scheduled,Preview,N,night,2.0,Regular Season,American Family Field,138,St. Louis Cardinals,STL,,,158,Milwaukee Brewers,MIL,,,
824106,2026-05-26,2026-05-26T23:40:00+00:00,2026-05-26 11:40 PM UTC,2026,Scheduled,Scheduled,Preview,N,night,2.0,Regular Season,Kauffman Stadium,147,New York Yankees,NYY,,,118,Kansas City Royals,KC,,,
824597,2026-05-26,2026-05-26T23:40:00+00:00,2026-05-26 11:40 PM UTC,2026,Scheduled,Scheduled,Preview,N,night,2.0,Regular Season,Rate Field,142,Minnesota Twins,MIN,,,145,Chicago White Sox,CWS,,,
822898,2026-05-26,2026-05-27T00:05:00+00:00,2026-05-27 12:05 AM UTC,2026,Scheduled,Scheduled,Preview,N,night,2.0,Regular Season,Globe Life Field,117,Houston Astros,HOU,,,140,Texas Rangers,TEX,,,
823294,2026-05-26,2026-05-27T01:40:00+00:00,2026-05-27 01:40 AM UTC,2026,Scheduled,Scheduled,Preview,N,night,2.0,Regular Season,Petco Park,143,Philadelphia Phillies,PHI,,,135,San Diego Padres,SD,,,
825004,2026-05-26,2026-05-27T01:40:00+00:00,2026-05-27 01:40 AM UTC,2026,Scheduled,Scheduled,Preview,N,night,2.0,Regular Season,Sutter Health Park,136,Seattle Mariners,SEA,,,133,Athletics,ATH,,,
823216,2026-05-26,2026-05-27T01:45:00+00:00,2026-05-27 01:45 AM UTC,2026,Scheduled,Scheduled,Preview,N,night,2.0,Regular Season,Oracle Park,109,Arizona Diamondbacks,AZ,,,137,San Francisco Giants,SF,,,
823949,2026-05-26,2026-05-27T02:10:00+00:00,2026-05-27 02:10 AM UTC,2026,Scheduled,Scheduled,Preview,N,night,2.0,Regular Season,UNIQLO Field at Dodger Stadium,115,Colorado Rockies,COL,,,119,Los Angeles Dodgers,LAD,,,
822809,2026-05-27,2026-05-27T17:07:00+00:00,2026-05-27 05:07 PM UTC,2026,Scheduled,Scheduled,Preview,N,day,3.0,Regular Season,Rogers Centre,146,Miami Marlins,MIA,,,141,Toronto Blue Jays,TOR,,,
824432,2026-05-27,2026-05-27T17:10:00+00:00,2026-05-27 05:10 PM UTC,2026,Scheduled,Scheduled,Preview,N,day,3.0,Regular Season,Progressive Field,120,Washington Nationals,WSH,,,114,Cleveland Guardians,CLE,,,
823783,2026-05-27,2026-05-27T17:40:00+00:00,2026-05-27 05:40 PM UTC,2026,Scheduled,Scheduled,Preview,N,day,3.0,Regular Season,American Family Field,138,St. Louis Cardinals,STL,,,158,Milwaukee Brewers,MIL,,,
825003,2026-05-27,2026-05-27T19:05:00+00:00,2026-05-27 07:05 PM UTC,2026,Scheduled,Scheduled,Preview,N,day,3.0,Regular Season,Sutter Health Park,136,Seattle Mariners,SEA,,,133,Athletics,ATH,,,
823217,2026-05-27,2026-05-27T19:45:00+00:00,2026-05-27 07:45 PM UTC,2026,Scheduled,Scheduled,Preview,N,day,3.0,Regular Season,Oracle Park,109,Arizona Diamondbacks,AZ,,,137,San Francisco Giants,SF,,,
823295,2026-05-27,2026-05-27T20:10:00+00:00,2026-05-27 08:10 PM UTC,2026,Scheduled,Scheduled,Preview,N,day,3.0,Regular Season,Petco Park,143,Philadelphia Phillies,PHI,,,135,San Diego Padres,SD,,,
824836,2026-05-27,2026-05-27T22:35:00+00:00,2026-05-27 10:35 PM UTC,2026,Scheduled,Scheduled,Preview,N,night,3.0,Regular Season,Oriole Park at Camden Yards,139,Tampa Bay Rays,TB,,,110,Baltimore Orioles,BAL,,,
823376,2026-05-27,2026-05-27T22:40:00+00:00,2026-05-27 10:40 PM UTC,2026,Scheduled,Scheduled,Preview,N,night,3.0,Regular Season,PNC Park,112,Chicago Cubs,CHC,,,134,Pittsburgh Pirates,PIT,,,
824270,2026-05-27,2026-05-27T22:40:00+00:00,2026-05-27 10:40 PM UTC,2026,Scheduled,Scheduled,Preview,N,night,2.0,Regular Season,Comerica Park,108,Los Angeles Angels,LAA,,,116,Detroit Tigers,DET,,,
824756,2026-05-27,2026-05-27T22:45:00+00:00,2026-05-27 10:45 PM UTC,2026,Scheduled,Scheduled,Preview,N,night,2.0,Regular Season,Fenway Park,144,Atlanta Braves,ATL,,,111,Boston Red Sox,BOS,,,
823626,2026-05-27,2026-05-27T23:10:00+00:00,2026-05-27 11:10 PM UTC,2026,Scheduled,Scheduled,Preview,N,night,3.0,Regular Season,Citi Field,113,Cincinnati Reds,CIN,,,121,New York Mets,NYM,,,
824104,2026-05-27,2026-05-27T23:40:00+00:00,2026-05-27 11:40 PM UTC,2026,Scheduled,Scheduled,Preview,N,night,3.0,Regular Season,Kauffman Stadium,147,New York Yankees,NYY,,,118,Kansas City Royals,KC,,,
824596,2026-05-27,2026-05-27T23:40:00+00:00,2026-05-27 11:40 PM UTC,2026,Scheduled,Scheduled,Preview,N,night,3.0,Regular Season,Rate Field,142,Minnesota Twins,MIN,,,145,Chicago White Sox,CWS,,,
822897,2026-05-27,2026-05-28T00:05:00+00:00,2026-05-28 12:05 AM UTC,2026,Scheduled,Scheduled,Preview,N,night,3.0,Regular Season,Globe Life Field,117,Houston Astros,HOU,,,140,Texas Rangers,TEX,,,
823947,2026-05-27,2026-05-28T02:10:00+00:00,2026-05-28 02:10 AM UTC,2026,Scheduled,Scheduled,Preview,N,night,3.0,Regular Season,UNIQLO Field at Dodger Stadium,115,Colorado Rockies,COL,,,119,Los Angeles Dodgers,LAD,,,
824272,2026-05-28,2026-05-28T17:10:00+00:00,2026-05-28 05:10 PM UTC,2026,Scheduled,Scheduled,Preview,N,day,3.0,Regular Season,Comerica Park,108,Los Angeles Angels,LAA,,,116,Detroit Tigers,DET,,,
824595,2026-05-28,2026-05-28T18:10:00+00:00,2026-05-28 06:10 PM UTC,2026,Scheduled,Scheduled,Preview,N,day,4.0,Regular Season,Rate Field,142,Minnesota Twins,MIN,,,145,Chicago White Sox,CWS,,,
824757,2026-05-28,2026-05-28T20:10:00+00:00,2026-05-28 08:10 PM UTC,2026,Scheduled,Scheduled,Preview,N,day,3.0,Regular Season,Fenway Park,144,Atlanta Braves,ATL,,,111,Boston Red Sox,BOS,,,
824834,2026-05-28,2026-05-28T22:35:00+00:00,2026-05-28 10:35 PM UTC,2026,Scheduled,Scheduled,Preview,N,night,1.0,Regular Season,Oriole Park at Camden Yards,141,Toronto Blue Jays,TOR,,,110,Baltimore Orioles,BAL,,,
823378,2026-05-28,2026-05-28T22:40:00+00:00,2026-05-28 10:40 PM UTC,2026,Scheduled,Scheduled,Preview,N,night,4.0,Regular Season,PNC Park,112,Chicago Cubs,CHC,,,134,Pittsburgh Pirates,PIT,,,
822896,2026-05-28,2026-05-29T00:05:00+00:00,2026-05-29 12:05 AM UTC,2026,Scheduled,Scheduled,Preview,N,night,4.0,Regular Season,Globe Life Field,117,Houston Astros,HOU,,,140,Texas Rangers,TEX,,,
824515,2026-05-29,2026-05-29T22:40:00+00:00,2026-05-29 10:40 PM UTC,2026,Scheduled,Scheduled,Preview,N,night,1.0,Regular Season,Great American Ball Park,144,Atlanta Braves,ATL,,,113,Cincinnati Reds,CIN,,,
822732,2026-05-29,2026-05-29T22:45:00+00:00,2026-05-29 10:45 PM UTC,2026,Scheduled,Scheduled,Preview,N,night,1.0,Regular Season,Nationals Park,135,San Diego Padres,SD,,,120,Washington Nationals,WSH,,,
823377,2026-05-29,2026-05-29T22:45:00+00:00,2026-05-29 10:45 PM UTC,2026,Scheduled,Scheduled,Preview,N,night,1.0,Regular Season,PNC Park,142,Minnesota Twins,MIN,,,134,Pittsburgh Pirates,PIT,,,
824835,2026-05-29,2026-05-29T23:05:00+00:00,2026-05-29 11:05 PM UTC,2026,Scheduled,Scheduled,Preview,N,night,2.0,Regular Season,Oriole Park at Camden Yards,141,Toronto Blue Jays,TOR,,,110,Baltimore Orioles,BAL,,,
822978,2026-05-29,2026-05-29T23:10:00+00:00,2026-05-29 11:10 PM UTC,2026,Scheduled,Scheduled,Preview,N,night,1.0,Regular Season,Tropicana Field,108,Los Angeles Angels,LAA,,,139,Tampa Bay Rays,TB,,,
823623,2026-05-29,2026-05-29T23:10:00+00:00,2026-05-29 11:10 PM UTC,2026,Scheduled,Scheduled,Preview,N,night,1.0,Regular Season,Citi Field,146,Miami Marlins,MIA,,,121,New York Mets,NYM,,,
824433,2026-05-29,2026-05-29T23:10:00+00:00,2026-05-29 11:10 PM UTC,2026,Scheduled,Scheduled,Preview,N,night,1.0,Regular Season,Progressive Field,111,Boston Red Sox,BOS,,,114,Cleveland Guardians,CLE,,,
823055,2026-05-29,2026-05-29T23:15:00+00:00,2026-05-29 11:15 PM UTC,2026,Scheduled,Scheduled,Preview,N,night,1.0,Regular Season,Busch Stadium,112,Chicago Cubs,CHC,,,138,St. Louis Cardinals,STL,,,
824594,2026-05-29,2026-05-29T23:40:00+00:00,2026-05-29 11:40 PM UTC,2026,Scheduled,Scheduled,Preview,N,night,1.0,Regular Season,Rate Field,116,Detroit Tigers,DET,,,145,Chicago White Sox,CWS,,,
822894,2026-05-29,2026-05-30T00:05:00+00:00,2026-05-30 12:05 AM UTC,2026,Scheduled,Scheduled,Preview,N,night,1.0,Regular Season,Globe Life Field,118,Kansas City Royals,KC,,,140,Texas Rangers,TEX,,,
824191,2026-05-29,2026-05-30T00:10:00+00:00,2026-05-30 12:10 AM UTC,2026,Scheduled,Scheduled,Preview,N,night,1.0,Regular Season,Daikin Park,158,Milwaukee Brewers,MIL,,,117,Houston Astros,HOU,,,
824353,2026-05-29,2026-05-30T00:40:00+00:00,2026-05-30 12:40 AM UTC,2026,Scheduled,Scheduled,Preview,N,night,1.0,Regular Season,Coors Field,137,San Francisco Giants,SF,,,115,Colorado Rockies,COL,,,
825002,2026-05-29,2026-05-30T01:40:00+00:00,2026-05-30 01:40 AM UTC,2026,Scheduled,Scheduled,Preview,N,night,1.0,Regular Season,Sutter Health Park,147,New York Yankees,NYY,,,133,Athletics,ATH,,,
823135,2026-05-29,2026-05-30T02:10:00+00:00,2026-05-30 02:10 AM UTC,2026,Scheduled,Scheduled,Preview,N,night,1.0,Regular Season,T-Mobile Park,109,Arizona Diamondbacks,AZ,,,136,Seattle Mariners,SEA,,,
823946,2026-05-29,2026-05-30T02:15:00+00:00,2026-05-30 02:15 AM UTC,2026,Scheduled,Scheduled,Preview,N,night,1.0,Regular Season,UNIQLO Field at Dodger Stadium,143,Philadelphia Phillies,PHI,,,119,Los Angeles Dodgers,LAD,,,
824593,2026-05-30,2026-05-30T18:10:00+00:00,2026-05-30 06:10 PM UTC,2026,Scheduled,Scheduled,Preview,N,day,2.0,Regular Season,Rate Field,116,Detroit Tigers,DET,,,145,Chicago White Sox,CWS,,,
822731,2026-05-30,2026-05-30T20:05:00+00:00,2026-05-30 08:05 PM UTC,2026,Scheduled,Scheduled,Preview,N,day,2.0,Regular Season,Nationals Park,135,San Diego Padres,SD,,,120,Washington Nationals,WSH,,,
822893,2026-05-30,2026-05-30T20:05:00+00:00,2026-05-30 08:05 PM UTC,2026,Scheduled,Scheduled,Preview,N,day,2.0,Regular Season,Globe Life Field,118,Kansas City Royals,KC,,,140,Texas Rangers,TEX,,,
823375,2026-05-30,2026-05-30T20:05:00+00:00,2026-05-30 08:05 PM UTC,2026,Scheduled,Scheduled,Preview,N,day,2.0,Regular Season,PNC Park,142,Minnesota Twins,MIN,,,134,Pittsburgh Pirates,PIT,,,
824833,2026-05-30,2026-05-30T20:05:00+00:00,2026-05-30 08:05 PM UTC,2026,Scheduled,Scheduled,Preview,N,day,3.0,Regular Season,Oriole Park at Camden Yards,141,Toronto Blue Jays,TOR,,,110,Baltimore Orioles,BAL,,,
822975,2026-05-30,2026-05-30T20:10:00+00:00,2026-05-30 08:10 PM UTC,2026,Scheduled,Scheduled,Preview,N,day,2.0,Regular Season,Tropicana Field,108,Los Angeles Angels,LAA,,,139,Tampa Bay Rays,TB,,,
823622,2026-05-30,2026-05-30T20:10:00+00:00,2026-05-30 08:10 PM UTC,2026,Scheduled,Scheduled,Preview,N,day,2.0,Regular Season,Citi Field,146,Miami Marlins,MIA,,,121,New York Mets,NYM,,,
824190,2026-05-30,2026-05-30T20:10:00+00:00,2026-05-30 08:10 PM UTC,2026,Scheduled,Scheduled,Preview,N,day,2.0,Regular Season,Daikin Park,158,Milwaukee Brewers,MIL,,,117,Houston Astros,HOU,,,
824431,2026-05-30,2026-05-30T20:10:00+00:00,2026-05-30 08:10 PM UTC,2026,Scheduled,Scheduled,Preview,N,day,2.0,Regular Season,Progressive Field,111,Boston Red Sox,BOS,,,114,Cleveland Guardians,CLE,,,
823054,2026-05-30,2026-05-30T23:15:00+00:00,2026-05-30 11:15 PM UTC,2026,Scheduled,Scheduled,Preview,N,night,2.0,Regular Season,Busch Stadium,112,Chicago Cubs,CHC,,,138,St. Louis Cardinals,STL,,,
824513,2026-05-30,2026-05-30T23:15:00+00:00,2026-05-30 11:15 PM UTC,2026,Scheduled,Scheduled,Preview,N,night,2.0,Regular Season,Great American Ball Park,144,Atlanta Braves,ATL,,,113,Cincinnati Reds,CIN,,,
824352,2026-05-30,2026-05-31T01:10:00+00:00,2026-05-31 01:10 AM UTC,2026,Scheduled,Scheduled,Preview,N,night,2.0,Regular Season,Coors Field,137,San Francisco Giants,SF,,,115,Colorado Rockies,COL,,,
825000,2026-05-30,2026-05-31T02:05:00+00:00,2026-05-31 02:05 AM UTC,2026,Scheduled,Scheduled,Preview,N,night,2.0,Regular Season,Sutter Health Park,147,New York Yankees,NYY,,,133,Athletics,ATH,,,
823132,2026-05-30,2026-05-31T02:10:00+00:00,2026-05-31 02:10 AM UTC,2026,Scheduled,Scheduled,Preview,N,night,2.0,Regular Season,T-Mobile Park,109,Arizona Diamondbacks,AZ,,,136,Seattle Mariners,SEA,,,
823945,2026-05-30,2026-05-31T02:10:00+00:00,2026-05-31 02:10 AM UTC,2026,Scheduled,Scheduled,Preview,N,night,2.0,Regular Season,UNIQLO Field at Dodger Stadium,143,Philadelphia Phillies,PHI,,,119,Los Angeles Dodgers,LAD,,,
824832,2026-05-31,2026-05-31T16:15:00+00:00,2026-05-31 04:15 PM UTC,2026,Scheduled,Scheduled,Preview,N,day,4.0,Regular Season,Oriole Park at Camden Yards,141,Toronto Blue Jays,TOR,,,110,Baltimore Orioles,BAL,,,
822729,2026-05-31,2026-05-31T17:35:00+00:00,2026-05-31 05:35 PM UTC,2026,Scheduled,Scheduled,Preview,N,day,3.0,Regular Season,Nationals Park,135,San Diego Padres,SD,,,120,Washington Nationals,WSH,,,
823373,2026-05-31,2026-05-31T17:35:00+00:00,2026-05-31 05:35 PM UTC,2026,Scheduled,Scheduled,Preview,N,day,3.0,Regular Season,PNC Park,142,Minnesota Twins,MIN,,,134,Pittsburgh Pirates,PIT,,,
822976,2026-05-31,2026-05-31T17:40:00+00:00,2026-05-31 05:40 PM UTC,2026,Scheduled,Scheduled,Preview,N,day,3.0,Regular Season,Tropicana Field,108,Los Angeles Angels,LAA,,,139,Tampa Bay Rays,TB,,,
823621,2026-05-31,2026-05-31T17:40:00+00:00,2026-05-31 05:40 PM UTC,2026,Scheduled,Scheduled,Preview,N,day,3.0,Regular Season,Citi Field,146,Miami Marlins,MIA,,,121,New York Mets,NYM,,,
824430,2026-05-31,2026-05-31T17:40:00+00:00,2026-05-31 05:40 PM UTC,2026,Scheduled,Scheduled,Preview,N,day,3.0,Regular Season,Progressive Field,111,Boston Red Sox,BOS,,,114,Cleveland Guardians,CLE,,,
824512,2026-05-31,2026-05-31T17:40:00+00:00,2026-05-31 05:40 PM UTC,2026,Scheduled,Scheduled,Preview,N,day,3.0,Regular Season,Great American Ball Park,144,Atlanta Braves,ATL,,,113,Cincinnati Reds,CIN,,,
824187,2026-05-31,2026-05-31T18:10:00+00:00,2026-05-31 06:10 PM UTC,2026,Scheduled,Scheduled,Preview,N,day,3.0,Regular Season,Daikin Park,158,Milwaukee Brewers,MIL,,,117,Houston Astros,HOU,,,
824592,2026-05-31,2026-05-31T18:10:00+00:00,2026-05-31 06:10 PM UTC,2026,Scheduled,Scheduled,Preview,N,day,3.0,Regular Season,Rate Field,116,Detroit Tigers,DET,,,145,Chicago White Sox,CWS,,,
822895,2026-05-31,2026-05-31T18:35:00+00:00,2026-05-31 06:35 PM UTC,2026,Scheduled,Scheduled,Preview,N,day,3.0,Regular Season,Globe Life Field,118,Kansas City Royals,KC,,,140,Texas Rangers,TEX,,,
824354,2026-05-31,2026-05-31T19:10:00+00:00,2026-05-31 07:10 PM UTC,2026,Scheduled,Scheduled,Preview,N,day,3.0,Regular Season,Coors Field,137,San Francisco Giants,SF,,,115,Colorado Rockies,COL,,,
825001,2026-05-31,2026-05-31T20:05:00+00:00,2026-05-31 08:05 PM UTC,2026,Scheduled,Scheduled,Preview,N,day,3.0,Regular Season,Sutter Health Park,147,New York Yankees,NYY,,,133,Athletics,ATH,,,
823133,2026-05-31,2026-05-31T20:10:00+00:00,2026-05-31 08:10 PM UTC,2026,Scheduled,Scheduled,Preview,N,day,3.0,Regular Season,T-Mobile Park,109,Arizona Diamondbacks,AZ,,,136,Seattle Mariners,SEA,,,
823944,2026-05-31,2026-05-31T20:10:00+00:00,2026-05-31 08:10 PM UTC,2026,Scheduled,Scheduled,Preview,N,day,3.0,Regular Season,UNIQLO Field at Dodger Stadium,143,Philadelphia Phillies,PHI,,,119,Los Angeles Dodgers,LAD,,,
823053,2026-05-31,2026-05-31T23:20:00+00:00,2026-05-31 11:20 PM UTC,2026,Scheduled,Scheduled,Preview,N,night,3.0,Regular Season,Busch Stadium,112,Chicago Cubs,CHC,,,138,St. Louis Cardinals,STL,,,
822974,2026-06-01,2026-06-01T22:40:00+00:00,2026-06-01 10:40 PM UTC,2026,Scheduled,Scheduled,Preview,N,night,1.0,Regular Season,Tropicana Field,116,Detroit Tigers,DET,,,139,Tampa Bay Rays,TB,,,
822730,2026-06-01,2026-06-01T22:45:00+00:00,2026-06-01 10:45 PM UTC,2026,Scheduled,Scheduled,Preview,N,night,1.0,Regular Season,Nationals Park,146,Miami Marlins,MIA,,,120,Washington Nationals,WSH,,,
824510,2026-06-01,2026-06-01T23:10:00+00:00,2026-06-01 11:10 PM UTC,2026,Scheduled,Scheduled,Preview,N,night,1.0,Regular Season,Great American Ball Park,118,Kansas City Royals,KC,,,113,Cincinnati Reds,CIN,,,
823702,2026-06-01,2026-06-01T23:40:00+00:00,2026-06-01 11:40 PM UTC,2026,Scheduled,Scheduled,Preview,N,night,1.0,Regular Season,Target Field,145,Chicago White Sox,CWS,,,142,Minnesota Twins,MIN,,,
823781,2026-06-01,2026-06-01T23:40:00+00:00,2026-06-01 11:40 PM UTC,2026,Scheduled,Scheduled,Preview,N,night,1.0,Regular Season,American Family Field,137,San Francisco Giants,SF,,,158,Milwaukee Brewers,MIL,,,
823050,2026-06-01,2026-06-01T23:45:00+00:00,2026-06-01 11:45 PM UTC,2026,Scheduled,Scheduled,Preview,N,night,1.0,Regular Season,Busch Stadium,140,Texas Rangers,TEX,,,138,St. Louis Cardinals,STL,,,
824027,2026-06-01,2026-06-02T01:38:00+00:00,2026-06-02 01:38 AM UTC,2026,Scheduled,Scheduled,Preview,N,night,1.0,Regular Season,Angel Stadium,115,Colorado Rockies,COL,,,108,Los Angeles Angels,LAA,,,
823131,2026-06-01,2026-06-02T01:40:00+00:00,2026-06-02 01:40 AM UTC,2026,Scheduled,Scheduled,Preview,N,night,1.0,Regular Season,T-Mobile Park,121,New York Mets,NYM,,,136,Seattle Mariners,SEA,,,
825078,2026-06-01,2026-06-02T01:40:00+00:00,2026-06-02 01:40 AM UTC,2026,Scheduled,Scheduled,Preview,N,night,1.0,Regular Season,Chase Field,119,Los Angeles Dodgers,LAD,,,109,Arizona Diamondbacks,AZ,,,
822971,2026-06-02,2026-06-02T22:40:00+00:00,2026-06-02 10:40 PM UTC,2026,Scheduled,Scheduled,Preview,N,night,2.0,Regular Season,Tropicana Field,116,Detroit Tigers,DET,,,139,Tampa Bay Rays,TB,,,
823460,2026-06-02,2026-06-02T22:40:00+00:00,2026-06-02 10:40 PM UTC,2026,Scheduled,Scheduled,Preview,N,night,1.0,Regular Season,Citizens Bank Park,135,San Diego Padres,SD,,,143,Philadelphia Phillies,PHI,,,
822728,2026-06-02,2026-06-02T22:45:00+00:00,2026-06-02 10:45 PM UTC,2026,Scheduled,Scheduled,Preview,N,night,2.0,Regular Season,Nationals Park,146,Miami Marlins,MIA,,,120,Washington Nationals,WSH,,,
824754,2026-06-02,2026-06-02T22:45:00+00:00,2026-06-02 10:45 PM UTC,2026,Scheduled,Scheduled,Preview,N,night,1.0,Regular Season,Fenway Park,110,Baltimore Orioles,BAL,,,111,Boston Red Sox,BOS,,,
823541,2026-06-02,2026-06-02T23:05:00+00:00,2026-06-02 11:05 PM UTC,2026,Scheduled,Scheduled,Preview,N,night,1.0,Regular Season,Yankee Stadium,114,Cleveland Guardians,CLE,,,147,New York Yankees,NYY,,,
824511,2026-06-02,2026-06-02T23:10:00+00:00,2026-06-02 11:10 PM UTC,2026,Scheduled,Scheduled,Preview,N,night,2.0,Regular Season,Great American Ball Park,118,Kansas City Royals,KC,,,113,Cincinnati Reds,CIN,,,
824918,2026-06-02,2026-06-02T23:15:00+00:00,2026-06-02 11:15 PM UTC,2026,Scheduled,Scheduled,Preview,N,night,1.0,Regular Season,Truist Park,141,Toronto Blue Jays,TOR,,,144,Atlanta Braves,ATL,,,
823700,2026-06-02,2026-06-02T23:40:00+00:00,2026-06-02 11:40 PM UTC,2026,Scheduled,Scheduled,Preview,N,night,2.0,Regular Season,Target Field,145,Chicago White Sox,CWS,,,142,Minnesota Twins,MIN,,,
823782,2026-06-02,2026-06-02T23:40:00+00:00,2026-06-02 11:40 PM UTC,2026,Scheduled,Scheduled,Preview,N,night,2.0,Regular Season,American Family Field,137,San Francisco Giants,SF,,,158,Milwaukee Brewers,MIL,,,
823052,2026-06-02,2026-06-02T23:45:00+00:00,2026-06-02 11:45 PM UTC,2026,Scheduled,Scheduled,Preview,N,night,2.0,Regular Season,Busch Stadium,140,Texas Rangers,TEX,,,138,St. Louis Cardinals,STL,,,
824675,2026-06-02,2026-06-03T00:05:00+00:00,2026-06-03 12:05 AM UTC,2026,Scheduled,Scheduled,Preview,N,night,1.0,Regular Season,Wrigley Field,133,Athletics,ATH,,,112,Chicago Cubs,CHC,,,
824189,2026-06-02,2026-06-03T00:10:00+00:00,2026-06-03 12:10 AM UTC,2026,Scheduled,Scheduled,Preview,N,night,1.0,Regular Season,Daikin Park,134,Pittsburgh Pirates,PIT,,,117,Houston Astros,HOU,,,
824026,2026-06-02,2026-06-03T01:38:00+00:00,2026-06-03 01:38 AM UTC,2026,Scheduled,Scheduled,Preview,N,night,2.0,Regular Season,Angel Stadium,115,Colorado Rockies,COL,,,108,Los Angeles Angels,LAA,,,
823129,2026-06-02,2026-06-03T01:40:00+00:00,2026-06-03 01:40 AM UTC,2026,Scheduled,Scheduled,Preview,N,night,2.0,Regular Season,T-Mobile Park,121,New York Mets,NYM,,,136,Seattle Mariners,SEA,,,
825079,2026-06-02,2026-06-03T01:40:00+00:00,2026-06-03 01:40 AM UTC,2026,Scheduled,Scheduled,Preview,N,night,2.0,Regular Season,Chase Field,119,Los Angeles Dodgers,LAD,,,109,Arizona Diamondbacks,AZ,,,
822727,2026-06-03,2026-06-03T17:05:00+00:00,2026-06-03 05:05 PM UTC,2026,Scheduled,Scheduled,Preview,N,day,3.0,Regular Season,Nationals Park,146,Miami Marlins,MIA,,,120,Washington Nationals,WSH,,,
822973,2026-06-03,2026-06-03T17:10:00+00:00,2026-06-03 05:10 PM UTC,2026,Scheduled,Scheduled,Preview,N,day,3.0,Regular Season,Tropicana Field,116,Detroit Tigers,DET,,,139,Tampa Bay Rays,TB,,,
823701,2026-06-03,2026-06-03T17:40:00+00:00,2026-06-03 05:40 PM UTC,2026,Scheduled,Scheduled,Preview,N,day,3.0,Regular Season,Target Field,145,Chicago White Sox,CWS,,,142,Minnesota Twins,MIN,,,
823130,2026-06-03,2026-06-03T19:40:00+00:00,2026-06-03 07:40 PM UTC,2026,Scheduled,Scheduled,Preview,N,day,3.0,Regular Season,T-Mobile Park,121,New York Mets,NYM,,,136,Seattle Mariners,SEA,,,
823456,2026-06-03,2026-06-03T22:40:00+00:00,2026-06-03 10:40 PM UTC,2026,Scheduled,Scheduled,Preview,N,night,2.0,Regular Season,Citizens Bank Park,135,San Diego Padres,SD,,,143,Philadelphia Phillies,PHI,,,
824755,2026-06-03,2026-06-03T22:45:00+00:00,2026-06-03 10:45 PM UTC,2026,Scheduled,Scheduled,Preview,N,night,2.0,Regular Season,Fenway Park,110,Baltimore Orioles,BAL,,,111,Boston Red Sox,BOS,,,
823540,2026-06-03,2026-06-03T23:05:00+00:00,2026-06-03 11:05 PM UTC,2026,Scheduled,Scheduled,Preview,N,night,2.0,Regular Season,Yankee Stadium,114,Cleveland Guardians,CLE,,,147,New York Yankees,NYY,,,
824509,2026-06-03,2026-06-03T23:10:00+00:00,2026-06-03 11:10 PM UTC,2026,Scheduled,Scheduled,Preview,N,night,3.0,Regular Season,Great American Ball Park,118,Kansas City Royals,KC,,,113,Cincinnati Reds,CIN,,,
824917,2026-06-03,2026-06-03T23:15:00+00:00,2026-06-03 11:15 PM UTC,2026,Scheduled,Scheduled,Preview,N,night,2.0,Regular Season,Truist Park,141,Toronto Blue Jays,TOR,,,144,Atlanta Braves,ATL,,,
823780,2026-06-03,2026-06-03T23:40:00+00:00,2026-06-03 11:40 PM UTC,2026,Scheduled,Scheduled,Preview,N,night,3.0,Regular Season,American Family Field,137,San Francisco Giants,SF,,,158,Milwaukee Brewers,MIL,,,
823051,2026-06-03,2026-06-03T23:45:00+00:00,2026-06-03 11:45 PM UTC,2026,Scheduled,Scheduled,Preview,N,night,3.0,Regular Season,Busch Stadium,140,Texas Rangers,TEX,,,138,St. Louis Cardinals,STL,,,
824671,2026-06-03,2026-06-04T00:05:00+00:00,2026-06-04 12:05 AM UTC,2026,Scheduled,Scheduled,Preview,N,night,2.0,Regular Season,Wrigley Field,133,Athletics,ATH,,,112,Chicago Cubs,CHC,,,
824188,2026-06-03,2026-06-04T00:10:00+00:00,2026-06-04 12:10 AM UTC,2026,Scheduled,Scheduled,Preview,N,night,2.0,Regular Season,Daikin Park,134,Pittsburgh Pirates,PIT,,,117,Houston Astros,HOU,,,
824024,2026-06-03,2026-06-04T01:38:00+00:00,2026-06-04 01:38 AM UTC,2026,Scheduled,Scheduled,Preview,N,night,3.0,Regular Season,Angel Stadium,115,Colorado Rockies,COL,,,108,Los Angeles Angels,LAA,,,
825077,2026-06-03,2026-06-04T01:40:00+00:00,2026-06-04 01:40 AM UTC,2026,Scheduled,Scheduled,Preview,N,night,3.0,Regular Season,Chase Field,119,Los Angeles Dodgers,LAD,,,109,Arizona Diamondbacks,AZ,,,
823457,2026-06-04,2026-06-04T17:05:00+00:00,2026-06-04 05:05 PM UTC,2026,Scheduled,Scheduled,Preview,N,day,3.0,Regular Season,Citizens Bank Park,135,San Diego Padres,SD,,,143,Philadelphia Phillies,PHI,,,
823542,2026-06-04,2026-06-04T17:35:00+00:00,2026-06-04 05:35 PM UTC,2026,Scheduled,Scheduled,Preview,N,day,3.0,Regular Season,Yankee Stadium,114,Cleveland Guardians,CLE,,,147,New York Yankees,NYY,,,
824753,2026-06-04,2026-06-04T17:35:00+00:00,2026-06-04 05:35 PM UTC,2026,Scheduled,Scheduled,Preview,N,day,3.0,Regular Season,Fenway Park,110,Baltimore Orioles,BAL,,,111,Boston Red Sox,BOS,,,
823779,2026-06-04,2026-06-04T18:10:00+00:00,2026-06-04 06:10 PM UTC,2026,Scheduled,Scheduled,Preview,N,day,4.0,Regular Season,American Family Field,137,San Francisco Giants,SF,,,158,Milwaukee Brewers,MIL,,,
824919,2026-06-04,2026-06-04T23:15:00+00:00,2026-06-04 11:15 PM UTC,2026,Scheduled,Scheduled,Preview,N,night,3.0,Regular Season,Truist Park,141,Toronto Blue Jays,TOR,,,144,Atlanta Braves,ATL,,,
823698,2026-06-04,2026-06-04T23:40:00+00:00,2026-06-04 11:40 PM UTC,2026,Scheduled,Scheduled,Preview,N,night,1.0,Regular Season,Target Field,118,Kansas City Royals,KC,,,142,Minnesota Twins,MIN,,,
824672,2026-06-04,2026-06-05T00:05:00+00:00,2026-06-05 12:05 AM UTC,2026,Scheduled,Scheduled,Preview,N,night,3.0,Regular Season,Wrigley Field,133,Athletics,ATH,,,112,Chicago Cubs,CHC,,,
824185,2026-06-04,2026-06-05T00:10:00+00:00,2026-06-05 12:10 AM UTC,2026,Scheduled,Scheduled,Preview,N,night,3.0,Regular Season,Daikin Park,134,Pittsburgh Pirates,PIT,,,117,Houston Astros,HOU,,,
825076,2026-06-04,2026-06-05T01:40:00+00:00,2026-06-05 01:40 AM UTC,2026,Scheduled,Scheduled,Preview,N,night,4.0,Regular Season,Chase Field,119,Los Angeles Dodgers,LAD,,,109,Arizona Diamondbacks,AZ,,,
824673,2026-06-05,2026-06-05T18:20:00+00:00,2026-06-05 06:20 PM UTC,2026,Scheduled,Scheduled,Preview,N,day,1.0,Regular Season,Wrigley Field,137,San Francisco Giants,SF,,,112,Chicago Cubs,CHC,,,
823455,2026-06-05,2026-06-05T22:40:00+00:00,2026-06-05 10:40 PM UTC,2026,Scheduled,Scheduled,Preview,N,night,1.0,Regular Season,Citizens Bank Park,145,Chicago White Sox,CWS,,,143,Philadelphia Phillies,PHI,,,
824271,2026-06-05,2026-06-05T22:40:00+00:00,2026-06-05 10:40 PM UTC,2026,Scheduled,Scheduled,Preview,N,night,1.0,Regular Season,Comerica Park,136,Seattle Mariners,SEA,,,116,Detroit Tigers,DET,,,
823538,2026-06-05,2026-06-05T23:05:00+00:00,2026-06-05 11:05 PM UTC,2026,Scheduled,Scheduled,Preview,N,night,1.0,Regular Season,Yankee Stadium,111,Boston Red Sox,BOS,,,147,New York Yankees,NYY,,,
822810,2026-06-05,2026-06-05T23:07:00+00:00,2026-06-05 11:07 PM UTC,2026,Scheduled,Scheduled,Preview,N,night,1.0,Regular Season,Rogers Centre,110,Baltimore Orioles,BAL,,,141,Toronto Blue Jays,TOR,,,
823860,2026-06-05,2026-06-05T23:10:00+00:00,2026-06-05 11:10 PM UTC,2026,Scheduled,Scheduled,Preview,N,night,1.0,Regular Season,loanDepot park,139,Tampa Bay Rays,TB,,,146,Miami Marlins,MIA,,,
824914,2026-06-05,2026-06-05T23:15:00+00:00,2026-06-05 11:15 PM UTC,2026,Scheduled,Scheduled,Preview,N,night,1.0,Regular Season,Truist Park,134,Pittsburgh Pirates,PIT,,,144,Atlanta Braves,ATL,,,
824186,2026-06-05,2026-06-06T00:10:00+00:00,2026-06-06 12:10 AM UTC,2026,Scheduled,Scheduled,Preview,N,night,1.0,Regular Season,Daikin Park,133,Athletics,ATH,,,117,Houston Astros,HOU,,,
822892,2026-06-05,2026-06-06T00:15:00+00:00,2026-06-06 12:15 AM UTC,2026,Scheduled,Scheduled,Preview,N,night,1.0,Regular Season,Globe Life Field,114,Cleveland Guardians,CLE,,,140,Texas Rangers,TEX,,,
823049,2026-06-05,2026-06-06T00:15:00+00:00,2026-06-06 12:15 AM UTC,2026,Scheduled,Scheduled,Preview,N,night,1.0,Regular Season,Busch Stadium,113,Cincinnati Reds,CIN,,,138,St. Louis Cardinals,STL,,,
823699,2026-06-05,2026-06-06T00:15:00+00:00,2026-06-06 12:15 AM UTC,2026,Scheduled,Scheduled,Preview,N,night,2.0,Regular Season,Target Field,118,Kansas City Royals,KC,,,142,Minnesota Twins,MIN,,,
824350,2026-06-05,2026-06-06T00:40:00+00:00,2026-06-06 12:40 AM UTC,2026,Scheduled,Scheduled,Preview,N,night,1.0,Regular Season,Coors Field,158,Milwaukee Brewers,MIL,,,115,Colorado Rockies,COL,,,
823293,2026-06-05,2026-06-06T01:40:00+00:00,2026-06-06 01:40 AM UTC,2026,Scheduled,Scheduled,Preview,N,night,1.0,Regular Season,Petco Park,121,New York Mets,NYM,,,135,San Diego Padres,SD,,,
825073,2026-06-05,2026-06-06T01:40:00+00:00,2026-06-06 01:40 AM UTC,2026,Scheduled,Scheduled,Preview,N,night,1.0,Regular Season,Chase Field,120,Washington Nationals,WSH,,,109,Arizona Diamondbacks,AZ,,,
823943,2026-06-05,2026-06-06T02:10:00+00:00,2026-06-06 02:10 AM UTC,2026,Scheduled,Scheduled,Preview,N,night,1.0,Regular Season,UNIQLO Field at Dodger Stadium,108,Los Angeles Angels,LAA,,,119,Los Angeles Dodgers,LAD,,,
824269,2026-06-06,2026-06-06T17:10:00+00:00,2026-06-06 05:10 PM UTC,2026,Scheduled,Scheduled,Preview,N,day,2.0,Regular Season,Comerica Park,136,Seattle Mariners,SEA,,,116,Detroit Tigers,DET,,,
823697,2026-06-06,2026-06-06T18:10:00+00:00,2026-06-06 06:10 PM UTC,2026,Scheduled,Scheduled,Preview,N,day,3.0,Regular Season,Target Field,118,Kansas City Royals,KC,,,142,Minnesota Twins,MIN,,,
823048,2026-06-06,2026-06-06T18:15:00+00:00,2026-06-06 06:15 PM UTC,2026,Scheduled,Scheduled,Preview,N,day,2.0,Regular Season,Busch Stadium,113,Cincinnati Reds,CIN,,,138,St. Louis Cardinals,STL,,,
824669,2026-06-06,2026-06-06T18:20:00+00:00,2026-06-06 06:20 PM UTC,2026,Scheduled,Scheduled,Preview,N,day,2.0,Regular Season,Wrigley Field,137,San Francisco Giants,SF,,,112,Chicago Cubs,CHC,,,
822808,2026-06-06,2026-06-06T19:07:00+00:00,2026-06-06 07:07 PM UTC,2026,Scheduled,Scheduled,Preview,N,day,2.0,Regular Season,Rogers Centre,110,Baltimore Orioles,BAL,,,141,Toronto Blue Jays,TOR,,,
823454,2026-06-06,2026-06-06T20:05:00+00:00,2026-06-06 08:05 PM UTC,2026,Scheduled,Scheduled,Preview,N,day,2.0,Regular Season,Citizens Bank Park,145,Chicago White Sox,CWS,,,143,Philadelphia Phillies,PHI,,,
823859,2026-06-06,2026-06-06T20:10:00+00:00,2026-06-06 08:10 PM UTC,2026,Scheduled,Scheduled,Preview,N,day,2.0,Regular Season,loanDepot park,139,Tampa Bay Rays,TB,,,146,Miami Marlins,MIA,,,
824184,2026-06-06,2026-06-06T20:10:00+00:00,2026-06-06 08:10 PM UTC,2026,Scheduled,Scheduled,Preview,N,day,2.0,Regular Season,Daikin Park,133,Athletics,ATH,,,117,Houston Astros,HOU,,,
824915,2026-06-06,2026-06-06T20:10:00+00:00,2026-06-06 08:10 PM UTC,2026,Scheduled,Scheduled,Preview,N,day,2.0,Regular Season,Truist Park,134,Pittsburgh Pirates,PIT,,,144,Atlanta Braves,ATL,,,
825075,2026-06-06,2026-06-06T20:10:00+00:00,2026-06-06 08:10 PM UTC,2026,Scheduled,Scheduled,Preview,N,day,2.0,Regular Season,Chase Field,120,Washington Nationals,WSH,,,109,Arizona Diamondbacks,AZ,,,
822891,2026-06-06,2026-06-06T23:35:00+00:00,2026-06-06 11:35 PM UTC,2026,Scheduled,Scheduled,Preview,N,night,2.0,Regular Season,Globe Life Field,114,Cleveland Guardians,CLE,,,140,Texas Rangers,TEX,,,
823539,2026-06-06,2026-06-06T23:35:00+00:00,2026-06-06 11:35 PM UTC,2026,Scheduled,Scheduled,Preview,N,night,2.0,Regular Season,Yankee Stadium,111,Boston Red Sox,BOS,,,147,New York Yankees,NYY,,,
824351,2026-06-06,2026-06-07T01:10:00+00:00,2026-06-07 01:10 AM UTC,2026,Scheduled,Scheduled,Preview,N,night,2.0,Regular Season,Coors Field,158,Milwaukee Brewers,MIL,,,115,Colorado Rockies,COL,,,
823292,2026-06-06,2026-06-07T02:10:00+00:00,2026-06-07 02:10 AM UTC,2026,Scheduled,Scheduled,Preview,N,night,2.0,Regular Season,Petco Park,121,New York Mets,NYM,,,135,San Diego Padres,SD,,,
823942,2026-06-06,2026-06-07T02:10:00+00:00,2026-06-07 02:10 AM UTC,2026,Scheduled,Scheduled,Preview,N,night,2.0,Regular Season,UNIQLO Field at Dodger Stadium,108,Los Angeles Angels,LAA,,,119,Los Angeles Dodgers,LAD,,,
823453,2026-06-07,2026-06-07T17:35:00+00:00,2026-06-07 05:35 PM UTC,2026,Scheduled,Scheduled,Preview,N,day,3.0,Regular Season,Citizens Bank Park,145,Chicago White Sox,CWS,,,143,Philadelphia Phillies,PHI,,,
823537,2026-06-07,2026-06-07T17:35:00+00:00,2026-06-07 05:35 PM UTC,2026,Scheduled,Scheduled,Preview,N,day,3.0,Regular Season,Yankee Stadium,111,Boston Red Sox,BOS,,,147,New York Yankees,NYY,,,
824916,2026-06-07,2026-06-07T17:35:00+00:00,2026-06-07 05:35 PM UTC,2026,Scheduled,Scheduled,Preview,N,day,3.0,Regular Season,Truist Park,134,Pittsburgh Pirates,PIT,,,144,Atlanta Braves,ATL,,,
822807,2026-06-07,2026-06-07T17:37:00+00:00,2026-06-07 05:37 PM UTC,2026,Scheduled,Scheduled,Preview,N,day,3.0,Regular Season,Rogers Centre,110,Baltimore Orioles,BAL,,,141,Toronto Blue Jays,TOR,,,
823857,2026-06-07,2026-06-07T17:40:00+00:00,2026-06-07 05:40 PM UTC,2026,Scheduled,Scheduled,Preview,N,day,3.0,Regular Season,loanDepot park,139,Tampa Bay Rays,TB,,,146,Miami Marlins,MIA,,,
824268,2026-06-07,2026-06-07T17:40:00+00:00,2026-06-07 05:40 PM UTC,2026,Scheduled,Scheduled,Preview,N,day,3.0,Regular Season,Comerica Park,136,Seattle Mariners,SEA,,,116,Detroit Tigers,DET,,,
823696,2026-06-07,2026-06-07T18:10:00+00:00,2026-06-07 06:10 PM UTC,2026,Scheduled,Scheduled,Preview,N,day,4.0,Regular Season,Target Field,118,Kansas City Royals,KC,,,142,Minnesota Twins,MIN,,,
824183,2026-06-07,2026-06-07T18:10:00+00:00,2026-06-07 06:10 PM UTC,2026,Scheduled,Scheduled,Preview,N,day,3.0,Regular Season,Daikin Park,133,Athletics,ATH,,,117,Houston Astros,HOU,,,
823047,2026-06-07,2026-06-07T18:15:00+00:00,2026-06-07 06:15 PM UTC,2026,Scheduled,Scheduled,Preview,N,day,3.0,Regular Season,Busch Stadium,113,Cincinnati Reds,CIN,,,138,St. Louis Cardinals,STL,,,
822890,2026-06-07,2026-06-07T18:35:00+00:00,2026-06-07 06:35 PM UTC,2026,Scheduled,Scheduled,Preview,N,day,3.0,Regular Season,Globe Life Field,114,Cleveland Guardians,CLE,,,140,Texas Rangers,TEX,,,
824349,2026-06-07,2026-06-07T19:10:00+00:00,2026-06-07 07:10 PM UTC,2026,Scheduled,Scheduled,Preview,N,day,3.0,Regular Season,Coors Field,158,Milwaukee Brewers,MIL,,,115,Colorado Rockies,COL,,,
825074,2026-06-07,2026-06-07T19:15:00+00:00,2026-06-07 07:15 PM UTC,2026,Scheduled,Scheduled,Preview,N,day,3.0,Regular Season,Chase Field,120,Washington Nationals,WSH,,,109,Arizona Diamondbacks,AZ,,,
823291,2026-06-07,2026-06-07T20:10:00+00:00,2026-06-07 08:10 PM UTC,2026,Scheduled,Scheduled,Preview,N,day,3.0,Regular Season,Petco Park,121,New York Mets,NYM,,,135,San Diego Padres,SD,,,
823941,2026-06-07,2026-06-07T20:10:00+00:00,2026-06-07 08:10 PM UTC,2026,Scheduled,Scheduled,Preview,N,day,3.0,Regular Season,UNIQLO Field at Dodger Stadium,108,Los Angeles Angels,LAA,,,119,Los Angeles Dodgers,LAD,,,
824670,2026-06-07,2026-06-08T00:20:00+00:00,2026-06-08 12:20 AM UTC,2026,Scheduled,Scheduled,Preview,N,night,3.0,Regular Season,Wrigley Field,137,San Francisco Giants,SF,,,112,Chicago Cubs,CHC,,,
824829,2026-06-08,2026-06-08T22:35:00+00:00,2026-06-08 10:35 PM UTC,2026,Scheduled,Scheduled,Preview,N,night,1.0,Regular Season,Oriole Park at Camden Yards,136,Seattle Mariners,SEA,,,110,Baltimore Orioles,BAL,,,
822972,2026-06-08,2026-06-08T22:40:00+00:00,2026-06-08 10:40 PM UTC,2026,Scheduled,Scheduled,Preview,N,night,1.0,Regular Season,Tropicana Field,111,Boston Red Sox,BOS,,,139,Tampa Bay Rays,TB,,,
824427,2026-06-08,2026-06-08T22:40:00+00:00,2026-06-08 10:40 PM UTC,2026,Scheduled,Scheduled,Preview,N,night,1.0,Regular Season,Progressive Field,147,New York Yankees,NYY,,,114,Cleveland Guardians,CLE,,,
822806,2026-06-08,2026-06-08T23:07:00+00:00,2026-06-08 11:07 PM UTC,2026,Scheduled,Scheduled,Preview,N,night,1.0,Regular Season,Rogers Centre,143,Philadelphia Phillies,PHI,,,141,Toronto Blue Jays,TOR,,,
824025,2026-06-08,2026-06-09T01:38:00+00:00,2026-06-09 01:38 AM UTC,2026,Scheduled,Scheduled,Preview,N,night,1.0,Regular Season,Angel Stadium,117,Houston Astros,HOU,,,108,Los Angeles Angels,LAA,,,
823289,2026-06-08,2026-06-09T01:40:00+00:00,2026-06-09 01:40 AM UTC,2026,Scheduled,Scheduled,Preview,N,night,1.0,Regular Season,Petco Park,113,Cincinnati Reds,CIN,,,135,San Diego Padres,SD,,,
823218,2026-06-08,2026-06-09T01:45:00+00:00,2026-06-09 01:45 AM UTC,2026,Scheduled,Scheduled,Preview,N,night,1.0,Regular Season,Oracle Park,120,Washington Nationals,WSH,,,137,San Francisco Giants,SF,,,
824998,2026-06-08,2026-06-09T02:05:00+00:00,2026-06-09 02:05 AM UTC,2026,Scheduled,Scheduled,Preview,N,night,1.0,Regular Season,Las Vegas Ballpark,158,Milwaukee Brewers,MIL,,,133,Athletics,ATH,,,
824830,2026-06-09,2026-06-09T22:35:00+00:00,2026-06-09 10:35 PM UTC,2026,Scheduled,Scheduled,Preview,N,night,2.0,Regular Season,Oriole Park at Camden Yards,136,Seattle Mariners,SEA,,,110,Baltimore Orioles,BAL,,,
822969,2026-06-09,2026-06-09T22:40:00+00:00,2026-06-09 10:40 PM UTC,2026,Scheduled,Scheduled,Preview,N,night,2.0,Regular Season,Tropicana Field,111,Boston Red Sox,BOS,,,139,Tampa Bay Rays,TB,,,
823374,2026-06-09,2026-06-09T22:40:00+00:00,2026-06-09 10:40 PM UTC,2026,Scheduled,Scheduled,Preview,N,night,1.0,Regular Season,PNC Park,119,Los Angeles Dodgers,LAD,,,134,Pittsburgh Pirates,PIT,,,
823858,2026-06-09,2026-06-09T22:40:00+00:00,2026-06-09 10:40 PM UTC,2026,Scheduled,Scheduled,Preview,N,night,1.0,Regular Season,loanDepot park,109,Arizona Diamondbacks,AZ,,,146,Miami Marlins,MIA,,,
824267,2026-06-09,2026-06-09T22:40:00+00:00,2026-06-09 10:40 PM UTC,2026,Scheduled,Scheduled,Preview,N,night,1.0,Regular Season,Comerica Park,142,Minnesota Twins,MIN,,,116,Detroit Tigers,DET,,,
824429,2026-06-09,2026-06-09T22:40:00+00:00,2026-06-09 10:40 PM UTC,2026,Scheduled,Scheduled,Preview,N,night,2.0,Regular Season,Progressive Field,147,New York Yankees,NYY,,,114,Cleveland Guardians,CLE,,,
822805,2026-06-09,2026-06-09T23:07:00+00:00,2026-06-09 11:07 PM UTC,2026,Scheduled,Scheduled,Preview,N,night,2.0,Regular Season,Rogers Centre,143,Philadelphia Phillies,PHI,,,141,Toronto Blue Jays,TOR,,,
823620,2026-06-09,2026-06-09T23:10:00+00:00,2026-06-09 11:10 PM UTC,2026,Scheduled,Scheduled,Preview,N,night,1.0,Regular Season,Citi Field,138,St. Louis Cardinals,STL,,,121,New York Mets,NYM,,,
824105,2026-06-09,2026-06-09T23:40:00+00:00,2026-06-09 11:40 PM UTC,2026,Scheduled,Scheduled,Preview,N,night,1.0,Regular Season,Kauffman Stadium,140,Texas Rangers,TEX,,,118,Kansas City Royals,KC,,,
824591,2026-06-09,2026-06-09T23:40:00+00:00,2026-06-09 11:40 PM UTC,2026,Scheduled,Scheduled,Preview,N,night,1.0,Regular Season,Rate Field,144,Atlanta Braves,ATL,,,145,Chicago White Sox,CWS,,,
824347,2026-06-09,2026-06-10T00:40:00+00:00,2026-06-10 12:40 AM UTC,2026,Scheduled,Scheduled,Preview,N,night,1.0,Regular Season,Coors Field,112,Chicago Cubs,CHC,,,115,Colorado Rockies,COL,,,
824023,2026-06-09,2026-06-10T01:38:00+00:00,2026-06-10 01:38 AM UTC,2026,Scheduled,Scheduled,Preview,N,night,2.0,Regular Season,Angel Stadium,117,Houston Astros,HOU,,,108,Los Angeles Angels,LAA,,,
823290,2026-06-09,2026-06-10T01:40:00+00:00,2026-06-10 01:40 AM UTC,2026,Scheduled,Scheduled,Preview,N,night,2.0,Regular Season,Petco Park,113,Cincinnati Reds,CIN,,,135,San Diego Padres,SD,,,
823214,2026-06-09,2026-06-10T01:45:00+00:00,2026-06-10 01:45 AM UTC,2026,Scheduled,Scheduled,Preview,N,night,2.0,Regular Season,Oracle Park,120,Washington Nationals,WSH,,,137,San Francisco Giants,SF,,,
824999,2026-06-09,2026-06-10T02:05:00+00:00,2026-06-10 02:05 AM UTC,2026,Scheduled,Scheduled,Preview,N,night,2.0,Regular Season,Las Vegas Ballpark,158,Milwaukee Brewers,MIL,,,133,Athletics,ATH,,,
822970,2026-06-10,2026-06-10T17:10:00+00:00,2026-06-10 05:10 PM UTC,2026,Scheduled,Scheduled,Preview,N,day,3.0,Regular Season,Tropicana Field,111,Boston Red Sox,BOS,,,139,Tampa Bay Rays,TB,,,
824428,2026-06-10,2026-06-10T17:10:00+00:00,2026-06-10 05:10 PM UTC,2026,Scheduled,Scheduled,Preview,N,day,3.0,Regular Season,Progressive Field,147,New York Yankees,NYY,,,114,Cleveland Guardians,CLE,,,
823215,2026-06-10,2026-06-10T19:45:00+00:00,2026-06-10 07:45 PM UTC,2026,Scheduled,Scheduled,Preview,N,day,3.0,Regular Season,Oracle Park,120,Washington Nationals,WSH,,,137,San Francisco Giants,SF,,,
823287,2026-06-10,2026-06-10T20:10:00+00:00,2026-06-10 08:10 PM UTC,2026,Scheduled,Scheduled,Preview,N,day,3.0,Regular Season,Petco Park,113,Cincinnati Reds,CIN,,,135,San Diego Padres,SD,,,
824831,2026-06-10,2026-06-10T22:35:00+00:00,2026-06-10 10:35 PM UTC,2026,Scheduled,Scheduled,Preview,N,night,3.0,Regular Season,Oriole Park at Camden Yards,136,Seattle Mariners,SEA,,,110,Baltimore Orioles,BAL,,,
823372,2026-06-10,2026-06-10T22:40:00+00:00,2026-06-10 10:40 PM UTC,2026,Scheduled,Scheduled,Preview,N,night,2.0,Regular Season,PNC Park,119,Los Angeles Dodgers,LAD,,,134,Pittsburgh Pirates,PIT,,,
823856,2026-06-10,2026-06-10T22:40:00+00:00,2026-06-10 10:40 PM UTC,2026,Scheduled,Scheduled,Preview,N,night,2.0,Regular Season,loanDepot park,109,Arizona Diamondbacks,AZ,,,146,Miami Marlins,MIA,,,
824266,2026-06-10,2026-06-10T22:40:00+00:00,2026-06-10 10:40 PM UTC,2026,Scheduled,Scheduled,Preview,N,night,2.0,Regular Season,Comerica Park,142,Minnesota Twins,MIN,,,116,Detroit Tigers,DET,,,
822804,2026-06-10,2026-06-10T23:07:00+00:00,2026-06-10 11:07 PM UTC,2026,Scheduled,Scheduled,Preview,N,night,3.0,Regular Season,Rogers Centre,143,Philadelphia Phillies,PHI,,,141,Toronto Blue Jays,TOR,,,
823618,2026-06-10,2026-06-10T23:10:00+00:00,2026-06-10 11:10 PM UTC,2026,Scheduled,Scheduled,Preview,N,night,2.0,Regular Season,Citi Field,138,St. Louis Cardinals,STL,,,121,New York Mets,NYM,,,
824103,2026-06-10,2026-06-10T23:40:00+00:00,2026-06-10 11:40 PM UTC,2026,Scheduled,Scheduled,Preview,N,night,2.0,Regular Season,Kauffman Stadium,140,Texas Rangers,TEX,,,118,Kansas City Royals,KC,,,
824590,2026-06-10,2026-06-10T23:40:00+00:00,2026-06-10 11:40 PM UTC,2026,Scheduled,Scheduled,Preview,N,night,2.0,Regular Season,Rate Field,144,Atlanta Braves,ATL,,,145,Chicago White Sox,CWS,,,
824348,2026-06-10,2026-06-11T00:40:00+00:00,2026-06-11 12:40 AM UTC,2026,Scheduled,Scheduled,Preview,N,night,2.0,Regular Season,Coors Field,112,Chicago Cubs,CHC,,,115,Colorado Rockies,COL,,,
824996,2026-06-10,2026-06-11T01:05:00+00:00,2026-06-11 01:05 AM UTC,2026,Scheduled,Scheduled,Preview,N,night,3.0,Regular Season,Las Vegas Ballpark,158,Milwaukee Brewers,MIL,,,133,Athletics,ATH,,,
824022,2026-06-10,2026-06-11T01:38:00+00:00,2026-06-11 01:38 AM UTC,2026,Scheduled,Scheduled,Preview,N,night,3.0,Regular Season,Angel Stadium,117,Houston Astros,HOU,,,108,Los Angeles Angels,LAA,,,
823619,2026-06-11,2026-06-11T17:10:00+00:00,2026-06-11 05:10 PM UTC,2026,Scheduled,Scheduled,Preview,N,day,3.0,Regular Season,Citi Field,138,St. Louis Cardinals,STL,,,121,New York Mets,NYM,,,
823855,2026-06-11,2026-06-11T17:10:00+00:00,2026-06-11 05:10 PM UTC,2026,Scheduled,Scheduled,Preview,N,day,3.0,Regular Season,loanDepot park,109,Arizona Diamondbacks,AZ,,,146,Miami Marlins,MIA,,,
824265,2026-06-11,2026-06-11T17:10:00+00:00,2026-06-11 05:10 PM UTC,2026,Scheduled,Scheduled,Preview,N,day,3.0,Regular Season,Comerica Park,142,Minnesota Twins,MIN,,,116,Detroit Tigers,DET,,,
824101,2026-06-11,2026-06-11T18:10:00+00:00,2026-06-11 06:10 PM UTC,2026,Scheduled,Scheduled,Preview,N,day,3.0,Regular Season,Kauffman Stadium,140,Texas Rangers,TEX,,,118,Kansas City Royals,KC,,,
824346,2026-06-11,2026-06-11T19:10:00+00:00,2026-06-11 07:10 PM UTC,2026,Scheduled,Scheduled,Preview,N,day,3.0,Regular Season,Coors Field,112,Chicago Cubs,CHC,,,115,Colorado Rockies,COL,,,
823371,2026-06-11,2026-06-11T22:40:00+00:00,2026-06-11 10:40 PM UTC,2026,Scheduled,Scheduled,Preview,N,night,3.0,Regular Season,PNC Park,119,Los Angeles Dodgers,LAD,,,134,Pittsburgh Pirates,PIT,,,
824827,2026-06-11,2026-06-11T23:05:00+00:00,2026-06-11 11:05 PM UTC,2026,Scheduled,Scheduled,Preview,N,night,4.0,Regular Season,Oriole Park at Camden Yards,136,Seattle Mariners,SEA,,,110,Baltimore Orioles,BAL,,,
824589,2026-06-11,2026-06-11T23:40:00+00:00,2026-06-11 11:40 PM UTC,2026,Scheduled,Scheduled,Preview,N,night,3.0,Regular Season,Rate Field,144,Atlanta Braves,ATL,,,145,Chicago White Sox,CWS,,,
823370,2026-06-12,2026-06-12T22:40:00+00:00,2026-06-12 10:40 PM UTC,2026,Scheduled,Scheduled,Preview,N,night,1.0,Regular Season,PNC Park,146,Miami Marlins,MIA,,,134,Pittsburgh Pirates,PIT,,,
822726,2026-06-12,2026-06-12T22:45:00+00:00,2026-06-12 10:45 PM UTC,2026,Scheduled,Scheduled,Preview,N,night,1.0,Regular Season,Nationals Park,136,Seattle Mariners,SEA,,,120,Washington Nationals,WSH,,,
824826,2026-06-12,2026-06-12T23:05:00+00:00,2026-06-12 11:05 PM UTC,2026,Scheduled,Scheduled,Preview,N,night,1.0,Regular Season,Oriole Park at Camden Yards,135,San Diego Padres,SD,,,110,Baltimore Orioles,BAL,,,
824425,2026-06-12,2026-06-12T23:10:00+00:00,2026-06-12 11:10 PM UTC,2026,Scheduled,Scheduled,Preview,N,night,1.0,Regular Season,Progressive Field,116,Detroit Tigers,DET,,,114,Cleveland Guardians,CLE,,,
824752,2026-06-12,2026-06-12T23:10:00+00:00,2026-06-12 11:10 PM UTC,2026,Scheduled,Scheduled,Preview,N,night,1.0,Regular Season,Fenway Park,140,Texas Rangers,TEX,,,111,Boston Red Sox,BOS,,,
823617,2026-06-12,2026-06-12T23:15:00+00:00,2026-06-12 11:15 PM UTC,2026,Scheduled,Scheduled,Preview,N,night,1.0,Regular Season,Citi Field,144,Atlanta Braves,ATL,,,121,New York Mets,NYM,,,
824507,2026-06-12,2026-06-12T23:15:00+00:00,2026-06-12 11:15 PM UTC,2026,Scheduled,Scheduled,Preview,N,night,1.0,Regular Season,Great American Ball Park,109,Arizona Diamondbacks,AZ,,,113,Cincinnati Reds,CIN,,,
822803,2026-06-12,2026-06-12T23:37:00+00:00,2026-06-12 11:37 PM UTC,2026,Scheduled,Scheduled,Preview,N,night,1.0,Regular Season,Rogers Centre,147,New York Yankees,NYY,,,141,Toronto Blue Jays,TOR,,,
823778,2026-06-12,2026-06-12T23:40:00+00:00,2026-06-12 11:40 PM UTC,2026,Scheduled,Scheduled,Preview,N,night,1.0,Regular Season,American Family Field,143,Philadelphia Phillies,PHI,,,158,Milwaukee Brewers,MIL,,,
824588,2026-06-12,2026-06-12T23:40:00+00:00,2026-06-12 11:40 PM UTC,2026,Scheduled,Scheduled,Preview,N,night,1.0,Regular Season,Rate Field,119,Los Angeles Dodgers,LAD,,,145,Chicago White Sox,CWS,,,
823695,2026-06-12,2026-06-13T00:10:00+00:00,2026-06-13 12:10 AM UTC,2026,Scheduled,Scheduled,Preview,N,night,1.0,Regular Season,Target Field,138,St. Louis Cardinals,STL,,,142,Minnesota Twins,MIN,,,
824102,2026-06-12,2026-06-13T00:10:00+00:00,2026-06-13 12:10 AM UTC,2026,Scheduled,Scheduled,Preview,N,night,1.0,Regular Season,Kauffman Stadium,117,Houston Astros,HOU,,,118,Kansas City Royals,KC,,,
824020,2026-06-12,2026-06-13T01:38:00+00:00,2026-06-13 01:38 AM UTC,2026,Scheduled,Scheduled,Preview,N,night,1.0,Regular Season,Angel Stadium,139,Tampa Bay Rays,TB,,,108,Los Angeles Angels,LAA,,,
824997,2026-06-12,2026-06-13T02:05:00+00:00,2026-06-13 02:05 AM UTC,2026,Scheduled,Scheduled,Preview,N,night,1.0,Regular Season,Las Vegas Ballpark,115,Colorado Rockies,COL,,,133,Athletics,ATH,,,
823211,2026-06-12,2026-06-13T02:15:00+00:00,2026-06-13 02:15 AM UTC,2026,Scheduled,Scheduled,Preview,N,night,1.0,Regular Season,Oracle Park,112,Chicago Cubs,CHC,,,137,San Francisco Giants,SF,,,
823694,2026-06-13,2026-06-13T18:10:00+00:00,2026-06-13 06:10 PM UTC,2026,Scheduled,Scheduled,Preview,N,day,2.0,Regular Season,Target Field,138,St. Louis Cardinals,STL,,,142,Minnesota Twins,MIN,,,
822802,2026-06-13,2026-06-13T19:07:00+00:00,2026-06-13 07:07 PM UTC,2026,Scheduled,Scheduled,Preview,N,day,2.0,Regular Season,Rogers Centre,147,New York Yankees,NYY,,,141,Toronto Blue Jays,TOR,,,
822725,2026-06-13,2026-06-13T20:05:00+00:00,2026-06-13 08:05 PM UTC,2026,Scheduled,Scheduled,Preview,N,day,2.0,Regular Season,Nationals Park,136,Seattle Mariners,SEA,,,120,Washington Nationals,WSH,,,
823369,2026-06-13,2026-06-13T20:05:00+00:00,2026-06-13 08:05 PM UTC,2026,Scheduled,Scheduled,Preview,N,day,2.0,Regular Season,PNC Park,146,Miami Marlins,MIA,,,134,Pittsburgh Pirates,PIT,,,
824828,2026-06-13,2026-06-13T20:05:00+00:00,2026-06-13 08:05 PM UTC,2026,Scheduled,Scheduled,Preview,N,day,2.0,Regular Season,Oriole Park at Camden Yards,135,San Diego Padres,SD,,,110,Baltimore Orioles,BAL,,,
823616,2026-06-13,2026-06-13T20:10:00+00:00,2026-06-13 08:10 PM UTC,2026,Scheduled,Scheduled,Preview,N,day,2.0,Regular Season,Citi Field,144,Atlanta Braves,ATL,,,121,New York Mets,NYM,,,
824426,2026-06-13,2026-06-13T20:10:00+00:00,2026-06-13 08:10 PM UTC,2026,Scheduled,Scheduled,Preview,N,day,2.0,Regular Season,Progressive Field,116,Detroit Tigers,DET,,,114,Cleveland Guardians,CLE,,,
824508,2026-06-13,2026-06-13T20:10:00+00:00,2026-06-13 08:10 PM UTC,2026,Scheduled,Scheduled,Preview,N,day,2.0,Regular Season,Great American Ball Park,109,Arizona Diamondbacks,AZ,,,113,Cincinnati Reds,CIN,,,
824587,2026-06-13,2026-06-13T20:10:00+00:00,2026-06-13 08:10 PM UTC,2026,Scheduled,Scheduled,Preview,N,day,2.0,Regular Season,Rate Field,119,Los Angeles Dodgers,LAD,,,145,Chicago White Sox,CWS,,,
824749,2026-06-13,2026-06-13T20:10:00+00:00,2026-06-13 08:10 PM UTC,2026,Scheduled,Scheduled,Preview,N,day,2.0,Regular Season,Fenway Park,140,Texas Rangers,TEX,,,111,Boston Red Sox,BOS,,,
823776,2026-06-13,2026-06-13T23:15:00+00:00,2026-06-13 11:15 PM UTC,2026,Scheduled,Scheduled,Preview,N,night,2.0,Regular Season,American Family Field,143,Philadelphia Phillies,PHI,,,158,Milwaukee Brewers,MIL,,,
824100,2026-06-13,2026-06-13T23:15:00+00:00,2026-06-13 11:15 PM UTC,2026,Scheduled,Scheduled,Preview,N,night,2.0,Regular Season,Kauffman Stadium,117,Houston Astros,HOU,,,118,Kansas City Royals,KC,,,
823213,2026-06-13,2026-06-14T02:05:00+00:00,2026-06-14 02:05 AM UTC,2026,Scheduled,Scheduled,Preview,N,night,2.0,Regular Season,Oracle Park,112,Chicago Cubs,CHC,,,137,San Francisco Giants,SF,,,
824995,2026-06-13,2026-06-14T02:05:00+00:00,2026-06-14 02:05 AM UTC,2026,Scheduled,Scheduled,Preview,N,night,2.0,Regular Season,Las Vegas Ballpark,115,Colorado Rockies,COL,,,133,Athletics,ATH,,,
824019,2026-06-13,2026-06-14T02:07:00+00:00,2026-06-14 02:07 AM UTC,2026,Scheduled,Scheduled,Preview,N,night,2.0,Regular Season,Angel Stadium,139,Tampa Bay Rays,TB,,,108,Los Angeles Angels,LAA,,,
823368,2026-06-14,2026-06-14T16:15:00+00:00,2026-06-14 04:15 PM UTC,2026,Scheduled,Scheduled,Preview,N,day,3.0,Regular Season,PNC Park,146,Miami Marlins,MIA,,,134,Pittsburgh Pirates,PIT,,,
822722,2026-06-14,2026-06-14T17:35:00+00:00,2026-06-14 05:35 PM UTC,2026,Scheduled,Scheduled,Preview,N,day,3.0,Regular Season,Nationals Park,136,Seattle Mariners,SEA,,,120,Washington Nationals,WSH,,,
824823,2026-06-14,2026-06-14T17:35:00+00:00,2026-06-14 05:35 PM UTC,2026,Scheduled,Scheduled,Preview,N,day,3.0,Regular Season,Oriole Park at Camden Yards,135,San Diego Padres,SD,,,110,Baltimore Orioles,BAL,,,
822801,2026-06-14,2026-06-14T17:37:00+00:00,2026-06-14 05:37 PM UTC,2026,Scheduled,Scheduled,Preview,N,day,3.0,Regular Season,Rogers Centre,147,New York Yankees,NYY,,,141,Toronto Blue Jays,TOR,,,
823615,2026-06-14,2026-06-14T17:40:00+00:00,2026-06-14 05:40 PM UTC,2026,Scheduled,Scheduled,Preview,N,day,3.0,Regular Season,Citi Field,144,Atlanta Braves,ATL,,,121,New York Mets,NYM,,,
824424,2026-06-14,2026-06-14T17:40:00+00:00,2026-06-14 05:40 PM UTC,2026,Scheduled,Scheduled,Preview,N,day,3.0,Regular Season,Progressive Field,116,Detroit Tigers,DET,,,114,Cleveland Guardians,CLE,,,
824506,2026-06-14,2026-06-14T17:40:00+00:00,2026-06-14 05:40 PM UTC,2026,Scheduled,Scheduled,Preview,N,day,3.0,Regular Season,Great American Ball Park,109,Arizona Diamondbacks,AZ,,,113,Cincinnati Reds,CIN,,,
823693,2026-06-14,2026-06-14T18:10:00+00:00,2026-06-14 06:10 PM UTC,2026,Scheduled,Scheduled,Preview,N,day,3.0,Regular Season,Target Field,138,St. Louis Cardinals,STL,,,142,Minnesota Twins,MIN,,,
823777,2026-06-14,2026-06-14T18:10:00+00:00,2026-06-14 06:10 PM UTC,2026,Scheduled,Scheduled,Preview,N,day,3.0,Regular Season,American Family Field,143,Philadelphia Phillies,PHI,,,158,Milwaukee Brewers,MIL,,,
824099,2026-06-14,2026-06-14T18:10:00+00:00,2026-06-14 06:10 PM UTC,2026,Scheduled,Scheduled,Preview,N,day,3.0,Regular Season,Kauffman Stadium,117,Houston Astros,HOU,,,118,Kansas City Royals,KC,,,
824586,2026-06-14,2026-06-14T18:10:00+00:00,2026-06-14 06:10 PM UTC,2026,Scheduled,Scheduled,Preview,N,day,3.0,Regular Season,Rate Field,119,Los Angeles Dodgers,LAD,,,145,Chicago White Sox,CWS,,,
824994,2026-06-14,2026-06-14T19:05:00+00:00,2026-06-14 07:05 PM UTC,2026,Scheduled,Scheduled,Preview,N,day,3.0,Regular Season,Las Vegas Ballpark,115,Colorado Rockies,COL,,,133,Athletics,ATH,,,
823212,2026-06-14,2026-06-14T19:10:00+00:00,2026-06-14 07:10 PM UTC,2026,Scheduled,Scheduled,Preview,N,day,3.0,Regular Season,Oracle Park,112,Chicago Cubs,CHC,,,137,San Francisco Giants,SF,,,
824021,2026-06-14,2026-06-14T20:07:00+00:00,2026-06-14 08:07 PM UTC,2026,Scheduled,Scheduled,Preview,N,day,3.0,Regular Season,Angel Stadium,139,Tampa Bay Rays,TB,,,108,Los Angeles Angels,LAA,,,
824751,2026-06-14,2026-06-14T23:20:00+00:00,2026-06-14 11:20 PM UTC,2026,Scheduled,Scheduled,Preview,N,night,3.0,Regular Season,Fenway Park,140,Texas Rangers,TEX,,,111,Boston Red Sox,BOS,,,
823452,2026-06-15,2026-06-15T22:40:00+00:00,2026-06-15 10:40 PM UTC,2026,Scheduled,Scheduled,Preview,N,night,1.0,Regular Season,Citizens Bank Park,146,Miami Marlins,MIA,,,143,Philadelphia Phillies,PHI,,,
822724,2026-06-15,2026-06-15T22:45:00+00:00,2026-06-15 10:45 PM UTC,2026,Scheduled,Scheduled,Preview,N,night,1.0,Regular Season,Nationals Park,118,Kansas City Royals,KC,,,120,Washington Nationals,WSH,,,
824505,2026-06-15,2026-06-15T23:10:00+00:00,2026-06-15 11:10 PM UTC,2026,Scheduled,Scheduled,Preview,N,night,1.0,Regular Season,Great American Ball Park,121,New York Mets,NYM,,,113,Cincinnati Reds,CIN,,,
823046,2026-06-15,2026-06-15T23:45:00+00:00,2026-06-15 11:45 PM UTC,2026,Scheduled,Scheduled,Preview,N,night,1.0,Regular Season,Busch Stadium,135,San Diego Padres,SD,,,138,St. Louis Cardinals,STL,,,
822887,2026-06-15,2026-06-16T00:05:00+00:00,2026-06-16 12:05 AM UTC,2026,Scheduled,Scheduled,Preview,N,night,1.0,Regular Season,Globe Life Field,142,Minnesota Twins,MIN,,,140,Texas Rangers,TEX,,,
824666,2026-06-15,2026-06-16T00:05:00+00:00,2026-06-16 12:05 AM UTC,2026,Scheduled,Scheduled,Preview,N,night,1.0,Regular Season,Wrigley Field,115,Colorado Rockies,COL,,,112,Chicago Cubs,CHC,,,
824181,2026-06-15,2026-06-16T00:10:00+00:00,2026-06-16 12:10 AM UTC,2026,Scheduled,Scheduled,Preview,N,night,1.0,Regular Season,Daikin Park,116,Detroit Tigers,DET,,,117,Houston Astros,HOU,,,
824993,2026-06-15,2026-06-16T01:40:00+00:00,2026-06-16 01:40 AM UTC,2026,Scheduled,Scheduled,Preview,N,night,1.0,Regular Season,Sutter Health Park,134,Pittsburgh Pirates,PIT,,,133,Athletics,ATH,,,
825071,2026-06-15,2026-06-16T01:40:00+00:00,2026-06-16 01:40 AM UTC,2026,Scheduled,Scheduled,Preview,N,night,1.0,Regular Season,Chase Field,108,Los Angeles Angels,LAA,,,109,Arizona Diamondbacks,AZ,,,
823938,2026-06-15,2026-06-16T02:10:00+00:00,2026-06-16 02:10 AM UTC,2026,Scheduled,Scheduled,Preview,N,night,1.0,Regular Season,UNIQLO Field at Dodger Stadium,139,Tampa Bay Rays,TB,,,119,Los Angeles Dodgers,LAD,,,
823451,2026-06-16,2026-06-16T22:40:00+00:00,2026-06-16 10:40 PM UTC,2026,Scheduled,Scheduled,Preview,N,night,2.0,Regular Season,Citizens Bank Park,146,Miami Marlins,MIA,,,143,Philadelphia Phillies,PHI,,,
822723,2026-06-16,2026-06-16T22:45:00+00:00,2026-06-16 10:45 PM UTC,2026,Scheduled,Scheduled,Preview,N,night,2.0,Regular Season,Nationals Park,118,Kansas City Royals,KC,,,120,Washington Nationals,WSH,,,
824750,2026-06-16,2026-06-16T22:45:00+00:00,2026-06-16 10:45 PM UTC,2026,Scheduled,Scheduled,Preview,N,night,1.0,Regular Season,Fenway Park,141,Toronto Blue Jays,TOR,,,111,Boston Red Sox,BOS,,,
823535,2026-06-16,2026-06-16T23:05:00+00:00,2026-06-16 11:05 PM UTC,2026,Scheduled,Scheduled,Preview,N,night,1.0,Regular Season,Yankee Stadium,145,Chicago White Sox,CWS,,,147,New York Yankees,NYY,,,
824504,2026-06-16,2026-06-16T23:10:00+00:00,2026-06-16 11:10 PM UTC,2026,Scheduled,Scheduled,Preview,N,night,2.0,Regular Season,Great American Ball Park,121,New York Mets,NYM,,,113,Cincinnati Reds,CIN,,,
824912,2026-06-16,2026-06-16T23:15:00+00:00,2026-06-16 11:15 PM UTC,2026,Scheduled,Scheduled,Preview,N,night,1.0,Regular Season,Truist Park,137,San Francisco Giants,SF,,,144,Atlanta Braves,ATL,,,
823775,2026-06-16,2026-06-16T23:40:00+00:00,2026-06-16 11:40 PM UTC,2026,Scheduled,Scheduled,Preview,N,night,1.0,Regular Season,American Family Field,114,Cleveland Guardians,CLE,,,158,Milwaukee Brewers,MIL,,,
823045,2026-06-16,2026-06-16T23:45:00+00:00,2026-06-16 11:45 PM UTC,2026,Scheduled,Scheduled,Preview,N,night,2.0,Regular Season,Busch Stadium,135,San Diego Padres,SD,,,138,St. Louis Cardinals,STL,,,
822888,2026-06-16,2026-06-17T00:05:00+00:00,2026-06-17 12:05 AM UTC,2026,Scheduled,Scheduled,Preview,N,night,2.0,Regular Season,Globe Life Field,142,Minnesota Twins,MIN,,,140,Texas Rangers,TEX,,,
824667,2026-06-16,2026-06-17T00:05:00+00:00,2026-06-17 12:05 AM UTC,2026,Scheduled,Scheduled,Preview,N,night,2.0,Regular Season,Wrigley Field,115,Colorado Rockies,COL,,,112,Chicago Cubs,CHC,,,
824182,2026-06-16,2026-06-17T00:10:00+00:00,2026-06-17 12:10 AM UTC,2026,Scheduled,Scheduled,Preview,N,night,2.0,Regular Season,Daikin Park,116,Detroit Tigers,DET,,,117,Houston Astros,HOU,,,
823128,2026-06-16,2026-06-17T01:40:00+00:00,2026-06-17 01:40 AM UTC,2026,Scheduled,Scheduled,Preview,N,night,1.0,Regular Season,T-Mobile Park,110,Baltimore Orioles,BAL,,,136,Seattle Mariners,SEA,,,
824991,2026-06-16,2026-06-17T01:40:00+00:00,2026-06-17 01:40 AM UTC,2026,Scheduled,Scheduled,Preview,N,night,2.0,Regular Season,Sutter Health Park,134,Pittsburgh Pirates,PIT,,,133,Athletics,ATH,,,
825070,2026-06-16,2026-06-17T01:40:00+00:00,2026-06-17 01:40 AM UTC,2026,Scheduled,Scheduled,Preview,N,night,2.0,Regular Season,Chase Field,108,Los Angeles Angels,LAA,,,109,Arizona Diamondbacks,AZ,,,
823939,2026-06-16,2026-06-17T02:10:00+00:00,2026-06-17 02:10 AM UTC,2026,Scheduled,Scheduled,Preview,N,night,2.0,Regular Season,UNIQLO Field at Dodger Stadium,139,Tampa Bay Rays,TB,,,119,Los Angeles Dodgers,LAD,,,
824503,2026-06-17,2026-06-17T16:40:00+00:00,2026-06-17 04:40 PM UTC,2026,Scheduled,Scheduled,Preview,N,day,3.0,Regular Season,Great American Ball Park,121,New York Mets,NYM,,,113,Cincinnati Reds,CIN,,,
822721,2026-06-17,2026-06-17T17:05:00+00:00,2026-06-17 05:05 PM UTC,2026,Scheduled,Scheduled,Preview,N,day,3.0,Regular Season,Nationals Park,118,Kansas City Royals,KC,,,120,Washington Nationals,WSH,,,
823450,2026-06-17,2026-06-17T17:05:00+00:00,2026-06-17 05:05 PM UTC,2026,Scheduled,Scheduled,Preview,N,day,3.0,Regular Season,Citizens Bank Park,146,Miami Marlins,MIA,,,143,Philadelphia Phillies,PHI,,,
824178,2026-06-17,2026-06-17T18:10:00+00:00,2026-06-17 06:10 PM UTC,2026,Scheduled,Scheduled,Preview,N,day,3.0,Regular Season,Daikin Park,116,Detroit Tigers,DET,,,117,Houston Astros,HOU,,,
823044,2026-06-17,2026-06-17T18:15:00+00:00,2026-06-17 06:15 PM UTC,2026,Scheduled,Scheduled,Preview,N,day,3.0,Regular Season,Busch Stadium,135,San Diego Padres,SD,,,138,St. Louis Cardinals,STL,,,
823940,2026-06-17,2026-06-17T19:10:00+00:00,2026-06-17 07:10 PM UTC,2026,Scheduled,Scheduled,Preview,N,day,3.0,Regular Season,UNIQLO Field at Dodger Stadium,139,Tampa Bay Rays,TB,,,119,Los Angeles Dodgers,LAD,,,
825072,2026-06-17,2026-06-17T19:40:00+00:00,2026-06-17 07:40 PM UTC,2026,Scheduled,Scheduled,Preview,N,day,3.0,Regular Season,Chase Field,108,Los Angeles Angels,LAA,,,109,Arizona Diamondbacks,AZ,,,
824746,2026-06-17,2026-06-17T22:45:00+00:00,2026-06-17 10:45 PM UTC,2026,Scheduled,Scheduled,Preview,N,night,2.0,Regular Season,Fenway Park,141,Toronto Blue Jays,TOR,,,111,Boston Red Sox,BOS,,,
823536,2026-06-17,2026-06-17T23:05:00+00:00,2026-06-17 11:05 PM UTC,2026,Scheduled,Scheduled,Preview,N,night,2.0,Regular Season,Yankee Stadium,145,Chicago White Sox,CWS,,,147,New York Yankees,NYY,,,
824913,2026-06-17,2026-06-17T23:15:00+00:00,2026-06-17 11:15 PM UTC,2026,Scheduled,Scheduled,Preview,N,night,2.0,Regular Season,Truist Park,137,San Francisco Giants,SF,,,144,Atlanta Braves,ATL,,,
823774,2026-06-17,2026-06-17T23:40:00+00:00,2026-06-17 11:40 PM UTC,2026,Scheduled,Scheduled,Preview,N,night,2.0,Regular Season,American Family Field,114,Cleveland Guardians,CLE,,,158,Milwaukee Brewers,MIL,,,
824668,2026-06-17,2026-06-18T00:05:00+00:00,2026-06-18 12:05 AM UTC,2026,Scheduled,Scheduled,Preview,N,night,3.0,Regular Season,Wrigley Field,115,Colorado Rockies,COL,,,112,Chicago Cubs,CHC,,,
823127,2026-06-17,2026-06-18T01:40:00+00:00,2026-06-18 01:40 AM UTC,2026,Scheduled,Scheduled,Preview,N,night,2.0,Regular Season,T-Mobile Park,110,Baltimore Orioles,BAL,,,136,Seattle Mariners,SEA,,,
824992,2026-06-17,2026-06-18T01:40:00+00:00,2026-06-18 01:40 AM UTC,2026,Scheduled,Scheduled,Preview,N,night,3.0,Regular Season,Sutter Health Park,134,Pittsburgh Pirates,PIT,,,133,Athletics,ATH,,,
824748,2026-06-18,2026-06-18T17:35:00+00:00,2026-06-18 05:35 PM UTC,2026,Scheduled,Scheduled,Preview,N,day,3.0,Regular Season,Fenway Park,141,Toronto Blue Jays,TOR,,,111,Boston Red Sox,BOS,,,
823772,2026-06-18,2026-06-18T18:10:00+00:00,2026-06-18 06:10 PM UTC,2026,Scheduled,Scheduled,Preview,N,day,3.0,Regular Season,American Family Field,114,Cleveland Guardians,CLE,,,158,Milwaukee Brewers,MIL,,,
822889,2026-06-18,2026-06-18T18:35:00+00:00,2026-06-18 06:35 PM UTC,2026,Scheduled,Scheduled,Preview,N,day,3.0,Regular Season,Globe Life Field,142,Minnesota Twins,MIN,,,140,Texas Rangers,TEX,,,
823125,2026-06-18,2026-06-18T20:10:00+00:00,2026-06-18 08:10 PM UTC,2026,Scheduled,Scheduled,Preview,N,day,3.0,Regular Season,T-Mobile Park,110,Baltimore Orioles,BAL,,,136,Seattle Mariners,SEA,,,
823448,2026-06-18,2026-06-18T22:40:00+00:00,2026-06-18 10:40 PM UTC,2026,Scheduled,Scheduled,Preview,N,night,1.0,Regular Season,Citizens Bank Park,121,New York Mets,NYM,,,143,Philadelphia Phillies,PHI,,,
823533,2026-06-18,2026-06-18T23:05:00+00:00,2026-06-18 11:05 PM UTC,2026,Scheduled,Scheduled,Preview,N,night,3.0,Regular Season,Yankee Stadium,145,Chicago White Sox,CWS,,,147,New York Yankees,NYY,,,
824911,2026-06-18,2026-06-18T23:15:00+00:00,2026-06-18 11:15 PM UTC,2026,Scheduled,Scheduled,Preview,N,night,3.0,Regular Season,Truist Park,137,San Francisco Giants,SF,,,144,Atlanta Braves,ATL,,,
824098,2026-06-18,2026-06-18T23:40:00+00:00,2026-06-18 11:40 PM UTC,2026,Scheduled,Scheduled,Preview,N,night,1.0,Regular Season,Kauffman Stadium,138,St. Louis Cardinals,STL,,,118,Kansas City Royals,KC,,,
824989,2026-06-18,2026-06-19T01:40:00+00:00,2026-06-19 01:40 AM UTC,2026,Scheduled,Scheduled,Preview,N,night,1.0,Regular Season,Sutter Health Park,108,Los Angeles Angels,LAA,,,133,Athletics,ATH,,,
824663,2026-06-19,2026-06-19T18:20:00+00:00,2026-06-19 06:20 PM UTC,2026,Scheduled,Scheduled,Preview,N,day,1.0,Regular Season,Wrigley Field,141,Toronto Blue Jays,TOR,,,112,Chicago Cubs,CHC,,,
824264,2026-06-19,2026-06-19T22:40:00+00:00,2026-06-19 10:40 PM UTC,2026,Scheduled,Scheduled,Preview,N,night,1.0,Regular Season,Comerica Park,145,Chicago White Sox,CWS,,,116,Detroit Tigers,DET,,,
823534,2026-06-19,2026-06-19T23:05:00+00:00,2026-06-19 11:05 PM UTC,2026,Scheduled,Scheduled,Preview,N,night,1.0,Regular Season,Yankee Stadium,113,Cincinnati Reds,CIN,,,147,New York Yankees,NYY,,,
822966,2026-06-19,2026-06-19T23:10:00+00:00,2026-06-19 11:10 PM UTC,2026,Scheduled,Scheduled,Preview,N,night,1.0,Regular Season,Tropicana Field,120,Washington Nationals,WSH,,,139,Tampa Bay Rays,TB,,,
823853,2026-06-19,2026-06-19T23:10:00+00:00,2026-06-19 11:10 PM UTC,2026,Scheduled,Scheduled,Preview,N,night,1.0,Regular Season,loanDepot park,137,San Francisco Giants,SF,,,146,Miami Marlins,MIA,,,
824910,2026-06-19,2026-06-19T23:15:00+00:00,2026-06-19 11:15 PM UTC,2026,Scheduled,Scheduled,Preview,N,night,1.0,Regular Season,Truist Park,158,Milwaukee Brewers,MIL,,,144,Atlanta Braves,ATL,,,
822886,2026-06-19,2026-06-20T00:05:00+00:00,2026-06-20 12:05 AM UTC,2026,Scheduled,Scheduled,Preview,N,night,1.0,Regular Season,Globe Life Field,135,San Diego Padres,SD,,,140,Texas Rangers,TEX,,,
824179,2026-06-19,2026-06-20T00:10:00+00:00,2026-06-20 12:10 AM UTC,2026,Scheduled,Scheduled,Preview,N,night,1.0,Regular Season,Daikin Park,114,Cleveland Guardians,CLE,,,117,Houston Astros,HOU,,,
824097,2026-06-19,2026-06-20T00:15:00+00:00,2026-06-20 12:15 AM UTC,2026,Scheduled,Scheduled,Preview,N,night,2.0,Regular Season,Kauffman Stadium,138,St. Louis Cardinals,STL,,,118,Kansas City Royals,KC,,,
824345,2026-06-19,2026-06-20T00:40:00+00:00,2026-06-20 12:40 AM UTC,2026,Scheduled,Scheduled,Preview,N,night,1.0,Regular Season,Coors Field,134,Pittsburgh Pirates,PIT,,,115,Colorado Rockies,COL,,,
824990,2026-06-19,2026-06-20T01:40:00+00:00,2026-06-20 01:40 AM UTC,2026,Scheduled,Scheduled,Preview,N,night,2.0,Regular Season,Sutter Health Park,108,Los Angeles Angels,LAA,,,133,Athletics,ATH,,,
825069,2026-06-19,2026-06-20T01:45:00+00:00,2026-06-20 01:45 AM UTC,2026,Scheduled,Scheduled,Preview,N,night,1.0,Regular Season,Chase Field,142,Minnesota Twins,MIN,,,109,Arizona Diamondbacks,AZ,,,
823124,2026-06-19,2026-06-20T02:10:00+00:00,2026-06-20 02:10 AM UTC,2026,Scheduled,Scheduled,Preview,N,night,1.0,Regular Season,T-Mobile Park,111,Boston Red Sox,BOS,,,136,Seattle Mariners,SEA,,,
823936,2026-06-19,2026-06-20T02:10:00+00:00,2026-06-20 02:10 AM UTC,2026,Scheduled,Scheduled,Preview,N,night,1.0,Regular Season,UNIQLO Field at Dodger Stadium,110,Baltimore Orioles,BAL,,,119,Los Angeles Dodgers,LAD,,,
824263,2026-06-20,2026-06-20T17:10:00+00:00,2026-06-20 05:10 PM UTC,2026,Scheduled,Scheduled,Preview,N,day,2.0,Regular Season,Comerica Park,145,Chicago White Sox,CWS,,,116,Detroit Tigers,DET,,,
823532,2026-06-20,2026-06-20T17:35:00+00:00,2026-06-20 05:35 PM UTC,2026,Scheduled,Scheduled,Preview,N,day,2.0,Regular Season,Yankee Stadium,113,Cincinnati Reds,CIN,,,147,New York Yankees,NYY,,,
824665,2026-06-20,2026-06-20T18:20:00+00:00,2026-06-20 06:20 PM UTC,2026,Scheduled,Scheduled,Preview,N,day,2.0,Regular Season,Wrigley Field,141,Toronto Blue Jays,TOR,,,112,Chicago Cubs,CHC,,,
822885,2026-06-20,2026-06-20T20:05:00+00:00,2026-06-20 08:05 PM UTC,2026,Scheduled,Scheduled,Preview,N,day,2.0,Regular Season,Globe Life Field,135,San Diego Padres,SD,,,140,Texas Rangers,TEX,,,
822967,2026-06-20,2026-06-20T20:10:00+00:00,2026-06-20 08:10 PM UTC,2026,Scheduled,Scheduled,Preview,N,day,2.0,Regular Season,Tropicana Field,120,Washington Nationals,WSH,,,139,Tampa Bay Rays,TB,,,
823854,2026-06-20,2026-06-20T20:10:00+00:00,2026-06-20 08:10 PM UTC,2026,Scheduled,Scheduled,Preview,N,day,2.0,Regular Season,loanDepot park,137,San Francisco Giants,SF,,,146,Miami Marlins,MIA,,,
824909,2026-06-20,2026-06-20T20:10:00+00:00,2026-06-20 08:10 PM UTC,2026,Scheduled,Scheduled,Preview,N,day,2.0,Regular Season,Truist Park,158,Milwaukee Brewers,MIL,,,144,Atlanta Braves,ATL,,,
823447,2026-06-20,2026-06-20T23:15:00+00:00,2026-06-20 11:15 PM UTC,2026,Scheduled,Scheduled,Preview,N,night,2.0,Regular Season,Citizens Bank Park,121,New York Mets,NYM,,,143,Philadelphia Phillies,PHI,,,
824180,2026-06-20,2026-06-20T23:15:00+00:00,2026-06-20 11:15 PM UTC,2026,Scheduled,Scheduled,Preview,N,night,2.0,Regular Season,Daikin Park,114,Cleveland Guardians,CLE,,,117,Houston Astros,HOU,,,
824342,2026-06-20,2026-06-21T01:10:00+00:00,2026-06-21 01:10 AM UTC,2026,Scheduled,Scheduled,Preview,N,night,2.0,Regular Season,Coors Field,134,Pittsburgh Pirates,PIT,,,115,Colorado Rockies,COL,,,
824988,2026-06-20,2026-06-21T02:05:00+00:00,2026-06-21 02:05 AM UTC,2026,Scheduled,Scheduled,Preview,N,night,3.0,Regular Season,Sutter Health Park,108,Los Angeles Angels,LAA,,,133,Athletics,ATH,,,
823126,2026-06-20,2026-06-21T02:10:00+00:00,2026-06-21 02:10 AM UTC,2026,Scheduled,Scheduled,Preview,N,night,2.0,Regular Season,T-Mobile Park,111,Boston Red Sox,BOS,,,136,Seattle Mariners,SEA,,,
823937,2026-06-20,2026-06-21T02:10:00+00:00,2026-06-21 02:10 AM UTC,2026,Scheduled,Scheduled,Preview,N,night,2.0,Regular Season,UNIQLO Field at Dodger Stadium,110,Baltimore Orioles,BAL,,,119,Los Angeles Dodgers,LAD,,,
825068,2026-06-20,2026-06-21T02:10:00+00:00,2026-06-21 02:10 AM UTC,2026,Scheduled,Scheduled,Preview,N,night,2.0,Regular Season,Chase Field,142,Minnesota Twins,MIN,,,109,Arizona Diamondbacks,AZ,,,
823531,2026-06-21,2026-06-21T17:35:00+00:00,2026-06-21 05:35 PM UTC,2026,Scheduled,Scheduled,Preview,N,day,3.0,Regular Season,Yankee Stadium,113,Cincinnati Reds,CIN,,,147,New York Yankees,NYY,,,
824908,2026-06-21,2026-06-21T17:35:00+00:00,2026-06-21 05:35 PM UTC,2026,Scheduled,Scheduled,Preview,N,day,3.0,Regular Season,Truist Park,158,Milwaukee Brewers,MIL,,,144,Atlanta Braves,ATL,,,
822968,2026-06-21,2026-06-21T17:40:00+00:00,2026-06-21 05:40 PM UTC,2026,Scheduled,Scheduled,Preview,N,day,3.0,Regular Season,Tropicana Field,120,Washington Nationals,WSH,,,139,Tampa Bay Rays,TB,,,
823852,2026-06-21,2026-06-21T17:40:00+00:00,2026-06-21 05:40 PM UTC,2026,Scheduled,Scheduled,Preview,N,day,3.0,Regular Season,loanDepot park,137,San Francisco Giants,SF,,,146,Miami Marlins,MIA,,,
824260,2026-06-21,2026-06-21T17:40:00+00:00,2026-06-21 05:40 PM UTC,2026,Scheduled,Scheduled,Preview,N,day,3.0,Regular Season,Comerica Park,145,Chicago White Sox,CWS,,,116,Detroit Tigers,DET,,,
824095,2026-06-21,2026-06-21T18:10:00+00:00,2026-06-21 06:10 PM UTC,2026,Scheduled,Scheduled,Preview,N,day,3.0,Regular Season,Kauffman Stadium,138,St. Louis Cardinals,STL,,,118,Kansas City Royals,KC,,,
824177,2026-06-21,2026-06-21T18:10:00+00:00,2026-06-21 06:10 PM UTC,2026,Scheduled,Scheduled,Preview,N,day,3.0,Regular Season,Daikin Park,114,Cleveland Guardians,CLE,,,117,Houston Astros,HOU,,,
824664,2026-06-21,2026-06-21T18:20:00+00:00,2026-06-21 06:20 PM UTC,2026,Scheduled,Scheduled,Preview,N,day,3.0,Regular Season,Wrigley Field,141,Toronto Blue Jays,TOR,,,112,Chicago Cubs,CHC,,,
822883,2026-06-21,2026-06-21T18:35:00+00:00,2026-06-21 06:35 PM UTC,2026,Scheduled,Scheduled,Preview,N,day,3.0,Regular Season,Globe Life Field,135,San Diego Padres,SD,,,140,Texas Rangers,TEX,,,
824343,2026-06-21,2026-06-21T19:10:00+00:00,2026-06-21 07:10 PM UTC,2026,Scheduled,Scheduled,Preview,N,day,3.0,Regular Season,Coors Field,134,Pittsburgh Pirates,PIT,,,115,Colorado Rockies,COL,,,
825067,2026-06-21,2026-06-21T19:15:00+00:00,2026-06-21 07:15 PM UTC,2026,Scheduled,Scheduled,Preview,N,day,3.0,Regular Season,Chase Field,142,Minnesota Twins,MIN,,,109,Arizona Diamondbacks,AZ,,,
824987,2026-06-21,2026-06-21T20:05:00+00:00,2026-06-21 08:05 PM UTC,2026,Scheduled,Scheduled,Preview,N,day,4.0,Regular Season,Sutter Health Park,108,Los Angeles Angels,LAA,,,133,Athletics,ATH,,,
823123,2026-06-21,2026-06-21T20:10:00+00:00,2026-06-21 08:10 PM UTC,2026,Scheduled,Scheduled,Preview,N,day,3.0,Regular Season,T-Mobile Park,111,Boston Red Sox,BOS,,,136,Seattle Mariners,SEA,,,
823934,2026-06-21,2026-06-21T20:10:00+00:00,2026-06-21 08:10 PM UTC,2026,Scheduled,Scheduled,Preview,N,day,3.0,Regular Season,UNIQLO Field at Dodger Stadium,110,Baltimore Orioles,BAL,,,119,Los Angeles Dodgers,LAD,,,
823449,2026-06-21,2026-06-21T23:20:00+00:00,2026-06-21 11:20 PM UTC,2026,Scheduled,Scheduled,Preview,N,night,3.0,Regular Season,Citizens Bank Park,121,New York Mets,NYM,,,143,Philadelphia Phillies,PHI,,,
822964,2026-06-22,2026-06-22T22:40:00+00:00,2026-06-22 10:40 PM UTC,2026,Scheduled,Scheduled,Preview,N,night,1.0,Regular Season,Tropicana Field,118,Kansas City Royals,KC,,,139,Tampa Bay Rays,TB,,,
823851,2026-06-22,2026-06-22T22:40:00+00:00,2026-06-22 10:40 PM UTC,2026,Scheduled,Scheduled,Preview,N,night,1.0,Regular Season,loanDepot park,140,Texas Rangers,TEX,,,146,Miami Marlins,MIA,,,
824261,2026-06-22,2026-06-22T22:40:00+00:00,2026-06-22 10:40 PM UTC,2026,Scheduled,Scheduled,Preview,N,night,1.0,Regular Season,Comerica Park,147,New York Yankees,NYY,,,116,Detroit Tigers,DET,,,
822720,2026-06-22,2026-06-22T22:45:00+00:00,2026-06-22 10:45 PM UTC,2026,Scheduled,Scheduled,Preview,N,night,1.0,Regular Season,Nationals Park,143,Philadelphia Phillies,PHI,,,120,Washington Nationals,WSH,,,
822800,2026-06-22,2026-06-22T23:07:00+00:00,2026-06-22 11:07 PM UTC,2026,Scheduled,Scheduled,Preview,N,night,1.0,Regular Season,Rogers Centre,117,Houston Astros,HOU,,,141,Toronto Blue Jays,TOR,,,
823613,2026-06-22,2026-06-22T23:10:00+00:00,2026-06-22 11:10 PM UTC,2026,Scheduled,Scheduled,Preview,N,night,1.0,Regular Season,Citi Field,112,Chicago Cubs,CHC,,,121,New York Mets,NYM,,,
824502,2026-06-22,2026-06-22T23:10:00+00:00,2026-06-22 11:10 PM UTC,2026,Scheduled,Scheduled,Preview,N,night,1.0,Regular Season,Great American Ball Park,158,Milwaukee Brewers,MIL,,,113,Cincinnati Reds,CIN,,,
823692,2026-06-22,2026-06-22T23:40:00+00:00,2026-06-22 11:40 PM UTC,2026,Scheduled,Scheduled,Preview,N,night,1.0,Regular Season,Target Field,119,Los Angeles Dodgers,LAD,,,142,Minnesota Twins,MIN,,,
824585,2026-06-22,2026-06-22T23:40:00+00:00,2026-06-22 11:40 PM UTC,2026,Scheduled,Scheduled,Preview,N,night,1.0,Regular Season,Rate Field,114,Cleveland Guardians,CLE,,,145,Chicago White Sox,CWS,,,
823040,2026-06-22,2026-06-22T23:45:00+00:00,2026-06-22 11:45 PM UTC,2026,Scheduled,Scheduled,Preview,N,night,1.0,Regular Season,Busch Stadium,109,Arizona Diamondbacks,AZ,,,138,St. Louis Cardinals,STL,,,
824344,2026-06-22,2026-06-23T00:40:00+00:00,2026-06-23 12:40 AM UTC,2026,Scheduled,Scheduled,Preview,N,night,1.0,Regular Season,Coors Field,111,Boston Red Sox,BOS,,,115,Colorado Rockies,COL,,,
824016,2026-06-22,2026-06-23T01:38:00+00:00,2026-06-23 01:38 AM UTC,2026,Scheduled,Scheduled,Preview,N,night,1.0,Regular Season,Angel Stadium,110,Baltimore Orioles,BAL,,,108,Los Angeles Angels,LAA,,,
823288,2026-06-22,2026-06-23T02:10:00+00:00,2026-06-23 02:10 AM UTC,2026,Scheduled,Scheduled,Preview,N,night,1.0,Regular Season,Petco Park,144,Atlanta Braves,ATL,,,135,San Diego Padres,SD,,,
822963,2026-06-23,2026-06-23T22:40:00+00:00,2026-06-23 10:40 PM UTC,2026,Scheduled,Scheduled,Preview,N,night,2.0,Regular Season,Tropicana Field,118,Kansas City Royals,KC,,,139,Tampa Bay Rays,TB,,,
823365,2026-06-23,2026-06-23T22:40:00+00:00,2026-06-23 10:40 PM UTC,2026,Scheduled,Scheduled,Preview,N,night,1.0,Regular Season,PNC Park,136,Seattle Mariners,SEA,,,134,Pittsburgh Pirates,PIT,,,
823849,2026-06-23,2026-06-23T22:40:00+00:00,2026-06-23 10:40 PM UTC,2026,Scheduled,Scheduled,Preview,N,night,2.0,Regular Season,loanDepot park,140,Texas Rangers,TEX,,,146,Miami Marlins,MIA,,,
824262,2026-06-23,2026-06-23T22:40:00+00:00,2026-06-23 10:40 PM UTC,2026,Scheduled,Scheduled,Preview,N,night,2.0,Regular Season,Comerica Park,147,New York Yankees,NYY,,,116,Detroit Tigers,DET,,,
822718,2026-06-23,2026-06-23T22:45:00+00:00,2026-06-23 10:45 PM UTC,2026,Scheduled,Scheduled,Preview,N,night,2.0,Regular Season,Nationals Park,143,Philadelphia Phillies,PHI,,,120,Washington Nationals,WSH,,,
822799,2026-06-23,2026-06-23T23:07:00+00:00,2026-06-23 11:07 PM UTC,2026,Scheduled,Scheduled,Preview,N,night,2.0,Regular Season,Rogers Centre,117,Houston Astros,HOU,,,141,Toronto Blue Jays,TOR,,,
823614,2026-06-23,2026-06-23T23:10:00+00:00,2026-06-23 11:10 PM UTC,2026,Scheduled,Scheduled,Preview,N,night,2.0,Regular Season,Citi Field,112,Chicago Cubs,CHC,,,121,New York Mets,NYM,,,
824501,2026-06-23,2026-06-23T23:10:00+00:00,2026-06-23 11:10 PM UTC,2026,Scheduled,Scheduled,Preview,N,night,2.0,Regular Season,Great American Ball Park,158,Milwaukee Brewers,MIL,,,113,Cincinnati Reds,CIN,,,
823690,2026-06-23,2026-06-23T23:40:00+00:00,2026-06-23 11:40 PM UTC,2026,Scheduled,Scheduled,Preview,N,night,2.0,Regular Season,Target Field,119,Los Angeles Dodgers,LAD,,,142,Minnesota Twins,MIN,,,
824584,2026-06-23,2026-06-23T23:40:00+00:00,2026-06-23 11:40 PM UTC,2026,Scheduled,Scheduled,Preview,N,night,2.0,Regular Season,Rate Field,114,Cleveland Guardians,CLE,,,145,Chicago White Sox,CWS,,,
823043,2026-06-23,2026-06-23T23:45:00+00:00,2026-06-23 11:45 PM UTC,2026,Scheduled,Scheduled,Preview,N,night,2.0,Regular Season,Busch Stadium,109,Arizona Diamondbacks,AZ,,,138,St. Louis Cardinals,STL,,,
824340,2026-06-23,2026-06-24T00:40:00+00:00,2026-06-24 12:40 AM UTC,2026,Scheduled,Scheduled,Preview,N,night,2.0,Regular Season,Coors Field,111,Boston Red Sox,BOS,,,115,Colorado Rockies,COL,,,
824017,2026-06-23,2026-06-24T01:38:00+00:00,2026-06-24 01:38 AM UTC,2026,Scheduled,Scheduled,Preview,N,night,2.0,Regular Season,Angel Stadium,110,Baltimore Orioles,BAL,,,108,Los Angeles Angels,LAA,,,
823286,2026-06-23,2026-06-24T01:40:00+00:00,2026-06-24 01:40 AM UTC,2026,Scheduled,Scheduled,Preview,N,night,2.0,Regular Season,Petco Park,144,Atlanta Braves,ATL,,,135,San Diego Padres,SD,,,
823210,2026-06-23,2026-06-24T01:45:00+00:00,2026-06-24 01:45 AM UTC,2026,Scheduled,Scheduled,Preview,N,night,1.0,Regular Season,Oracle Park,133,Athletics,ATH,,,137,San Francisco Giants,SF,,,
823850,2026-06-24,2026-06-24T16:10:00+00:00,2026-06-24 04:10 PM UTC,2026,Scheduled,Scheduled,Preview,N,day,3.0,Regular Season,loanDepot park,140,Texas Rangers,TEX,,,146,Miami Marlins,MIA,,,
824583,2026-06-24,2026-06-24T18:10:00+00:00,2026-06-24 06:10 PM UTC,2026,Scheduled,Scheduled,Preview,N,day,3.0,Regular Season,Rate Field,114,Cleveland Guardians,CLE,,,145,Chicago White Sox,CWS,,,
824341,2026-06-24,2026-06-24T19:10:00+00:00,2026-06-24 07:10 PM UTC,2026,Scheduled,Scheduled,Preview,N,day,3.0,Regular Season,Coors Field,111,Boston Red Sox,BOS,,,115,Colorado Rockies,COL,,,
824018,2026-06-24,2026-06-24T20:07:00+00:00,2026-06-24 08:07 PM UTC,2026,Scheduled,Scheduled,Preview,N,day,3.0,Regular Season,Angel Stadium,110,Baltimore Orioles,BAL,,,108,Los Angeles Angels,LAA,,,
822965,2026-06-24,2026-06-24T22:40:00+00:00,2026-06-24 10:40 PM UTC,2026,Scheduled,Scheduled,Preview,N,night,3.0,Regular Season,Tropicana Field,118,Kansas City Royals,KC,,,139,Tampa Bay Rays,TB,,,
823367,2026-06-24,2026-06-24T22:40:00+00:00,2026-06-24 10:40 PM UTC,2026,Scheduled,Scheduled,Preview,N,night,2.0,Regular Season,PNC Park,136,Seattle Mariners,SEA,,,134,Pittsburgh Pirates,PIT,,,
824259,2026-06-24,2026-06-24T22:40:00+00:00,2026-06-24 10:40 PM UTC,2026,Scheduled,Scheduled,Preview,N,night,3.0,Regular Season,Comerica Park,147,New York Yankees,NYY,,,116,Detroit Tigers,DET,,,
822719,2026-06-24,2026-06-24T22:45:00+00:00,2026-06-24 10:45 PM UTC,2026,Scheduled,Scheduled,Preview,N,night,3.0,Regular Season,Nationals Park,143,Philadelphia Phillies,PHI,,,120,Washington Nationals,WSH,,,
822798,2026-06-24,2026-06-24T23:07:00+00:00,2026-06-24 11:07 PM UTC,2026,Scheduled,Scheduled,Preview,N,night,3.0,Regular Season,Rogers Centre,117,Houston Astros,HOU,,,141,Toronto Blue Jays,TOR,,,
823611,2026-06-24,2026-06-24T23:10:00+00:00,2026-06-24 11:10 PM UTC,2026,Scheduled,Scheduled,Preview,N,night,3.0,Regular Season,Citi Field,112,Chicago Cubs,CHC,,,121,New York Mets,NYM,,,
824500,2026-06-24,2026-06-24T23:10:00+00:00,2026-06-24 11:10 PM UTC,2026,Scheduled,Scheduled,Preview,N,night,3.0,Regular Season,Great American Ball Park,158,Milwaukee Brewers,MIL,,,113,Cincinnati Reds,CIN,,,
823691,2026-06-24,2026-06-24T23:40:00+00:00,2026-06-24 11:40 PM UTC,2026,Scheduled,Scheduled,Preview,N,night,3.0,Regular Season,Target Field,119,Los Angeles Dodgers,LAD,,,142,Minnesota Twins,MIN,,,
823041,2026-06-24,2026-06-24T23:45:00+00:00,2026-06-24 11:45 PM UTC,2026,Scheduled,Scheduled,Preview,N,night,3.0,Regular Season,Busch Stadium,109,Arizona Diamondbacks,AZ,,,138,St. Louis Cardinals,STL,,,
823284,2026-06-24,2026-06-25T00:40:00+00:00,2026-06-25 12:40 AM UTC,2026,Scheduled,Scheduled,Preview,N,night,3.0,Regular Season,Petco Park,144,Atlanta Braves,ATL,,,135,San Diego Padres,SD,,,
823208,2026-06-24,2026-06-25T01:45:00+00:00,2026-06-25 01:45 AM UTC,2026,Scheduled,Scheduled,Preview,N,night,2.0,Regular Season,Oracle Park,133,Athletics,ATH,,,137,San Francisco Giants,SF,,,
822961,2026-06-25,2026-06-25T16:10:00+00:00,2026-06-25 04:10 PM UTC,2026,Scheduled,Scheduled,Preview,N,day,4.0,Regular Season,Tropicana Field,118,Kansas City Royals,KC,,,139,Tampa Bay Rays,TB,,,
823366,2026-06-25,2026-06-25T16:35:00+00:00,2026-06-25 04:35 PM UTC,2026,Scheduled,Scheduled,Preview,N,day,3.0,Regular Season,PNC Park,136,Seattle Mariners,SEA,,,134,Pittsburgh Pirates,PIT,,,
823209,2026-06-25,2026-06-25T19:45:00+00:00,2026-06-25 07:45 PM UTC,2026,Scheduled,Scheduled,Preview,N,day,3.0,Regular Season,Oracle Park,133,Athletics,ATH,,,137,San Francisco Giants,SF,,,
824258,2026-06-25,2026-06-25T22:40:00+00:00,2026-06-25 10:40 PM UTC,2026,Scheduled,Scheduled,Preview,N,night,1.0,Regular Season,Comerica Park,117,Houston Astros,HOU,,,116,Detroit Tigers,DET,,,
822717,2026-06-25,2026-06-25T22:45:00+00:00,2026-06-25 10:45 PM UTC,2026,Scheduled,Scheduled,Preview,N,night,4.0,Regular Season,Nationals Park,143,Philadelphia Phillies,PHI,,,120,Washington Nationals,WSH,,,
822797,2026-06-25,2026-06-25T23:07:00+00:00,2026-06-25 11:07 PM UTC,2026,Scheduled,Scheduled,Preview,N,night,1.0,Regular Season,Rogers Centre,140,Texas Rangers,TEX,,,141,Toronto Blue Jays,TOR,,,
823612,2026-06-25,2026-06-25T23:10:00+00:00,2026-06-25 11:10 PM UTC,2026,Scheduled,Scheduled,Preview,N,night,4.0,Regular Season,Citi Field,112,Chicago Cubs,CHC,,,121,New York Mets,NYM,,,
824747,2026-06-25,2026-06-25T23:10:00+00:00,2026-06-25 11:10 PM UTC,2026,Scheduled,Scheduled,Preview,N,night,1.0,Regular Season,Fenway Park,147,New York Yankees,NYY,,,111,Boston Red Sox,BOS,,,
823042,2026-06-25,2026-06-25T23:45:00+00:00,2026-06-25 11:45 PM UTC,2026,Scheduled,Scheduled,Preview,N,night,4.0,Regular Season,Busch Stadium,109,Arizona Diamondbacks,AZ,,,138,St. Louis Cardinals,STL,,,
823363,2026-06-26,2026-06-26T22:40:00+00:00,2026-06-26 10:40 PM UTC,2026,Scheduled,Scheduled,Preview,N,night,1.0,Regular Season,PNC Park,113,Cincinnati Reds,CIN,,,134,Pittsburgh Pirates,PIT,,,
824255,2026-06-26,2026-06-26T22:40:00+00:00,2026-06-26 10:40 PM UTC,2026,Scheduled,Scheduled,Preview,N,night,2.0,Regular Season,Comerica Park,117,Houston Astros,HOU,,,116,Detroit Tigers,DET,,,
824824,2026-06-26,2026-06-26T23:05:00+00:00,2026-06-26 11:05 PM UTC,2026,Scheduled,Scheduled,Preview,N,night,1.0,Regular Season,Oriole Park at Camden Yards,120,Washington Nationals,WSH,,,110,Baltimore Orioles,BAL,,,
822796,2026-06-26,2026-06-26T23:07:00+00:00,2026-06-26 11:07 PM UTC,2026,Scheduled,Scheduled,Preview,N,night,2.0,Regular Season,Rogers Centre,140,Texas Rangers,TEX,,,141,Toronto Blue Jays,TOR,,,
822962,2026-06-26,2026-06-26T23:10:00+00:00,2026-06-26 11:10 PM UTC,2026,Scheduled,Scheduled,Preview,N,night,1.0,Regular Season,Tropicana Field,109,Arizona Diamondbacks,AZ,,,139,Tampa Bay Rays,TB,,,
823610,2026-06-26,2026-06-26T23:10:00+00:00,2026-06-26 11:10 PM UTC,2026,Scheduled,Scheduled,Preview,N,night,1.0,Regular Season,Citi Field,143,Philadelphia Phillies,PHI,,,121,New York Mets,NYM,,,
824423,2026-06-26,2026-06-26T23:10:00+00:00,2026-06-26 11:10 PM UTC,2026,Scheduled,Scheduled,Preview,N,night,1.0,Regular Season,Progressive Field,136,Seattle Mariners,SEA,,,114,Cleveland Guardians,CLE,,,
824743,2026-06-26,2026-06-26T23:10:00+00:00,2026-06-26 11:10 PM UTC,2026,Scheduled,Scheduled,Preview,N,night,2.0,Regular Season,Fenway Park,147,New York Yankees,NYY,,,111,Boston Red Sox,BOS,,,
824582,2026-06-26,2026-06-26T23:40:00+00:00,2026-06-26 11:40 PM UTC,2026,Scheduled,Scheduled,Preview,N,night,1.0,Regular Season,Rate Field,118,Kansas City Royals,KC,,,145,Chicago White Sox,CWS,,,
823773,2026-06-26,2026-06-26T23:45:00+00:00,2026-06-26 11:45 PM UTC,2026,Scheduled,Scheduled,Preview,N,night,1.0,Regular Season,American Family Field,112,Chicago Cubs,CHC,,,158,Milwaukee Brewers,MIL,,,
823688,2026-06-26,2026-06-27T00:10:00+00:00,2026-06-27 12:10 AM UTC,2026,Scheduled,Scheduled,Preview,N,night,1.0,Regular Season,Target Field,115,Colorado Rockies,COL,,,142,Minnesota Twins,MIN,,,
823039,2026-06-26,2026-06-27T00:15:00+00:00,2026-06-27 12:15 AM UTC,2026,Scheduled,Scheduled,Preview,N,night,1.0,Regular Season,Busch Stadium,146,Miami Marlins,MIA,,,138,St. Louis Cardinals,STL,,,
824014,2026-06-26,2026-06-27T01:38:00+00:00,2026-06-27 01:38 AM UTC,2026,Scheduled,Scheduled,Preview,N,night,1.0,Regular Season,Angel Stadium,133,Athletics,ATH,,,108,Los Angeles Angels,LAA,,,
823285,2026-06-26,2026-06-27T01:45:00+00:00,2026-06-27 01:45 AM UTC,2026,Scheduled,Scheduled,Preview,N,night,1.0,Regular Season,Petco Park,119,Los Angeles Dodgers,LAD,,,135,San Diego Padres,SD,,,
823206,2026-06-26,2026-06-27T02:15:00+00:00,2026-06-27 02:15 AM UTC,2026,Scheduled,Scheduled,Preview,N,night,1.0,Regular Season,Oracle Park,144,Atlanta Braves,ATL,,,137,San Francisco Giants,SF,,,
824257,2026-06-27,2026-06-27T17:10:00+00:00,2026-06-27 05:10 PM UTC,2026,Scheduled,Scheduled,Preview,N,day,3.0,Regular Season,Comerica Park,117,Houston Astros,HOU,,,116,Detroit Tigers,DET,,,
824745,2026-06-27,2026-06-27T17:10:00+00:00,2026-06-27 05:10 PM UTC,2026,Scheduled,Scheduled,Preview,N,day,3.0,Regular Season,Fenway Park,147,New York Yankees,NYY,,,111,Boston Red Sox,BOS,,,
822794,2026-06-27,2026-06-27T19:07:00+00:00,2026-06-27 07:07 PM UTC,2026,Scheduled,Scheduled,Preview,N,day,3.0,Regular Season,Rogers Centre,140,Texas Rangers,TEX,,,141,Toronto Blue Jays,TOR,,,
823364,2026-06-27,2026-06-27T20:05:00+00:00,2026-06-27 08:05 PM UTC,2026,Scheduled,Scheduled,Preview,N,day,2.0,Regular Season,PNC Park,113,Cincinnati Reds,CIN,,,134,Pittsburgh Pirates,PIT,,,
823609,2026-06-27,2026-06-27T20:10:00+00:00,2026-06-27 08:10 PM UTC,2026,Scheduled,Scheduled,Preview,N,day,2.0,Regular Season,Citi Field,143,Philadelphia Phillies,PHI,,,121,New York Mets,NYM,,,
824581,2026-06-27,2026-06-27T20:10:00+00:00,2026-06-27 08:10 PM UTC,2026,Scheduled,Scheduled,Preview,N,day,2.0,Regular Season,Rate Field,118,Kansas City Royals,KC,,,145,Chicago White Sox,CWS,,,
822960,2026-06-27,2026-06-27T22:10:00+00:00,2026-06-27 10:10 PM UTC,2026,Scheduled,Scheduled,Preview,N,night,2.0,Regular Season,Tropicana Field,109,Arizona Diamondbacks,AZ,,,139,Tampa Bay Rays,TB,,,
824825,2026-06-27,2026-06-27T23:05:00+00:00,2026-06-27 11:05 PM UTC,2026,Scheduled,Scheduled,Preview,N,night,2.0,Regular Season,Oriole Park at Camden Yards,120,Washington Nationals,WSH,,,110,Baltimore Orioles,BAL,,,
823689,2026-06-27,2026-06-27T23:10:00+00:00,2026-06-27 11:10 PM UTC,2026,Scheduled,Scheduled,Preview,N,night,2.0,Regular Season,Target Field,115,Colorado Rockies,COL,,,142,Minnesota Twins,MIN,,,
823770,2026-06-27,2026-06-27T23:10:00+00:00,2026-06-27 11:10 PM UTC,2026,Scheduled,Scheduled,Preview,N,night,2.0,Regular Season,American Family Field,112,Chicago Cubs,CHC,,,158,Milwaukee Brewers,MIL,,,
824421,2026-06-27,2026-06-27T23:10:00+00:00,2026-06-27 11:10 PM UTC,2026,Scheduled,Scheduled,Preview,N,night,2.0,Regular Season,Progressive Field,136,Seattle Mariners,SEA,,,114,Cleveland Guardians,CLE,,,
823038,2026-06-27,2026-06-27T23:15:00+00:00,2026-06-27 11:15 PM UTC,2026,Scheduled,Scheduled,Preview,N,night,2.0,Regular Season,Busch Stadium,146,Miami Marlins,MIA,,,138,St. Louis Cardinals,STL,,,
823283,2026-06-27,2026-06-28T00:40:00+00:00,2026-06-28 12:40 AM UTC,2026,Scheduled,Scheduled,Preview,N,night,2.0,Regular Season,Petco Park,119,Los Angeles Dodgers,LAD,,,135,San Diego Padres,SD,,,
823207,2026-06-27,2026-06-28T01:05:00+00:00,2026-06-28 01:05 AM UTC,2026,Scheduled,Scheduled,Preview,N,night,2.0,Regular Season,Oracle Park,144,Atlanta Braves,ATL,,,137,San Francisco Giants,SF,,,
824015,2026-06-27,2026-06-28T01:38:00+00:00,2026-06-28 01:38 AM UTC,2026,Scheduled,Scheduled,Preview,N,night,2.0,Regular Season,Angel Stadium,133,Athletics,ATH,,,108,Los Angeles Angels,LAA,,,
823362,2026-06-28,2026-06-28T17:35:00+00:00,2026-06-28 05:35 PM UTC,2026,Scheduled,Scheduled,Preview,N,day,3.0,Regular Season,PNC Park,113,Cincinnati Reds,CIN,,,134,Pittsburgh Pirates,PIT,,,
824821,2026-06-28,2026-06-28T17:35:00+00:00,2026-06-28 05:35 PM UTC,2026,Scheduled,Scheduled,Preview,N,day,3.0,Regular Season,Oriole Park at Camden Yards,120,Washington Nationals,WSH,,,110,Baltimore Orioles,BAL,,,
822795,2026-06-28,2026-06-28T17:37:00+00:00,2026-06-28 05:37 PM UTC,2026,Scheduled,Scheduled,Preview,N,day,4.0,Regular Season,Rogers Centre,140,Texas Rangers,TEX,,,141,Toronto Blue Jays,TOR,,,
822959,2026-06-28,2026-06-28T17:40:00+00:00,2026-06-28 05:40 PM UTC,2026,Scheduled,Scheduled,Preview,N,day,3.0,Regular Season,Tropicana Field,109,Arizona Diamondbacks,AZ,,,139,Tampa Bay Rays,TB,,,
823608,2026-06-28,2026-06-28T17:40:00+00:00,2026-06-28 05:40 PM UTC,2026,Scheduled,Scheduled,Preview,N,day,3.0,Regular Season,Citi Field,143,Philadelphia Phillies,PHI,,,121,New York Mets,NYM,,,
824256,2026-06-28,2026-06-28T17:40:00+00:00,2026-06-28 05:40 PM UTC,2026,Scheduled,Scheduled,Preview,N,day,4.0,Regular Season,Comerica Park,117,Houston Astros,HOU,,,116,Detroit Tigers,DET,,,
824422,2026-06-28,2026-06-28T17:40:00+00:00,2026-06-28 05:40 PM UTC,2026,Scheduled,Scheduled,Preview,N,day,3.0,Regular Season,Progressive Field,136,Seattle Mariners,SEA,,,114,Cleveland Guardians,CLE,,,
823686,2026-06-28,2026-06-28T18:10:00+00:00,2026-06-28 06:10 PM UTC,2026,Scheduled,Scheduled,Preview,N,day,3.0,Regular Season,Target Field,115,Colorado Rockies,COL,,,142,Minnesota Twins,MIN,,,
823769,2026-06-28,2026-06-28T18:10:00+00:00,2026-06-28 06:10 PM UTC,2026,Scheduled,Scheduled,Preview,N,day,3.0,Regular Season,American Family Field,112,Chicago Cubs,CHC,,,158,Milwaukee Brewers,MIL,,,
824580,2026-06-28,2026-06-28T18:10:00+00:00,2026-06-28 06:10 PM UTC,2026,Scheduled,Scheduled,Preview,N,day,3.0,Regular Season,Rate Field,118,Kansas City Royals,KC,,,145,Chicago White Sox,CWS,,,
823037,2026-06-28,2026-06-28T18:15:00+00:00,2026-06-28 06:15 PM UTC,2026,Scheduled,Scheduled,Preview,N,day,3.0,Regular Season,Busch Stadium,146,Miami Marlins,MIA,,,138,St. Louis Cardinals,STL,,,
824011,2026-06-28,2026-06-28T19:15:00+00:00,2026-06-28 07:15 PM UTC,2026,Scheduled,Scheduled,Preview,N,day,3.0,Regular Season,Angel Stadium,133,Athletics,ATH,,,108,Los Angeles Angels,LAA,,,
823204,2026-06-28,2026-06-28T20:05:00+00:00,2026-06-28 08:05 PM UTC,2026,Scheduled,Scheduled,Preview,N,day,3.0,Regular Season,Oracle Park,144,Atlanta Braves,ATL,,,137,San Francisco Giants,SF,,,
823281,2026-06-28,2026-06-28T20:10:00+00:00,2026-06-28 08:10 PM UTC,2026,Scheduled,Scheduled,Preview,N,day,3.0,Regular Season,Petco Park,119,Los Angeles Dodgers,LAD,,,135,San Diego Padres,SD,,,
824744,2026-06-28,2026-06-28T23:20:00+00:00,2026-06-28 11:20 PM UTC,2026,Scheduled,Scheduled,Preview,N,night,4.0,Regular Season,Fenway Park,147,New York Yankees,NYY,,,111,Boston Red Sox,BOS,,,
824822,2026-06-29,2026-06-29T22:35:00+00:00,2026-06-29 10:35 PM UTC,2026,Scheduled,Scheduled,Preview,N,night,1.0,Regular Season,Oriole Park at Camden Yards,145,Chicago White Sox,CWS,,,110,Baltimore Orioles,BAL,,,
823444,2026-06-29,2026-06-29T22:40:00+00:00,2026-06-29 10:40 PM UTC,2026,Scheduled,Scheduled,Preview,N,night,1.0,Regular Season,Citizens Bank Park,134,Pittsburgh Pirates,PIT,,,143,Philadelphia Phillies,PHI,,,
823529,2026-06-29,2026-06-29T23:05:00+00:00,2026-06-29 11:05 PM UTC,2026,Scheduled,Scheduled,Preview,N,night,1.0,Regular Season,Yankee Stadium,116,Detroit Tigers,DET,,,147,New York Yankees,NYY,,,
822792,2026-06-29,2026-06-29T23:07:00+00:00,2026-06-29 11:07 PM UTC,2026,Scheduled,Scheduled,Preview,N,night,1.0,Regular Season,Rogers Centre,121,New York Mets,NYM,,,141,Toronto Blue Jays,TOR,,,
824420,2026-06-29,2026-06-29T23:10:00+00:00,2026-06-29 11:10 PM UTC,2026,Scheduled,Scheduled,Preview,N,night,1.0,Regular Season,Progressive Field,140,Texas Rangers,TEX,,,114,Cleveland Guardians,CLE,,,
824741,2026-06-29,2026-06-29T23:10:00+00:00,2026-06-29 11:10 PM UTC,2026,Scheduled,Scheduled,Preview,N,night,1.0,Regular Season,Fenway Park,120,Washington Nationals,WSH,,,111,Boston Red Sox,BOS,,,
823771,2026-06-29,2026-06-29T23:40:00+00:00,2026-06-29 11:40 PM UTC,2026,Scheduled,Scheduled,Preview,N,night,1.0,Regular Season,American Family Field,113,Cincinnati Reds,CIN,,,158,Milwaukee Brewers,MIL,,,
824662,2026-06-29,2026-06-30T00:05:00+00:00,2026-06-30 12:05 AM UTC,2026,Scheduled,Scheduled,Preview,N,night,1.0,Regular Season,Wrigley Field,135,San Diego Padres,SD,,,112,Chicago Cubs,CHC,,,
824176,2026-06-29,2026-06-30T00:10:00+00:00,2026-06-30 12:10 AM UTC,2026,Scheduled,Scheduled,Preview,N,night,1.0,Regular Season,Daikin Park,142,Minnesota Twins,MIN,,,117,Houston Astros,HOU,,,
824339,2026-06-29,2026-06-30T00:40:00+00:00,2026-06-30 12:40 AM UTC,2026,Scheduled,Scheduled,Preview,N,night,1.0,Regular Season,Coors Field,146,Miami Marlins,MIA,,,115,Colorado Rockies,COL,,,
823121,2026-06-29,2026-06-30T01:40:00+00:00,2026-06-30 01:40 AM UTC,2026,Scheduled,Scheduled,Preview,N,night,1.0,Regular Season,T-Mobile Park,108,Los Angeles Angels,LAA,,,136,Seattle Mariners,SEA,,,
824986,2026-06-29,2026-06-30T01:40:00+00:00,2026-06-30 01:40 AM UTC,2026,Scheduled,Scheduled,Preview,N,night,1.0,Regular Season,Sutter Health Park,119,Los Angeles Dodgers,LAD,,,133,Athletics,ATH,,,
825065,2026-06-29,2026-06-30T01:40:00+00:00,2026-06-30 01:40 AM UTC,2026,Scheduled,Scheduled,Preview,N,night,1.0,Regular Season,Chase Field,137,San Francisco Giants,SF,,,109,Arizona Diamondbacks,AZ,,,
824819,2026-06-30,2026-06-30T22:35:00+00:00,2026-06-30 10:35 PM UTC,2026,Scheduled,Scheduled,Preview,N,night,2.0,Regular Season,Oriole Park at Camden Yards,145,Chicago White Sox,CWS,,,110,Baltimore Orioles,BAL,,,
823445,2026-06-30,2026-06-30T22:40:00+00:00,2026-06-30 10:40 PM UTC,2026,Scheduled,Scheduled,Preview,N,night,2.0,Regular Season,Citizens Bank Park,134,Pittsburgh Pirates,PIT,,,143,Philadelphia Phillies,PHI,,,
824418,2026-06-30,2026-06-30T22:40:00+00:00,2026-06-30 10:40 PM UTC,2026,Scheduled,Scheduled,Preview,N,night,2.0,Regular Season,Progressive Field,140,Texas Rangers,TEX,,,114,Cleveland Guardians,CLE,,,
823528,2026-06-30,2026-06-30T23:05:00+00:00,2026-06-30 11:05 PM UTC,2026,Scheduled,Scheduled,Preview,N,night,2.0,Regular Season,Yankee Stadium,116,Detroit Tigers,DET,,,147,New York Yankees,NYY,,,
822793,2026-06-30,2026-06-30T23:07:00+00:00,2026-06-30 11:07 PM UTC,2026,Scheduled,Scheduled,Preview,N,night,2.0,Regular Season,Rogers Centre,121,New York Mets,NYM,,,141,Toronto Blue Jays,TOR,,,
824742,2026-06-30,2026-06-30T23:10:00+00:00,2026-06-30 11:10 PM UTC,2026,Scheduled,Scheduled,Preview,N,night,2.0,Regular Season,Fenway Park,120,Washington Nationals,WSH,,,111,Boston Red Sox,BOS,,,
824907,2026-06-30,2026-06-30T23:15:00+00:00,2026-06-30 11:15 PM UTC,2026,Scheduled,Scheduled,Preview,N,night,1.0,Regular Season,Truist Park,138,St. Louis Cardinals,STL,,,144,Atlanta Braves,ATL,,,
823768,2026-06-30,2026-06-30T23:40:00+00:00,2026-06-30 11:40 PM UTC,2026,Scheduled,Scheduled,Preview,N,night,2.0,Regular Season,American Family Field,113,Cincinnati Reds,CIN,,,158,Milwaukee Brewers,MIL,,,
824096,2026-06-30,2026-06-30T23:40:00+00:00,2026-06-30 11:40 PM UTC,2026,Scheduled,Scheduled,Preview,N,night,1.0,Regular Season,Kauffman Stadium,139,Tampa Bay Rays,TB,,,118,Kansas City Royals,KC,,,
824661,2026-06-30,2026-07-01T00:05:00+00:00,2026-07-01 12:05 AM UTC,2026,Scheduled,Scheduled,Preview,N,night,2.0,Regular Season,Wrigley Field,135,San Diego Padres,SD,,,112,Chicago Cubs,CHC,,,
824175,2026-06-30,2026-07-01T00:10:00+00:00,2026-07-01 12:10 AM UTC,2026,Scheduled,Scheduled,Preview,N,night,2.0,Regular Season,Daikin Park,142,Minnesota Twins,MIN,,,117,Houston Astros,HOU,,,
824338,2026-06-30,2026-07-01T00:40:00+00:00,2026-07-01 12:40 AM UTC,2026,Scheduled,Scheduled,Preview,N,night,2.0,Regular Season,Coors Field,146,Miami Marlins,MIA,,,115,Colorado Rockies,COL,,,
823122,2026-06-30,2026-07-01T01:40:00+00:00,2026-07-01 01:40 AM UTC,2026,Scheduled,Scheduled,Preview,N,night,2.0,Regular Season,T-Mobile Park,108,Los Angeles Angels,LAA,,,136,Seattle Mariners,SEA,,,
824984,2026-06-30,2026-07-01T01:40:00+00:00,2026-07-01 01:40 AM UTC,2026,Scheduled,Scheduled,Preview,N,night,2.0,Regular Season,Sutter Health Park,119,Los Angeles Dodgers,LAD,,,133,Athletics,ATH,,,
825066,2026-06-30,2026-07-01T01:40:00+00:00,2026-07-01 01:40 AM UTC,2026,Scheduled,Scheduled,Preview,N,night,2.0,Regular Season,Chase Field,137,San Francisco Giants,SF,,,109,Arizona Diamondbacks,AZ,,,
824818,2026-07-01,2026-07-01T16:35:00+00:00,2026-07-01 04:35 PM UTC,2026,Scheduled,Scheduled,Preview,N,day,3.0,Regular Season,Oriole Park at Camden Yards,145,Chicago White Sox,CWS,,,110,Baltimore Orioles,BAL,,,
824419,2026-07-01,2026-07-01T17:10:00+00:00,2026-07-01 05:10 PM UTC,2026,Scheduled,Scheduled,Preview,N,day,3.0,Regular Season,Progressive Field,140,Texas Rangers,TEX,,,114,Cleveland Guardians,CLE,,,
823530,2026-07-01,2026-07-01T17:35:00+00:00,2026-07-01 05:35 PM UTC,2026,Scheduled,Scheduled,Preview,N,day,3.0,Regular Season,Yankee Stadium,116,Detroit Tigers,DET,,,147,New York Yankees,NYY,,,
824740,2026-07-01,2026-07-01T17:35:00+00:00,2026-07-01 05:35 PM UTC,2026,Scheduled,Scheduled,Preview,N,day,3.0,Regular Season,Fenway Park,120,Washington Nationals,WSH,,,111,Boston Red Sox,BOS,,,
824660,2026-07-01,2026-07-01T18:20:00+00:00,2026-07-01 06:20 PM UTC,2026,Scheduled,Scheduled,Preview,N,day,3.0,Regular Season,Wrigley Field,135,San Diego Padres,SD,,,112,Chicago Cubs,CHC,,,
822791,2026-07-01,2026-07-01T19:07:00+00:00,2026-07-01 07:07 PM UTC,2026,Scheduled,Scheduled,Preview,N,day,3.0,Regular Season,Rogers Centre,121,New York Mets,NYM,,,141,Toronto Blue Jays,TOR,,,
823446,2026-07-01,2026-07-01T22:40:00+00:00,2026-07-01 10:40 PM UTC,2026,Scheduled,Scheduled,Preview,N,night,3.0,Regular Season,Citizens Bank Park,134,Pittsburgh Pirates,PIT,,,143,Philadelphia Phillies,PHI,,,
824905,2026-07-01,2026-07-01T23:15:00+00:00,2026-07-01 11:15 PM UTC,2026,Scheduled,Scheduled,Preview,N,night,2.0,Regular Season,Truist Park,138,St. Louis Cardinals,STL,,,144,Atlanta Braves,ATL,,,
824094,2026-07-01,2026-07-01T23:40:00+00:00,2026-07-01 11:40 PM UTC,2026,Scheduled,Scheduled,Preview,N,night,2.0,Regular Season,Kauffman Stadium,139,Tampa Bay Rays,TB,,,118,Kansas City Royals,KC,,,
823767,2026-07-01,2026-07-02T00:10:00+00:00,2026-07-02 12:10 AM UTC,2026,Scheduled,Scheduled,Preview,N,night,3.0,Regular Season,American Family Field,113,Cincinnati Reds,CIN,,,158,Milwaukee Brewers,MIL,,,
824174,2026-07-01,2026-07-02T00:10:00+00:00,2026-07-02 12:10 AM UTC,2026,Scheduled,Scheduled,Preview,N,night,3.0,Regular Season,Daikin Park,142,Minnesota Twins,MIN,,,117,Houston Astros,HOU,,,
824337,2026-07-01,2026-07-02T00:40:00+00:00,2026-07-02 12:40 AM UTC,2026,Scheduled,Scheduled,Preview,N,night,3.0,Regular Season,Coors Field,146,Miami Marlins,MIA,,,115,Colorado Rockies,COL,,,
824985,2026-07-01,2026-07-02T01:40:00+00:00,2026-07-02 01:40 AM UTC,2026,Scheduled,Scheduled,Preview,N,night,3.0,Regular Season,Sutter Health Park,119,Los Angeles Dodgers,LAD,,,133,Athletics,ATH,,,
825064,2026-07-01,2026-07-02T01:40:00+00:00,2026-07-02 01:40 AM UTC,2026,Scheduled,Scheduled,Preview,N,night,3.0,Regular Season,Chase Field,137,San Francisco Giants,SF,,,109,Arizona Diamondbacks,AZ,,,
823442,2026-07-02,2026-07-02T16:35:00+00:00,2026-07-02 04:35 PM UTC,2026,Scheduled,Scheduled,Preview,N,day,4.0,Regular Season,Citizens Bank Park,134,Pittsburgh Pirates,PIT,,,143,Philadelphia Phillies,PHI,,,
823765,2026-07-02,2026-07-02T18:10:00+00:00,2026-07-02 06:10 PM UTC,2026,Scheduled,Scheduled,Preview,N,day,4.0,Regular Season,American Family Field,113,Cincinnati Reds,CIN,,,158,Milwaukee Brewers,MIL,,,
824335,2026-07-02,2026-07-02T19:10:00+00:00,2026-07-02 07:10 PM UTC,2026,Scheduled,Scheduled,Preview,N,day,4.0,Regular Season,Coors Field,146,Miami Marlins,MIA,,,115,Colorado Rockies,COL,,,
824416,2026-07-02,2026-07-02T22:40:00+00:00,2026-07-02 10:40 PM UTC,2026,Scheduled,Scheduled,Preview,N,night,1.0,Regular Season,Progressive Field,145,Chicago White Sox,CWS,,,114,Cleveland Guardians,CLE,,,
824906,2026-07-02,2026-07-02T23:15:00+00:00,2026-07-02 11:15 PM UTC,2026,Scheduled,Scheduled,Preview,N,night,3.0,Regular Season,Truist Park,138,St. Louis Cardinals,STL,,,144,Atlanta Braves,ATL,,,
824093,2026-07-02,2026-07-02T23:40:00+00:00,2026-07-02 11:40 PM UTC,2026,Scheduled,Scheduled,Preview,N,night,3.0,Regular Season,Kauffman Stadium,139,Tampa Bay Rays,TB,,,118,Kansas City Royals,KC,,,
822884,2026-07-02,2026-07-03T00:05:00+00:00,2026-07-03 12:05 AM UTC,2026,Scheduled,Scheduled,Preview,N,night,1.0,Regular Season,Globe Life Field,116,Detroit Tigers,DET,,,140,Texas Rangers,TEX,,,
823119,2026-07-02,2026-07-03T01:40:00+00:00,2026-07-03 01:40 AM UTC,2026,Scheduled,Scheduled,Preview,N,night,3.0,Regular Season,T-Mobile Park,108,Los Angeles Angels,LAA,,,136,Seattle Mariners,SEA,,,
823935,2026-07-02,2026-07-03T02:10:00+00:00,2026-07-03 02:10 AM UTC,2026,Scheduled,Scheduled,Preview,N,night,1.0,Regular Season,UNIQLO Field at Dodger Stadium,135,San Diego Padres,SD,,,119,Los Angeles Dodgers,LAD,,,
824659,2026-07-03,2026-07-03T20:05:00+00:00,2026-07-03 08:05 PM UTC,2026,Scheduled,Scheduled,Preview,N,day,1.0,Regular Season,Wrigley Field,138,St. Louis Cardinals,STL,,,112,Chicago Cubs,CHC,,,
822714,2026-07-03,2026-07-03T22:45:00+00:00,2026-07-03 10:45 PM UTC,2026,Scheduled,Scheduled,Preview,N,night,1.0,Regular Season,Nationals Park,134,Pittsburgh Pirates,PIT,,,120,Washington Nationals,WSH,,,
823527,2026-07-03,2026-07-03T23:05:00+00:00,2026-07-03 11:05 PM UTC,2026,Scheduled,Scheduled,Preview,N,night,1.0,Regular Season,Yankee Stadium,142,Minnesota Twins,MIN,,,147,New York Yankees,NYY,,,
824417,2026-07-03,2026-07-03T23:10:00+00:00,2026-07-03 11:10 PM UTC,2026,Scheduled,Scheduled,Preview,N,night,2.0,Regular Season,Progressive Field,145,Chicago White Sox,CWS,,,114,Cleveland Guardians,CLE,,,
824498,2026-07-03,2026-07-03T23:10:00+00:00,2026-07-03 11:10 PM UTC,2026,Scheduled,Scheduled,Preview,N,night,1.0,Regular Season,Great American Ball Park,110,Baltimore Orioles,BAL,,,113,Cincinnati Reds,CIN,,,
824904,2026-07-03,2026-07-03T23:15:00+00:00,2026-07-03 11:15 PM UTC,2026,Scheduled,Scheduled,Preview,N,night,1.0,Regular Season,Truist Park,121,New York Mets,NYM,,,144,Atlanta Braves,ATL,,,
824173,2026-07-03,2026-07-04T00:10:00+00:00,2026-07-04 12:10 AM UTC,2026,Scheduled,Scheduled,Preview,N,night,1.0,Regular Season,Daikin Park,139,Tampa Bay Rays,TB,,,117,Houston Astros,HOU,,,
824336,2026-07-03,2026-07-04T00:10:00+00:00,2026-07-04 12:10 AM UTC,2026,Scheduled,Scheduled,Preview,N,night,1.0,Regular Season,Coors Field,137,San Francisco Giants,SF,,,115,Colorado Rockies,COL,,,
824013,2026-07-03,2026-07-04T01:38:00+00:00,2026-07-04 01:38 AM UTC,2026,Scheduled,Scheduled,Preview,N,night,1.0,Regular Season,Angel Stadium,111,Boston Red Sox,BOS,,,108,Los Angeles Angels,LAA,,,
824982,2026-07-03,2026-07-04T01:40:00+00:00,2026-07-04 01:40 AM UTC,2026,Scheduled,Scheduled,Preview,N,night,1.0,Regular Season,Sutter Health Park,146,Miami Marlins,MIA,,,133,Athletics,ATH,,,
825062,2026-07-03,2026-07-04T01:40:00+00:00,2026-07-04 01:40 AM UTC,2026,Scheduled,Scheduled,Preview,N,night,1.0,Regular Season,Chase Field,158,Milwaukee Brewers,MIL,,,109,Arizona Diamondbacks,AZ,,,
823120,2026-07-03,2026-07-04T02:10:00+00:00,2026-07-04 02:10 AM UTC,2026,Scheduled,Scheduled,Preview,N,night,1.0,Regular Season,T-Mobile Park,141,Toronto Blue Jays,TOR,,,136,Seattle Mariners,SEA,,,
823933,2026-07-03,2026-07-04T02:10:00+00:00,2026-07-04 02:10 AM UTC,2026,Scheduled,Scheduled,Preview,N,night,2.0,Regular Season,UNIQLO Field at Dodger Stadium,135,San Diego Padres,SD,,,119,Los Angeles Dodgers,LAD,,,
822716,2026-07-04,2026-07-04T15:05:00+00:00,2026-07-04 03:05 PM UTC,2026,Scheduled,Scheduled,Preview,N,day,2.0,Regular Season,Nationals Park,134,Pittsburgh Pirates,PIT,,,120,Washington Nationals,WSH,,,
823526,2026-07-04,2026-07-04T17:35:00+00:00,2026-07-04 05:35 PM UTC,2026,Scheduled,Scheduled,Preview,N,day,2.0,Regular Season,Yankee Stadium,142,Minnesota Twins,MIN,,,147,New York Yankees,NYY,,,
822882,2026-07-04,2026-07-04T20:05:00+00:00,2026-07-04 08:05 PM UTC,2026,Scheduled,Scheduled,Preview,N,day,2.0,Regular Season,Globe Life Field,116,Detroit Tigers,DET,,,140,Texas Rangers,TEX,,,
823118,2026-07-04,2026-07-04T20:10:00+00:00,2026-07-04 08:10 PM UTC,2026,Scheduled,Scheduled,Preview,N,day,2.0,Regular Season,T-Mobile Park,141,Toronto Blue Jays,TOR,,,136,Seattle Mariners,SEA,,,
824171,2026-07-04,2026-07-04T23:10:00+00:00,2026-07-04 11:10 PM UTC,2026,Scheduled,Scheduled,Preview,N,night,2.0,Regular Season,Daikin Park,139,Tampa Bay Rays,TB,,,117,Houston Astros,HOU,,,
824415,2026-07-04,2026-07-04T23:10:00+00:00,2026-07-04 11:10 PM UTC,2026,Scheduled,Scheduled,Preview,N,night,3.0,Regular Season,Progressive Field,145,Chicago White Sox,CWS,,,114,Cleveland Guardians,CLE,,,
824499,2026-07-04,2026-07-04T23:10:00+00:00,2026-07-04 11:10 PM UTC,2026,Scheduled,Scheduled,Preview,N,night,2.0,Regular Season,Great American Ball Park,110,Baltimore Orioles,BAL,,,113,Cincinnati Reds,CIN,,,
824658,2026-07-04,2026-07-05T00:08:00+00:00,2026-07-05 12:08 AM UTC,2026,Scheduled,Scheduled,Preview,N,night,2.0,Regular Season,Wrigley Field,138,St. Louis Cardinals,STL,,,112,Chicago Cubs,CHC,,,
824903,2026-07-04,2026-07-05T00:08:00+00:00,2026-07-05 12:08 AM UTC,2026,Scheduled,Scheduled,Preview,N,night,2.0,Regular Season,Truist Park,121,New York Mets,NYM,,,144,Atlanta Braves,ATL,,,
824092,2026-07-04,2026-07-05T00:10:00+00:00,2026-07-05 12:10 AM UTC,2026,Scheduled,Scheduled,Preview,N,night,1.0,Regular Season,Kauffman Stadium,143,Philadelphia Phillies,PHI,,,118,Kansas City Royals,KC,,,
824334,2026-07-04,2026-07-05T00:10:00+00:00,2026-07-05 12:10 AM UTC,2026,Scheduled,Scheduled,Preview,N,night,2.0,Regular Season,Coors Field,137,San Francisco Giants,SF,,,115,Colorado Rockies,COL,,,
824012,2026-07-04,2026-07-05T01:38:00+00:00,2026-07-05 01:38 AM UTC,2026,Scheduled,Scheduled,Preview,N,night,2.0,Regular Season,Angel Stadium,111,Boston Red Sox,BOS,,,108,Los Angeles Angels,LAA,,,
824983,2026-07-04,2026-07-05T01:40:00+00:00,2026-07-05 01:40 AM UTC,2026,Scheduled,Scheduled,Preview,N,night,2.0,Regular Season,Sutter Health Park,146,Miami Marlins,MIA,,,133,Athletics,ATH,,,
825063,2026-07-04,2026-07-05T01:40:00+00:00,2026-07-05 01:40 AM UTC,2026,Scheduled,Scheduled,Preview,N,night,2.0,Regular Season,Chase Field,158,Milwaukee Brewers,MIL,,,109,Arizona Diamondbacks,AZ,,,
823932,2026-07-04,2026-07-05T02:10:00+00:00,2026-07-05 02:10 AM UTC,2026,Scheduled,Scheduled,Preview,N,night,3.0,Regular Season,UNIQLO Field at Dodger Stadium,135,San Diego Padres,SD,,,119,Los Angeles Dodgers,LAD,,,
824902,2026-07-05,2026-07-05T16:30:00+00:00,2026-07-05 04:30 PM UTC,2026,Scheduled,Scheduled,Preview,N,day,3.0,Regular Season,Truist Park,121,New York Mets,NYM,,,144,Atlanta Braves,ATL,,,
822715,2026-07-05,2026-07-05T17:00:00+00:00,2026-07-05 05:00 PM UTC,2026,Scheduled,Scheduled,Preview,N,day,3.0,Regular Season,Nationals Park,134,Pittsburgh Pirates,PIT,,,120,Washington Nationals,WSH,,,
824497,2026-07-05,2026-07-05T17:00:00+00:00,2026-07-05 05:00 PM UTC,2026,Scheduled,Scheduled,Preview,N,day,3.0,Regular Season,Great American Ball Park,110,Baltimore Orioles,BAL,,,113,Cincinnati Reds,CIN,,,
823525,2026-07-05,2026-07-05T17:35:00+00:00,2026-07-05 05:35 PM UTC,2026,Scheduled,Scheduled,Preview,N,day,3.0,Regular Season,Yankee Stadium,142,Minnesota Twins,MIN,,,147,New York Yankees,NYY,,,
824413,2026-07-05,2026-07-05T18:00:00+00:00,2026-07-05 06:00 PM UTC,2026,Scheduled,Scheduled,Preview,N,day,4.0,Regular Season,Progressive Field,145,Chicago White Sox,CWS,,,114,Cleveland Guardians,CLE,,,
824656,2026-07-05,2026-07-05T18:30:00+00:00,2026-07-05 06:30 PM UTC,2026,Scheduled,Scheduled,Preview,N,day,3.0,Regular Season,Wrigley Field,138,St. Louis Cardinals,STL,,,112,Chicago Cubs,CHC,,,
824091,2026-07-05,2026-07-05T19:00:00+00:00,2026-07-05 07:00 PM UTC,2026,Scheduled,Scheduled,Preview,N,day,2.0,Regular Season,Kauffman Stadium,143,Philadelphia Phillies,PHI,,,118,Kansas City Royals,KC,,,
822879,2026-07-05,2026-07-05T19:30:00+00:00,2026-07-05 07:30 PM UTC,2026,Scheduled,Scheduled,Preview,N,day,3.0,Regular Season,Globe Life Field,116,Detroit Tigers,DET,,,140,Texas Rangers,TEX,,,
824172,2026-07-05,2026-07-05T19:30:00+00:00,2026-07-05 07:30 PM UTC,2026,Scheduled,Scheduled,Preview,N,day,3.0,Regular Season,Daikin Park,139,Tampa Bay Rays,TB,,,117,Houston Astros,HOU,,,
824333,2026-07-05,2026-07-05T20:00:00+00:00,2026-07-05 08:00 PM UTC,2026,Scheduled,Scheduled,Preview,N,day,3.0,Regular Season,Coors Field,137,San Francisco Giants,SF,,,115,Colorado Rockies,COL,,,
825061,2026-07-05,2026-07-05T20:10:00+00:00,2026-07-05 08:10 PM UTC,2026,Scheduled,Scheduled,Preview,N,day,3.0,Regular Season,Chase Field,158,Milwaukee Brewers,MIL,,,109,Arizona Diamondbacks,AZ,,,
824980,2026-07-05,2026-07-05T20:30:00+00:00,2026-07-05 08:30 PM UTC,2026,Scheduled,Scheduled,Preview,N,day,3.0,Regular Season,Sutter Health Park,146,Miami Marlins,MIA,,,133,Athletics,ATH,,,
823117,2026-07-05,2026-07-05T21:00:00+00:00,2026-07-05 09:00 PM UTC,2026,Scheduled,Scheduled,Preview,N,day,3.0,Regular Season,T-Mobile Park,141,Toronto Blue Jays,TOR,,,136,Seattle Mariners,SEA,,,
823931,2026-07-05,2026-07-05T23:20:00+00:00,2026-07-05 11:20 PM UTC,2026,Scheduled,Scheduled,Preview,N,day,4.0,Regular Season,UNIQLO Field at Dodger Stadium,135,San Diego Padres,SD,,,119,Los Angeles Dodgers,LAD,,,
824010,2026-07-05,2026-07-06T01:30:00+00:00,2026-07-06 01:30 AM UTC,2026,Scheduled,Scheduled,Preview,N,night,3.0,Regular Season,Angel Stadium,111,Boston Red Sox,BOS,,,108,Los Angeles Angels,LAA,,,
824089,2026-07-06,2026-07-06T18:10:00+00:00,2026-07-06 06:10 PM UTC,2026,Scheduled,Scheduled,Preview,N,day,3.0,Regular Season,Kauffman Stadium,143,Philadelphia Phillies,PHI,,,118,Kansas City Royals,KC,,,
822958,2026-07-06,2026-07-06T22:40:00+00:00,2026-07-06 10:40 PM UTC,2026,Scheduled,Scheduled,Preview,N,night,1.0,Regular Season,Tropicana Field,147,New York Yankees,NYY,,,139,Tampa Bay Rays,TB,,,
822712,2026-07-06,2026-07-06T23:05:00+00:00,2026-07-06 11:05 PM UTC,2026,Scheduled,Scheduled,Preview,N,night,1.0,Regular Season,Nationals Park,117,Houston Astros,HOU,,,120,Washington Nationals,WSH,,,
824900,2026-07-06,2026-07-06T23:15:00+00:00,2026-07-06 11:15 PM UTC,2026,Scheduled,Scheduled,Preview,N,night,4.0,Regular Season,Truist Park,121,New York Mets,NYM,,,144,Atlanta Braves,ATL,,,
823036,2026-07-06,2026-07-06T23:45:00+00:00,2026-07-06 11:45 PM UTC,2026,Scheduled,Scheduled,Preview,N,night,1.0,Regular Season,Busch Stadium,158,Milwaukee Brewers,MIL,,,138,St. Louis Cardinals,STL,,,
823282,2026-07-06,2026-07-07T01:40:00+00:00,2026-07-07 01:40 AM UTC,2026,Scheduled,Scheduled,Preview,N,night,1.0,Regular Season,Petco Park,109,Arizona Diamondbacks,AZ,,,135,San Diego Padres,SD,,,
823205,2026-07-06,2026-07-07T01:45:00+00:00,2026-07-07 01:45 AM UTC,2026,Scheduled,Scheduled,Preview,N,night,1.0,Regular Season,Oracle Park,141,Toronto Blue Jays,TOR,,,137,San Francisco Giants,SF,,,
823930,2026-07-06,2026-07-07T02:10:00+00:00,2026-07-07 02:10 AM UTC,2026,Scheduled,Scheduled,Preview,N,night,1.0,Regular Season,UNIQLO Field at Dodger Stadium,115,Colorado Rockies,COL,,,119,Los Angeles Dodgers,LAD,,,
824820,2026-07-07,2026-07-07T22:35:00+00:00,2026-07-07 10:35 PM UTC,2026,Scheduled,Scheduled,Preview,N,night,1.0,Regular Season,Oriole Park at Camden Yards,112,Chicago Cubs,CHC,,,110,Baltimore Orioles,BAL,,,
822956,2026-07-07,2026-07-07T22:40:00+00:00,2026-07-07 10:40 PM UTC,2026,Scheduled,Scheduled,Preview,N,night,2.0,Regular Season,Tropicana Field,147,New York Yankees,NYY,,,139,Tampa Bay Rays,TB,,,
823361,2026-07-07,2026-07-07T22:40:00+00:00,2026-07-07 10:40 PM UTC,2026,Scheduled,Scheduled,Preview,N,night,1.0,Regular Season,PNC Park,144,Atlanta Braves,ATL,,,134,Pittsburgh Pirates,PIT,,,
823847,2026-07-07,2026-07-07T22:40:00+00:00,2026-07-07 10:40 PM UTC,2026,Scheduled,Scheduled,Preview,N,night,1.0,Regular Season,loanDepot park,136,Seattle Mariners,SEA,,,146,Miami Marlins,MIA,,,
824254,2026-07-07,2026-07-07T22:40:00+00:00,2026-07-07 10:40 PM UTC,2026,Scheduled,Scheduled,Preview,N,night,1.0,Regular Season,Comerica Park,133,Athletics,ATH,,,116,Detroit Tigers,DET,,,
822713,2026-07-07,2026-07-07T22:45:00+00:00,2026-07-07 10:45 PM UTC,2026,Scheduled,Scheduled,Preview,N,night,2.0,Regular Season,Nationals Park,117,Houston Astros,HOU,,,120,Washington Nationals,WSH,,,
823607,2026-07-07,2026-07-07T23:10:00+00:00,2026-07-07 11:10 PM UTC,2026,Scheduled,Scheduled,Preview,N,night,1.0,Regular Season,Citi Field,118,Kansas City Royals,KC,,,121,New York Mets,NYM,,,
824495,2026-07-07,2026-07-07T23:10:00+00:00,2026-07-07 11:10 PM UTC,2026,Scheduled,Scheduled,Preview,N,night,1.0,Regular Season,Great American Ball Park,143,Philadelphia Phillies,PHI,,,113,Cincinnati Reds,CIN,,,
823687,2026-07-07,2026-07-07T23:40:00+00:00,2026-07-07 11:40 PM UTC,2026,Scheduled,Scheduled,Preview,N,night,1.0,Regular Season,Target Field,114,Cleveland Guardians,CLE,,,142,Minnesota Twins,MIN,,,
824579,2026-07-07,2026-07-07T23:40:00+00:00,2026-07-07 11:40 PM UTC,2026,Scheduled,Scheduled,Preview,N,night,1.0,Regular Season,Rate Field,111,Boston Red Sox,BOS,,,145,Chicago White Sox,CWS,,,
823035,2026-07-07,2026-07-07T23:45:00+00:00,2026-07-07 11:45 PM UTC,2026,Scheduled,Scheduled,Preview,N,night,2.0,Regular Season,Busch Stadium,158,Milwaukee Brewers,MIL,,,138,St. Louis Cardinals,STL,,,
822881,2026-07-07,2026-07-08T00:05:00+00:00,2026-07-08 12:05 AM UTC,2026,Scheduled,Scheduled,Preview,N,night,1.0,Regular Season,Globe Life Field,108,Los Angeles Angels,LAA,,,140,Texas Rangers,TEX,,,
823280,2026-07-07,2026-07-08T01:40:00+00:00,2026-07-08 01:40 AM UTC,2026,Scheduled,Scheduled,Preview,N,night,2.0,Regular Season,Petco Park,109,Arizona Diamondbacks,AZ,,,135,San Diego Padres,SD,,,
823203,2026-07-07,2026-07-08T01:45:00+00:00,2026-07-08 01:45 AM UTC,2026,Scheduled,Scheduled,Preview,N,night,2.0,Regular Season,Oracle Park,141,Toronto Blue Jays,TOR,,,137,San Francisco Giants,SF,,,
823929,2026-07-07,2026-07-08T02:10:00+00:00,2026-07-08 02:10 AM UTC,2026,Scheduled,Scheduled,Preview,N,night,2.0,Regular Season,UNIQLO Field at Dodger Stadium,115,Colorado Rockies,COL,,,119,Los Angeles Dodgers,LAD,,,
823202,2026-07-08,2026-07-08T19:45:00+00:00,2026-07-08 07:45 PM UTC,2026,Scheduled,Scheduled,Preview,N,day,3.0,Regular Season,Oracle Park,141,Toronto Blue Jays,TOR,,,137,San Francisco Giants,SF,,,
824815,2026-07-08,2026-07-08T22:35:00+00:00,2026-07-08 10:35 PM UTC,2026,Scheduled,Scheduled,Preview,N,night,2.0,Regular Season,Oriole Park at Camden Yards,112,Chicago Cubs,CHC,,,110,Baltimore Orioles,BAL,,,
822957,2026-07-08,2026-07-08T22:40:00+00:00,2026-07-08 10:40 PM UTC,2026,Scheduled,Scheduled,Preview,N,night,3.0,Regular Season,Tropicana Field,147,New York Yankees,NYY,,,139,Tampa Bay Rays,TB,,,
823360,2026-07-08,2026-07-08T22:40:00+00:00,2026-07-08 10:40 PM UTC,2026,Scheduled,Scheduled,Preview,N,night,2.0,Regular Season,PNC Park,144,Atlanta Braves,ATL,,,134,Pittsburgh Pirates,PIT,,,
823848,2026-07-08,2026-07-08T22:40:00+00:00,2026-07-08 10:40 PM UTC,2026,Scheduled,Scheduled,Preview,N,night,2.0,Regular Season,loanDepot park,136,Seattle Mariners,SEA,,,146,Miami Marlins,MIA,,,
824253,2026-07-08,2026-07-08T22:40:00+00:00,2026-07-08 10:40 PM UTC,2026,Scheduled,Scheduled,Preview,N,night,2.0,Regular Season,Comerica Park,133,Athletics,ATH,,,116,Detroit Tigers,DET,,,
822710,2026-07-08,2026-07-08T22:45:00+00:00,2026-07-08 10:45 PM UTC,2026,Scheduled,Scheduled,Preview,N,night,3.0,Regular Season,Nationals Park,117,Houston Astros,HOU,,,120,Washington Nationals,WSH,,,
823605,2026-07-08,2026-07-08T23:10:00+00:00,2026-07-08 11:10 PM UTC,2026,Scheduled,Scheduled,Preview,N,night,2.0,Regular Season,Citi Field,118,Kansas City Royals,KC,,,121,New York Mets,NYM,,,
824496,2026-07-08,2026-07-08T23:10:00+00:00,2026-07-08 11:10 PM UTC,2026,Scheduled,Scheduled,Preview,N,night,2.0,Regular Season,Great American Ball Park,143,Philadelphia Phillies,PHI,,,113,Cincinnati Reds,CIN,,,
823684,2026-07-08,2026-07-08T23:40:00+00:00,2026-07-08 11:40 PM UTC,2026,Scheduled,Scheduled,Preview,N,night,2.0,Regular Season,Target Field,114,Cleveland Guardians,CLE,,,142,Minnesota Twins,MIN,,,
824578,2026-07-08,2026-07-08T23:40:00+00:00,2026-07-08 11:40 PM UTC,2026,Scheduled,Scheduled,Preview,N,night,2.0,Regular Season,Rate Field,111,Boston Red Sox,BOS,,,145,Chicago White Sox,CWS,,,
823032,2026-07-08,2026-07-08T23:45:00+00:00,2026-07-08 11:45 PM UTC,2026,Scheduled,Scheduled,Preview,N,night,3.0,Regular Season,Busch Stadium,158,Milwaukee Brewers,MIL,,,138,St. Louis Cardinals,STL,,,
822880,2026-07-08,2026-07-09T00:05:00+00:00,2026-07-09 12:05 AM UTC,2026,Scheduled,Scheduled,Preview,N,night,2.0,Regular Season,Globe Life Field,108,Los Angeles Angels,LAA,,,140,Texas Rangers,TEX,,,
823279,2026-07-08,2026-07-09T02:10:00+00:00,2026-07-09 02:10 AM UTC,2026,Scheduled,Scheduled,Preview,N,night,3.0,Regular Season,Petco Park,109,Arizona Diamondbacks,AZ,,,135,San Diego Padres,SD,,,
823928,2026-07-08,2026-07-09T02:10:00+00:00,2026-07-09 02:10 AM UTC,2026,Scheduled,Scheduled,Preview,N,night,3.0,Regular Season,UNIQLO Field at Dodger Stadium,115,Colorado Rockies,COL,,,119,Los Angeles Dodgers,LAD,,,
823359,2026-07-09,2026-07-09T16:35:00+00:00,2026-07-09 04:35 PM UTC,2026,Scheduled,Scheduled,Preview,N,day,3.0,Regular Season,PNC Park,144,Atlanta Braves,ATL,,,134,Pittsburgh Pirates,PIT,,,
822954,2026-07-09,2026-07-09T17:10:00+00:00,2026-07-09 05:10 PM UTC,2026,Scheduled,Scheduled,Preview,N,day,4.0,Regular Season,Tropicana Field,147,New York Yankees,NYY,,,139,Tampa Bay Rays,TB,,,
823606,2026-07-09,2026-07-09T17:10:00+00:00,2026-07-09 05:10 PM UTC,2026,Scheduled,Scheduled,Preview,N,day,3.0,Regular Season,Citi Field,118,Kansas City Royals,KC,,,121,New York Mets,NYM,,,
823683,2026-07-09,2026-07-09T17:40:00+00:00,2026-07-09 05:40 PM UTC,2026,Scheduled,Scheduled,Preview,N,day,3.0,Regular Season,Target Field,114,Cleveland Guardians,CLE,,,142,Minnesota Twins,MIN,,,
824577,2026-07-09,2026-07-09T18:10:00+00:00,2026-07-09 06:10 PM UTC,2026,Scheduled,Scheduled,Preview,N,day,3.0,Regular Season,Rate Field,111,Boston Red Sox,BOS,,,145,Chicago White Sox,CWS,,,
824816,2026-07-09,2026-07-09T22:35:00+00:00,2026-07-09 10:35 PM UTC,2026,Scheduled,Scheduled,Preview,N,night,3.0,Regular Season,Oriole Park at Camden Yards,112,Chicago Cubs,CHC,,,110,Baltimore Orioles,BAL,,,
823846,2026-07-09,2026-07-09T22:40:00+00:00,2026-07-09 10:40 PM UTC,2026,Scheduled,Scheduled,Preview,N,night,3.0,Regular Season,loanDepot park,136,Seattle Mariners,SEA,,,146,Miami Marlins,MIA,,,
824251,2026-07-09,2026-07-09T22:40:00+00:00,2026-07-09 10:40 PM UTC,2026,Scheduled,Scheduled,Preview,N,night,3.0,Regular Season,Comerica Park,133,Athletics,ATH,,,116,Detroit Tigers,DET,,,
824494,2026-07-09,2026-07-09T23:10:00+00:00,2026-07-09 11:10 PM UTC,2026,Scheduled,Scheduled,Preview,N,night,3.0,Regular Season,Great American Ball Park,143,Philadelphia Phillies,PHI,,,113,Cincinnati Reds,CIN,,,
823034,2026-07-09,2026-07-09T23:45:00+00:00,2026-07-09 11:45 PM UTC,2026,Scheduled,Scheduled,Preview,N,night,4.0,Regular Season,Busch Stadium,158,Milwaukee Brewers,MIL,,,138,St. Louis Cardinals,STL,,,
822877,2026-07-09,2026-07-10T00:05:00+00:00,2026-07-10 12:05 AM UTC,2026,Scheduled,Scheduled,Preview,N,night,3.0,Regular Season,Globe Life Field,108,Los Angeles Angels,LAA,,,140,Texas Rangers,TEX,,,
823277,2026-07-09,2026-07-10T01:40:00+00:00,2026-07-10 01:40 AM UTC,2026,Scheduled,Scheduled,Preview,N,night,4.0,Regular Season,Petco Park,109,Arizona Diamondbacks,AZ,,,135,San Diego Padres,SD,,,
823201,2026-07-09,2026-07-10T01:45:00+00:00,2026-07-10 01:45 AM UTC,2026,Scheduled,Scheduled,Preview,N,night,1.0,Regular Season,Oracle Park,115,Colorado Rockies,COL,,,137,San Francisco Giants,SF,,,
823357,2026-07-10,2026-07-10T22:40:00+00:00,2026-07-10 10:40 PM UTC,2026,Scheduled,Scheduled,Preview,N,night,1.0,Regular Season,PNC Park,158,Milwaukee Brewers,MIL,,,134,Pittsburgh Pirates,PIT,,,
824252,2026-07-10,2026-07-10T22:40:00+00:00,2026-07-10 10:40 PM UTC,2026,Scheduled,Scheduled,Preview,N,night,1.0,Regular Season,Comerica Park,143,Philadelphia Phillies,PHI,,,116,Detroit Tigers,DET,,,
822709,2026-07-10,2026-07-10T22:45:00+00:00,2026-07-10 10:45 PM UTC,2026,Scheduled,Scheduled,Preview,N,night,1.0,Regular Season,Nationals Park,147,New York Yankees,NYY,,,120,Washington Nationals,WSH,,,
824817,2026-07-10,2026-07-10T23:05:00+00:00,2026-07-10 11:05 PM UTC,2026,Scheduled,Scheduled,Preview,N,night,1.0,Regular Season,Oriole Park at Camden Yards,118,Kansas City Royals,KC,,,110,Baltimore Orioles,BAL,,,
822955,2026-07-10,2026-07-10T23:10:00+00:00,2026-07-10 11:10 PM UTC,2026,Scheduled,Scheduled,Preview,N,night,1.0,Regular Season,Tropicana Field,136,Seattle Mariners,SEA,,,139,Tampa Bay Rays,TB,,,
823604,2026-07-10,2026-07-10T23:10:00+00:00,2026-07-10 11:10 PM UTC,2026,Scheduled,Scheduled,Preview,N,night,1.0,Regular Season,Citi Field,111,Boston Red Sox,BOS,,,121,New York Mets,NYM,,,
823845,2026-07-10,2026-07-10T23:10:00+00:00,2026-07-10 11:10 PM UTC,2026,Scheduled,Scheduled,Preview,N,night,1.0,Regular Season,loanDepot park,114,Cleveland Guardians,CLE,,,146,Miami Marlins,MIA,,,
824493,2026-07-10,2026-07-10T23:10:00+00:00,2026-07-10 11:10 PM UTC,2026,Scheduled,Scheduled,Preview,N,night,1.0,Regular Season,Great American Ball Park,112,Chicago Cubs,CHC,,,113,Cincinnati Reds,CIN,,,
824575,2026-07-10,2026-07-10T23:40:00+00:00,2026-07-10 11:40 PM UTC,2026,Scheduled,Scheduled,Preview,N,night,1.0,Regular Season,Rate Field,133,Athletics,ATH,,,145,Chicago White Sox,CWS,,,
822878,2026-07-10,2026-07-11T00:05:00+00:00,2026-07-11 12:05 AM UTC,2026,Scheduled,Scheduled,Preview,N,night,1.0,Regular Season,Globe Life Field,117,Houston Astros,HOU,,,140,Texas Rangers,TEX,,,
823685,2026-07-10,2026-07-11T00:10:00+00:00,2026-07-11 12:10 AM UTC,2026,Scheduled,Scheduled,Preview,N,night,1.0,Regular Season,Target Field,108,Los Angeles Angels,LAA,,,142,Minnesota Twins,MIN,,,
823033,2026-07-10,2026-07-11T00:15:00+00:00,2026-07-11 12:15 AM UTC,2026,Scheduled,Scheduled,Preview,N,night,1.0,Regular Season,Busch Stadium,144,Atlanta Braves,ATL,,,138,St. Louis Cardinals,STL,,,
823278,2026-07-10,2026-07-11T01:40:00+00:00,2026-07-11 01:40 AM UTC,2026,Scheduled,Scheduled,Preview,N,night,1.0,Regular Season,Petco Park,141,Toronto Blue Jays,TOR,,,135,San Diego Padres,SD,,,
823927,2026-07-10,2026-07-11T02:10:00+00:00,2026-07-11 02:10 AM UTC,2026,Scheduled,Scheduled,Preview,N,night,1.0,Regular Season,UNIQLO Field at Dodger Stadium,109,Arizona Diamondbacks,AZ,,,119,Los Angeles Dodgers,LAD,,,
823200,2026-07-10,2026-07-11T02:15:00+00:00,2026-07-11 02:15 AM UTC,2026,Scheduled,Scheduled,Preview,N,night,2.0,Regular Season,Oracle Park,115,Colorado Rockies,COL,,,137,San Francisco Giants,SF,,,
823682,2026-07-11,2026-07-11T18:10:00+00:00,2026-07-11 06:10 PM UTC,2026,Scheduled,Scheduled,Preview,N,day,2.0,Regular Season,Target Field,108,Los Angeles Angels,LAA,,,142,Minnesota Twins,MIN,,,
822711,2026-07-11,2026-07-11T20:05:00+00:00,2026-07-11 08:05 PM UTC,2026,Scheduled,Scheduled,Preview,N,day,2.0,Regular Season,Nationals Park,147,New York Yankees,NYY,,,120,Washington Nationals,WSH,,,
823198,2026-07-11,2026-07-11T20:05:00+00:00,2026-07-11 08:05 PM UTC,2026,Scheduled,Scheduled,Preview,N,day,3.0,Regular Season,Oracle Park,115,Colorado Rockies,COL,,,137,San Francisco Giants,SF,,,
823356,2026-07-11,2026-07-11T20:05:00+00:00,2026-07-11 08:05 PM UTC,2026,Scheduled,Scheduled,Preview,N,day,2.0,Regular Season,PNC Park,158,Milwaukee Brewers,MIL,,,134,Pittsburgh Pirates,PIT,,,
822953,2026-07-11,2026-07-11T20:10:00+00:00,2026-07-11 08:10 PM UTC,2026,Scheduled,Scheduled,Preview,N,day,2.0,Regular Season,Tropicana Field,136,Seattle Mariners,SEA,,,139,Tampa Bay Rays,TB,,,
823603,2026-07-11,2026-07-11T20:10:00+00:00,2026-07-11 08:10 PM UTC,2026,Scheduled,Scheduled,Preview,N,day,2.0,Regular Season,Citi Field,111,Boston Red Sox,BOS,,,121,New York Mets,NYM,,,
823844,2026-07-11,2026-07-11T20:10:00+00:00,2026-07-11 08:10 PM UTC,2026,Scheduled,Scheduled,Preview,N,day,2.0,Regular Season,loanDepot park,114,Cleveland Guardians,CLE,,,146,Miami Marlins,MIA,,,
824576,2026-07-11,2026-07-11T20:10:00+00:00,2026-07-11 08:10 PM UTC,2026,Scheduled,Scheduled,Preview,N,day,2.0,Regular Season,Rate Field,133,Athletics,ATH,,,145,Chicago White Sox,CWS,,,
824249,2026-07-11,2026-07-11T22:10:00+00:00,2026-07-11 10:10 PM UTC,2026,Scheduled,Scheduled,Preview,N,night,2.0,Regular Season,Comerica Park,143,Philadelphia Phillies,PHI,,,116,Detroit Tigers,DET,,,
822875,2026-07-11,2026-07-11T23:05:00+00:00,2026-07-11 11:05 PM UTC,2026,Scheduled,Scheduled,Preview,N,night,2.0,Regular Season,Globe Life Field,117,Houston Astros,HOU,,,140,Texas Rangers,TEX,,,
824813,2026-07-11,2026-07-11T23:05:00+00:00,2026-07-11 11:05 PM UTC,2026,Scheduled,Scheduled,Preview,N,night,2.0,Regular Season,Oriole Park at Camden Yards,118,Kansas City Royals,KC,,,110,Baltimore Orioles,BAL,,,
824492,2026-07-11,2026-07-11T23:10:00+00:00,2026-07-11 11:10 PM UTC,2026,Scheduled,Scheduled,Preview,N,night,2.0,Regular Season,Great American Ball Park,112,Chicago Cubs,CHC,,,113,Cincinnati Reds,CIN,,,
823030,2026-07-11,2026-07-11T23:15:00+00:00,2026-07-11 11:15 PM UTC,2026,Scheduled,Scheduled,Preview,N,night,2.0,Regular Season,Busch Stadium,144,Atlanta Braves,ATL,,,138,St. Louis Cardinals,STL,,,
823276,2026-07-11,2026-07-12T00:40:00+00:00,2026-07-12 12:40 AM UTC,2026,Scheduled,Scheduled,Preview,N,night,2.0,Regular Season,Petco Park,141,Toronto Blue Jays,TOR,,,135,San Diego Padres,SD,,,
823926,2026-07-11,2026-07-12T01:10:00+00:00,2026-07-12 01:10 AM UTC,2026,Scheduled,Scheduled,Preview,N,night,2.0,Regular Season,UNIQLO Field at Dodger Stadium,109,Arizona Diamondbacks,AZ,,,119,Los Angeles Dodgers,LAD,,,
823358,2026-07-12,2026-07-12T16:15:00+00:00,2026-07-12 04:15 PM UTC,2026,Scheduled,Scheduled,Preview,N,day,3.0,Regular Season,PNC Park,158,Milwaukee Brewers,MIL,,,134,Pittsburgh Pirates,PIT,,,
822708,2026-07-12,2026-07-12T17:35:00+00:00,2026-07-12 05:35 PM UTC,2026,Scheduled,Scheduled,Preview,N,day,3.0,Regular Season,Nationals Park,147,New York Yankees,NYY,,,120,Washington Nationals,WSH,,,
824814,2026-07-12,2026-07-12T17:35:00+00:00,2026-07-12 05:35 PM UTC,2026,Scheduled,Scheduled,Preview,N,day,3.0,Regular Season,Oriole Park at Camden Yards,118,Kansas City Royals,KC,,,110,Baltimore Orioles,BAL,,,
822951,2026-07-12,2026-07-12T17:40:00+00:00,2026-07-12 05:40 PM UTC,2026,Scheduled,Scheduled,Preview,N,day,3.0,Regular Season,Tropicana Field,136,Seattle Mariners,SEA,,,139,Tampa Bay Rays,TB,,,
823602,2026-07-12,2026-07-12T17:40:00+00:00,2026-07-12 05:40 PM UTC,2026,Scheduled,Scheduled,Preview,N,day,3.0,Regular Season,Citi Field,111,Boston Red Sox,BOS,,,121,New York Mets,NYM,,,
823842,2026-07-12,2026-07-12T17:40:00+00:00,2026-07-12 05:40 PM UTC,2026,Scheduled,Scheduled,Preview,N,day,3.0,Regular Season,loanDepot park,114,Cleveland Guardians,CLE,,,146,Miami Marlins,MIA,,,
824250,2026-07-12,2026-07-12T17:40:00+00:00,2026-07-12 05:40 PM UTC,2026,Scheduled,Scheduled,Preview,N,day,3.0,Regular Season,Comerica Park,143,Philadelphia Phillies,PHI,,,116,Detroit Tigers,DET,,,
824491,2026-07-12,2026-07-12T17:40:00+00:00,2026-07-12 05:40 PM UTC,2026,Scheduled,Scheduled,Preview,N,day,3.0,Regular Season,Great American Ball Park,112,Chicago Cubs,CHC,,,113,Cincinnati Reds,CIN,,,
823681,2026-07-12,2026-07-12T18:10:00+00:00,2026-07-12 06:10 PM UTC,2026,Scheduled,Scheduled,Preview,N,day,3.0,Regular Season,Target Field,108,Los Angeles Angels,LAA,,,142,Minnesota Twins,MIN,,,
824574,2026-07-12,2026-07-12T18:10:00+00:00,2026-07-12 06:10 PM UTC,2026,Scheduled,Scheduled,Preview,N,day,3.0,Regular Season,Rate Field,133,Athletics,ATH,,,145,Chicago White Sox,CWS,,,
823029,2026-07-12,2026-07-12T18:15:00+00:00,2026-07-12 06:15 PM UTC,2026,Scheduled,Scheduled,Preview,N,day,3.0,Regular Season,Busch Stadium,144,Atlanta Braves,ATL,,,138,St. Louis Cardinals,STL,,,
822876,2026-07-12,2026-07-12T18:35:00+00:00,2026-07-12 06:35 PM UTC,2026,Scheduled,Scheduled,Preview,N,day,3.0,Regular Season,Globe Life Field,117,Houston Astros,HOU,,,140,Texas Rangers,TEX,,,
823199,2026-07-12,2026-07-12T20:05:00+00:00,2026-07-12 08:05 PM UTC,2026,Scheduled,Scheduled,Preview,N,day,4.0,Regular Season,Oracle Park,115,Colorado Rockies,COL,,,137,San Francisco Giants,SF,,,
823274,2026-07-12,2026-07-12T20:10:00+00:00,2026-07-12 08:10 PM UTC,2026,Scheduled,Scheduled,Preview,N,day,3.0,Regular Season,Petco Park,141,Toronto Blue Jays,TOR,,,135,San Diego Padres,SD,,,
823925,2026-07-12,2026-07-12T20:10:00+00:00,2026-07-12 08:10 PM UTC,2026,Scheduled,Scheduled,Preview,N,day,3.0,Regular Season,UNIQLO Field at Dodger Stadium,109,Arizona Diamondbacks,AZ,,,119,Los Angeles Dodgers,LAD,,,
823443,2026-07-14,2026-07-14T07:33:00+00:00,2026-07-14 07:33 AM UTC,2026,Scheduled,Scheduled,Preview,N,day,,MLB All-Star Game,Citizens Bank Park,159,American League All-Stars,AL,,,160,National League All-Stars,NL,,,
823440,2026-07-16,2026-07-16T23:10:00+00:00,2026-07-16 11:10 PM UTC,2026,Scheduled,Scheduled,Preview,N,night,1.0,Regular Season,Citizens Bank Park,121,New York Mets,NYM,,,143,Philadelphia Phillies,PHI,,,
823524,2026-07-17,2026-07-17T23:05:00+00:00,2026-07-17 11:05 PM UTC,2026,Scheduled,Scheduled,Preview,N,night,1.0,Regular Season,Yankee Stadium,119,Los Angeles Dodgers,LAD,,,147,New York Yankees,NYY,,,
822789,2026-07-17,2026-07-17T23:07:00+00:00,2026-07-17 11:07 PM UTC,2026,Scheduled,Scheduled,Preview,N,night,1.0,Regular Season,Rogers Centre,145,Chicago White Sox,CWS,,,141,Toronto Blue Jays,TOR,,,
824414,2026-07-17,2026-07-17T23:10:00+00:00,2026-07-17 11:10 PM UTC,2026,Scheduled,Scheduled,Preview,N,night,1.0,Regular Season,Progressive Field,134,Pittsburgh Pirates,PIT,,,114,Cleveland Guardians,CLE,,,
824737,2026-07-17,2026-07-17T23:10:00+00:00,2026-07-17 11:10 PM UTC,2026,Scheduled,Scheduled,Preview,N,night,1.0,Regular Season,Fenway Park,139,Tampa Bay Rays,TB,,,111,Boston Red Sox,BOS,,,
824901,2026-07-17,2026-07-17T23:15:00+00:00,2026-07-17 11:15 PM UTC,2026,Scheduled,Scheduled,Preview,N,night,1.0,Regular Season,Truist Park,140,Texas Rangers,TEX,,,144,Atlanta Braves,ATL,,,
823766,2026-07-17,2026-07-17T23:40:00+00:00,2026-07-17 11:40 PM UTC,2026,Scheduled,Scheduled,Preview,N,night,1.0,Regular Season,American Family Field,146,Miami Marlins,MIA,,,158,Milwaukee Brewers,MIL,,,
824655,2026-07-17,2026-07-18T00:05:00+00:00,2026-07-18 12:05 AM UTC,2026,Scheduled,Scheduled,Preview,N,night,1.0,Regular Season,Wrigley Field,142,Minnesota Twins,MIN,,,112,Chicago Cubs,CHC,,,
824090,2026-07-17,2026-07-18T00:10:00+00:00,2026-07-18 12:10 AM UTC,2026,Scheduled,Scheduled,Preview,N,night,1.0,Regular Season,Kauffman Stadium,135,San Diego Padres,SD,,,118,Kansas City Royals,KC,,,
824170,2026-07-17,2026-07-18T00:10:00+00:00,2026-07-18 12:10 AM UTC,2026,Scheduled,Scheduled,Preview,N,night,1.0,Regular Season,Daikin Park,110,Baltimore Orioles,BAL,,,117,Houston Astros,HOU,,,
824332,2026-07-17,2026-07-18T00:40:00+00:00,2026-07-18 12:40 AM UTC,2026,Scheduled,Scheduled,Preview,N,night,1.0,Regular Season,Coors Field,113,Cincinnati Reds,CIN,,,115,Colorado Rockies,COL,,,
824009,2026-07-17,2026-07-18T01:38:00+00:00,2026-07-18 01:38 AM UTC,2026,Scheduled,Scheduled,Preview,N,night,1.0,Regular Season,Angel Stadium,116,Detroit Tigers,DET,,,108,Los Angeles Angels,LAA,,,
824981,2026-07-17,2026-07-18T01:40:00+00:00,2026-07-18 01:40 AM UTC,2026,Scheduled,Scheduled,Preview,N,night,1.0,Regular Season,Sutter Health Park,120,Washington Nationals,WSH,,,133,Athletics,ATH,,,
825060,2026-07-17,2026-07-18T01:40:00+00:00,2026-07-18 01:40 AM UTC,2026,Scheduled,Scheduled,Preview,N,night,1.0,Regular Season,Chase Field,138,St. Louis Cardinals,STL,,,109,Arizona Diamondbacks,AZ,,,
823115,2026-07-17,2026-07-18T02:10:00+00:00,2026-07-18 02:10 AM UTC,2026,Scheduled,Scheduled,Preview,N,night,1.0,Regular Season,T-Mobile Park,137,San Francisco Giants,SF,,,136,Seattle Mariners,SEA,,,
824657,2026-07-18,2026-07-18T18:20:00+00:00,2026-07-18 06:20 PM UTC,2026,Scheduled,Scheduled,Preview,N,day,2.0,Regular Season,Wrigley Field,142,Minnesota Twins,MIN,,,112,Chicago Cubs,CHC,,,
822790,2026-07-18,2026-07-18T19:07:00+00:00,2026-07-18 07:07 PM UTC,2026,Scheduled,Scheduled,Preview,N,day,2.0,Regular Season,Rogers Centre,145,Chicago White Sox,CWS,,,141,Toronto Blue Jays,TOR,,,
824331,2026-07-18,2026-07-18T19:10:00+00:00,2026-07-18 07:10 PM UTC,2026,Scheduled,Scheduled,Preview,N,day,2.0,Regular Season,Coors Field,113,Cincinnati Reds,CIN,,,115,Colorado Rockies,COL,,,
823441,2026-07-18,2026-07-18T20:05:00+00:00,2026-07-18 08:05 PM UTC,2026,Scheduled,Scheduled,Preview,N,day,2.0,Regular Season,Citizens Bank Park,121,New York Mets,NYM,,,143,Philadelphia Phillies,PHI,,,
823763,2026-07-18,2026-07-18T20:10:00+00:00,2026-07-18 08:10 PM UTC,2026,Scheduled,Scheduled,Preview,N,day,2.0,Regular Season,American Family Field,146,Miami Marlins,MIA,,,158,Milwaukee Brewers,MIL,,,
824088,2026-07-18,2026-07-18T20:10:00+00:00,2026-07-18 08:10 PM UTC,2026,Scheduled,Scheduled,Preview,N,day,2.0,Regular Season,Kauffman Stadium,135,San Diego Padres,SD,,,118,Kansas City Royals,KC,,,
824169,2026-07-18,2026-07-18T20:10:00+00:00,2026-07-18 08:10 PM UTC,2026,Scheduled,Scheduled,Preview,N,day,2.0,Regular Season,Daikin Park,110,Baltimore Orioles,BAL,,,117,Houston Astros,HOU,,,
824412,2026-07-18,2026-07-18T20:10:00+00:00,2026-07-18 08:10 PM UTC,2026,Scheduled,Scheduled,Preview,N,day,2.0,Regular Season,Progressive Field,134,Pittsburgh Pirates,PIT,,,114,Cleveland Guardians,CLE,,,
824738,2026-07-18,2026-07-18T20:10:00+00:00,2026-07-18 08:10 PM UTC,2026,Scheduled,Scheduled,Preview,N,day,2.0,Regular Season,Fenway Park,139,Tampa Bay Rays,TB,,,111,Boston Red Sox,BOS,,,
824899,2026-07-18,2026-07-18T20:10:00+00:00,2026-07-18 08:10 PM UTC,2026,Scheduled,Scheduled,Preview,N,day,2.0,Regular Season,Truist Park,140,Texas Rangers,TEX,,,144,Atlanta Braves,ATL,,,
825059,2026-07-18,2026-07-18T20:10:00+00:00,2026-07-18 08:10 PM UTC,2026,Scheduled,Scheduled,Preview,N,day,2.0,Regular Season,Chase Field,138,St. Louis Cardinals,STL,,,109,Arizona Diamondbacks,AZ,,,
823116,2026-07-18,2026-07-19T00:08:00+00:00,2026-07-19 12:08 AM UTC,2026,Scheduled,Scheduled,Preview,N,night,2.0,Regular Season,T-Mobile Park,137,San Francisco Giants,SF,,,136,Seattle Mariners,SEA,,,
823523,2026-07-18,2026-07-19T00:08:00+00:00,2026-07-19 12:08 AM UTC,2026,Scheduled,Scheduled,Preview,N,night,2.0,Regular Season,Yankee Stadium,119,Los Angeles Dodgers,LAD,,,147,New York Yankees,NYY,,,
824979,2026-07-18,2026-07-19T02:05:00+00:00,2026-07-19 02:05 AM UTC,2026,Scheduled,Scheduled,Preview,N,night,2.0,Regular Season,Sutter Health Park,120,Washington Nationals,WSH,,,133,Athletics,ATH,,,
824008,2026-07-18,2026-07-19T02:07:00+00:00,2026-07-19 02:07 AM UTC,2026,Scheduled,Scheduled,Preview,N,night,2.0,Regular Season,Angel Stadium,116,Detroit Tigers,DET,,,108,Los Angeles Angels,LAA,,,
822786,2026-07-19,2026-07-19T16:15:00+00:00,2026-07-19 04:15 PM UTC,2026,Scheduled,Scheduled,Preview,N,day,3.0,Regular Season,Rogers Centre,145,Chicago White Sox,CWS,,,141,Toronto Blue Jays,TOR,,,
823439,2026-07-19,2026-07-19T17:35:00+00:00,2026-07-19 05:35 PM UTC,2026,Scheduled,Scheduled,Preview,N,day,3.0,Regular Season,Citizens Bank Park,121,New York Mets,NYM,,,143,Philadelphia Phillies,PHI,,,
824739,2026-07-19,2026-07-19T17:35:00+00:00,2026-07-19 05:35 PM UTC,2026,Scheduled,Scheduled,Preview,N,day,3.0,Regular Season,Fenway Park,139,Tampa Bay Rays,TB,,,111,Boston Red Sox,BOS,,,
824897,2026-07-19,2026-07-19T17:35:00+00:00,2026-07-19 05:35 PM UTC,2026,Scheduled,Scheduled,Preview,N,day,3.0,Regular Season,Truist Park,140,Texas Rangers,TEX,,,144,Atlanta Braves,ATL,,,
824411,2026-07-19,2026-07-19T17:40:00+00:00,2026-07-19 05:40 PM UTC,2026,Scheduled,Scheduled,Preview,N,day,3.0,Regular Season,Progressive Field,134,Pittsburgh Pirates,PIT,,,114,Cleveland Guardians,CLE,,,
823764,2026-07-19,2026-07-19T18:10:00+00:00,2026-07-19 06:10 PM UTC,2026,Scheduled,Scheduled,Preview,N,day,3.0,Regular Season,American Family Field,146,Miami Marlins,MIA,,,158,Milwaukee Brewers,MIL,,,
824086,2026-07-19,2026-07-19T18:10:00+00:00,2026-07-19 06:10 PM UTC,2026,Scheduled,Scheduled,Preview,N,day,3.0,Regular Season,Kauffman Stadium,135,San Diego Padres,SD,,,118,Kansas City Royals,KC,,,
824168,2026-07-19,2026-07-19T18:10:00+00:00,2026-07-19 06:10 PM UTC,2026,Scheduled,Scheduled,Preview,N,day,3.0,Regular Season,Daikin Park,110,Baltimore Orioles,BAL,,,117,Houston Astros,HOU,,,
824653,2026-07-19,2026-07-19T18:20:00+00:00,2026-07-19 06:20 PM UTC,2026,Scheduled,Scheduled,Preview,N,day,3.0,Regular Season,Wrigley Field,142,Minnesota Twins,MIN,,,112,Chicago Cubs,CHC,,,
824330,2026-07-19,2026-07-19T19:10:00+00:00,2026-07-19 07:10 PM UTC,2026,Scheduled,Scheduled,Preview,N,day,3.0,Regular Season,Coors Field,113,Cincinnati Reds,CIN,,,115,Colorado Rockies,COL,,,
824978,2026-07-19,2026-07-19T20:05:00+00:00,2026-07-19 08:05 PM UTC,2026,Scheduled,Scheduled,Preview,N,day,3.0,Regular Season,Sutter Health Park,120,Washington Nationals,WSH,,,133,Athletics,ATH,,,
824007,2026-07-19,2026-07-19T20:07:00+00:00,2026-07-19 08:07 PM UTC,2026,Scheduled,Scheduled,Preview,N,day,3.0,Regular Season,Angel Stadium,116,Detroit Tigers,DET,,,108,Los Angeles Angels,LAA,,,
823113,2026-07-19,2026-07-19T20:10:00+00:00,2026-07-19 08:10 PM UTC,2026,Scheduled,Scheduled,Preview,N,day,3.0,Regular Season,T-Mobile Park,137,San Francisco Giants,SF,,,136,Seattle Mariners,SEA,,,
825057,2026-07-19,2026-07-19T20:10:00+00:00,2026-07-19 08:10 PM UTC,2026,Scheduled,Scheduled,Preview,N,day,3.0,Regular Season,Chase Field,138,St. Louis Cardinals,STL,,,109,Arizona Diamondbacks,AZ,,,
823521,2026-07-19,2026-07-19T23:20:00+00:00,2026-07-19 11:20 PM UTC,2026,Scheduled,Scheduled,Preview,N,night,3.0,Regular Season,Yankee Stadium,119,Los Angeles Dodgers,LAD,,,147,New York Yankees,NYY,,,
824410,2026-07-20,2026-07-20T22:40:00+00:00,2026-07-20 10:40 PM UTC,2026,Scheduled,Scheduled,Preview,N,night,1.0,Regular Season,Progressive Field,142,Minnesota Twins,MIN,,,114,Cleveland Guardians,CLE,,,
823522,2026-07-20,2026-07-20T23:05:00+00:00,2026-07-20 11:05 PM UTC,2026,Scheduled,Scheduled,Preview,N,night,1.0,Regular Season,Yankee Stadium,134,Pittsburgh Pirates,PIT,,,147,New York Yankees,NYY,,,
822788,2026-07-20,2026-07-20T23:07:00+00:00,2026-07-20 11:07 PM UTC,2026,Scheduled,Scheduled,Preview,N,night,1.0,Regular Season,Rogers Centre,139,Tampa Bay Rays,TB,,,141,Toronto Blue Jays,TOR,,,
823436,2026-07-20,2026-07-20T23:10:00+00:00,2026-07-20 11:10 PM UTC,2026,Scheduled,Scheduled,Preview,N,night,1.0,Regular Season,Citizens Bank Park,119,Los Angeles Dodgers,LAD,,,143,Philadelphia Phillies,PHI,,,
824736,2026-07-20,2026-07-20T23:10:00+00:00,2026-07-20 11:10 PM UTC,2026,Scheduled,Scheduled,Preview,N,night,1.0,Regular Season,Fenway Park,110,Baltimore Orioles,BAL,,,111,Boston Red Sox,BOS,,,
824898,2026-07-20,2026-07-20T23:15:00+00:00,2026-07-20 11:15 PM UTC,2026,Scheduled,Scheduled,Preview,N,night,1.0,Regular Season,Truist Park,135,San Diego Padres,SD,,,144,Atlanta Braves,ATL,,,
823762,2026-07-20,2026-07-20T23:40:00+00:00,2026-07-20 11:40 PM UTC,2026,Scheduled,Scheduled,Preview,N,night,1.0,Regular Season,American Family Field,121,New York Mets,NYM,,,158,Milwaukee Brewers,MIL,,,
824087,2026-07-20,2026-07-20T23:40:00+00:00,2026-07-20 11:40 PM UTC,2026,Scheduled,Scheduled,Preview,N,night,1.0,Regular Season,Kauffman Stadium,137,San Francisco Giants,SF,,,118,Kansas City Royals,KC,,,
822874,2026-07-20,2026-07-21T00:05:00+00:00,2026-07-21 12:05 AM UTC,2026,Scheduled,Scheduled,Preview,N,night,1.0,Regular Season,Globe Life Field,145,Chicago White Sox,CWS,,,140,Texas Rangers,TEX,,,
824654,2026-07-20,2026-07-21T00:05:00+00:00,2026-07-21 12:05 AM UTC,2026,Scheduled,Scheduled,Preview,N,night,1.0,Regular Season,Wrigley Field,116,Detroit Tigers,DET,,,112,Chicago Cubs,CHC,,,
824167,2026-07-20,2026-07-21T00:10:00+00:00,2026-07-21 12:10 AM UTC,2026,Scheduled,Scheduled,Preview,N,night,1.0,Regular Season,Daikin Park,146,Miami Marlins,MIA,,,117,Houston Astros,HOU,,,
824328,2026-07-20,2026-07-21T00:40:00+00:00,2026-07-21 12:40 AM UTC,2026,Scheduled,Scheduled,Preview,N,night,1.0,Regular Season,Coors Field,120,Washington Nationals,WSH,,,115,Colorado Rockies,COL,,,
823112,2026-07-20,2026-07-21T01:40:00+00:00,2026-07-21 01:40 AM UTC,2026,Scheduled,Scheduled,Preview,N,night,1.0,Regular Season,T-Mobile Park,113,Cincinnati Reds,CIN,,,136,Seattle Mariners,SEA,,,
825058,2026-07-20,2026-07-21T01:40:00+00:00,2026-07-21 01:40 AM UTC,2026,Scheduled,Scheduled,Preview,N,night,1.0,Regular Season,Chase Field,133,Athletics,ATH,,,109,Arizona Diamondbacks,AZ,,,
824006,2026-07-20,2026-07-21T02:10:00+00:00,2026-07-21 02:10 AM UTC,2026,Scheduled,Scheduled,Preview,N,night,1.0,Regular Season,Angel Stadium,138,St. Louis Cardinals,STL,,,108,Los Angeles Angels,LAA,,,
823437,2026-07-21,2026-07-21T22:40:00+00:00,2026-07-21 10:40 PM UTC,2026,Scheduled,Scheduled,Preview,N,night,2.0,Regular Season,Citizens Bank Park,119,Los Angeles Dodgers,LAD,,,143,Philadelphia Phillies,PHI,,,
824409,2026-07-21,2026-07-21T22:40:00+00:00,2026-07-21 10:40 PM UTC,2026,Scheduled,Scheduled,Preview,N,night,2.0,Regular Season,Progressive Field,142,Minnesota Twins,MIN,,,114,Cleveland Guardians,CLE,,,
823519,2026-07-21,2026-07-21T23:05:00+00:00,2026-07-21 11:05 PM UTC,2026,Scheduled,Scheduled,Preview,N,night,2.0,Regular Season,Yankee Stadium,134,Pittsburgh Pirates,PIT,,,147,New York Yankees,NYY,,,
822787,2026-07-21,2026-07-21T23:07:00+00:00,2026-07-21 11:07 PM UTC,2026,Scheduled,Scheduled,Preview,N,night,2.0,Regular Season,Rogers Centre,139,Tampa Bay Rays,TB,,,141,Toronto Blue Jays,TOR,,,
824735,2026-07-21,2026-07-21T23:10:00+00:00,2026-07-21 11:10 PM UTC,2026,Scheduled,Scheduled,Preview,N,night,2.0,Regular Season,Fenway Park,110,Baltimore Orioles,BAL,,,111,Boston Red Sox,BOS,,,
824895,2026-07-21,2026-07-21T23:15:00+00:00,2026-07-21 11:15 PM UTC,2026,Scheduled,Scheduled,Preview,N,night,2.0,Regular Season,Truist Park,135,San Diego Padres,SD,,,144,Atlanta Braves,ATL,,,
823760,2026-07-21,2026-07-21T23:40:00+00:00,2026-07-21 11:40 PM UTC,2026,Scheduled,Scheduled,Preview,N,night,2.0,Regular Season,American Family Field,121,New York Mets,NYM,,,158,Milwaukee Brewers,MIL,,,
824085,2026-07-21,2026-07-21T23:40:00+00:00,2026-07-21 11:40 PM UTC,2026,Scheduled,Scheduled,Preview,N,night,2.0,Regular Season,Kauffman Stadium,137,San Francisco Giants,SF,,,118,Kansas City Royals,KC,,,
822871,2026-07-21,2026-07-22T00:05:00+00:00,2026-07-22 12:05 AM UTC,2026,Scheduled,Scheduled,Preview,N,night,2.0,Regular Season,Globe Life Field,145,Chicago White Sox,CWS,,,140,Texas Rangers,TEX,,,
824652,2026-07-21,2026-07-22T00:05:00+00:00,2026-07-22 12:05 AM UTC,2026,Scheduled,Scheduled,Preview,N,night,2.0,Regular Season,Wrigley Field,116,Detroit Tigers,DET,,,112,Chicago Cubs,CHC,,,
824165,2026-07-21,2026-07-22T00:10:00+00:00,2026-07-22 12:10 AM UTC,2026,Scheduled,Scheduled,Preview,N,night,2.0,Regular Season,Daikin Park,146,Miami Marlins,MIA,,,117,Houston Astros,HOU,,,
824329,2026-07-21,2026-07-22T00:40:00+00:00,2026-07-22 12:40 AM UTC,2026,Scheduled,Scheduled,Preview,N,night,2.0,Regular Season,Coors Field,120,Washington Nationals,WSH,,,115,Colorado Rockies,COL,,,
824005,2026-07-21,2026-07-22T01:38:00+00:00,2026-07-22 01:38 AM UTC,2026,Scheduled,Scheduled,Preview,N,night,2.0,Regular Season,Angel Stadium,138,St. Louis Cardinals,STL,,,108,Los Angeles Angels,LAA,,,
823114,2026-07-21,2026-07-22T01:40:00+00:00,2026-07-22 01:40 AM UTC,2026,Scheduled,Scheduled,Preview,N,night,2.0,Regular Season,T-Mobile Park,113,Cincinnati Reds,CIN,,,136,Seattle Mariners,SEA,,,
825056,2026-07-21,2026-07-22T01:40:00+00:00,2026-07-22 01:40 AM UTC,2026,Scheduled,Scheduled,Preview,N,night,2.0,Regular Season,Chase Field,133,Athletics,ATH,,,109,Arizona Diamondbacks,AZ,,,
823518,2026-07-22,2026-07-22T17:35:00+00:00,2026-07-22 05:35 PM UTC,2026,Scheduled,Scheduled,Preview,N,day,3.0,Regular Season,Yankee Stadium,134,Pittsburgh Pirates,PIT,,,147,New York Yankees,NYY,,,
823761,2026-07-22,2026-07-22T18:10:00+00:00,2026-07-22 06:10 PM UTC,2026,Scheduled,Scheduled,Preview,N,day,3.0,Regular Season,American Family Field,121,New York Mets,NYM,,,158,Milwaukee Brewers,MIL,,,
824083,2026-07-22,2026-07-22T18:10:00+00:00,2026-07-22 06:10 PM UTC,2026,Scheduled,Scheduled,Preview,N,day,3.0,Regular Season,Kauffman Stadium,137,San Francisco Giants,SF,,,118,Kansas City Royals,KC,,,
824327,2026-07-22,2026-07-22T19:10:00+00:00,2026-07-22 07:10 PM UTC,2026,Scheduled,Scheduled,Preview,N,day,3.0,Regular Season,Coors Field,120,Washington Nationals,WSH,,,115,Colorado Rockies,COL,,,
823110,2026-07-22,2026-07-22T19:40:00+00:00,2026-07-22 07:40 PM UTC,2026,Scheduled,Scheduled,Preview,N,day,3.0,Regular Season,T-Mobile Park,113,Cincinnati Reds,CIN,,,136,Seattle Mariners,SEA,,,
825055,2026-07-22,2026-07-22T19:40:00+00:00,2026-07-22 07:40 PM UTC,2026,Scheduled,Scheduled,Preview,N,day,3.0,Regular Season,Chase Field,133,Athletics,ATH,,,109,Arizona Diamondbacks,AZ,,,
824004,2026-07-22,2026-07-22T20:07:00+00:00,2026-07-22 08:07 PM UTC,2026,Scheduled,Scheduled,Preview,N,day,3.0,Regular Season,Angel Stadium,138,St. Louis Cardinals,STL,,,108,Los Angeles Angels,LAA,,,
823438,2026-07-22,2026-07-22T22:40:00+00:00,2026-07-22 10:40 PM UTC,2026,Scheduled,Scheduled,Preview,N,night,3.0,Regular Season,Citizens Bank Park,119,Los Angeles Dodgers,LAD,,,143,Philadelphia Phillies,PHI,,,
824408,2026-07-22,2026-07-22T22:40:00+00:00,2026-07-22 10:40 PM UTC,2026,Scheduled,Scheduled,Preview,N,night,3.0,Regular Season,Progressive Field,142,Minnesota Twins,MIN,,,114,Cleveland Guardians,CLE,,,
822784,2026-07-22,2026-07-22T23:07:00+00:00,2026-07-22 11:07 PM UTC,2026,Scheduled,Scheduled,Preview,N,night,3.0,Regular Season,Rogers Centre,139,Tampa Bay Rays,TB,,,141,Toronto Blue Jays,TOR,,,
824732,2026-07-22,2026-07-22T23:10:00+00:00,2026-07-22 11:10 PM UTC,2026,Scheduled,Scheduled,Preview,N,night,3.0,Regular Season,Fenway Park,110,Baltimore Orioles,BAL,,,111,Boston Red Sox,BOS,,,
824896,2026-07-22,2026-07-22T23:15:00+00:00,2026-07-22 11:15 PM UTC,2026,Scheduled,Scheduled,Preview,N,night,3.0,Regular Season,Truist Park,135,San Diego Padres,SD,,,144,Atlanta Braves,ATL,,,
822873,2026-07-22,2026-07-23T00:05:00+00:00,2026-07-23 12:05 AM UTC,2026,Scheduled,Scheduled,Preview,N,night,3.0,Regular Season,Globe Life Field,145,Chicago White Sox,CWS,,,140,Texas Rangers,TEX,,,
824650,2026-07-22,2026-07-23T00:05:00+00:00,2026-07-23 12:05 AM UTC,2026,Scheduled,Scheduled,Preview,N,night,3.0,Regular Season,Wrigley Field,116,Detroit Tigers,DET,,,112,Chicago Cubs,CHC,,,
824166,2026-07-22,2026-07-23T00:10:00+00:00,2026-07-23 12:10 AM UTC,2026,Scheduled,Scheduled,Preview,N,night,3.0,Regular Season,Daikin Park,146,Miami Marlins,MIA,,,117,Houston Astros,HOU,,,
824893,2026-07-23,2026-07-23T16:15:00+00:00,2026-07-23 04:15 PM UTC,2026,Scheduled,Scheduled,Preview,N,day,4.0,Regular Season,Truist Park,135,San Diego Padres,SD,,,144,Atlanta Braves,ATL,,,
824406,2026-07-23,2026-07-23T17:10:00+00:00,2026-07-23 05:10 PM UTC,2026,Scheduled,Scheduled,Preview,N,day,4.0,Regular Season,Progressive Field,142,Minnesota Twins,MIN,,,114,Cleveland Guardians,CLE,,,
822785,2026-07-23,2026-07-23T19:07:00+00:00,2026-07-23 07:07 PM UTC,2026,Scheduled,Scheduled,Preview,N,day,4.0,Regular Season,Rogers Centre,139,Tampa Bay Rays,TB,,,141,Toronto Blue Jays,TOR,,,
824247,2026-07-23,2026-07-23T22:40:00+00:00,2026-07-23 10:40 PM UTC,2026,Scheduled,Scheduled,Preview,N,night,1.0,Regular Season,Comerica Park,118,Kansas City Royals,KC,,,116,Detroit Tigers,DET,,,
823759,2026-07-24,2026-07-24T20:10:00+00:00,2026-07-24 08:10 PM UTC,2026,Scheduled,Scheduled,Preview,N,day,1.0,Regular Season,American Family Field,115,Colorado Rockies,COL,,,158,Milwaukee Brewers,MIL,,,
823352,2026-07-24,2026-07-24T22:40:00+00:00,2026-07-24 10:40 PM UTC,2026,Scheduled,Scheduled,Preview,N,night,1.0,Regular Season,PNC Park,112,Chicago Cubs,CHC,,,134,Pittsburgh Pirates,PIT,,,
823434,2026-07-24,2026-07-24T22:40:00+00:00,2026-07-24 10:40 PM UTC,2026,Scheduled,Scheduled,Preview,N,night,1.0,Regular Season,Citizens Bank Park,147,New York Yankees,NYY,,,143,Philadelphia Phillies,PHI,,,
824248,2026-07-24,2026-07-24T22:40:00+00:00,2026-07-24 10:40 PM UTC,2026,Scheduled,Scheduled,Preview,N,night,2.0,Regular Season,Comerica Park,118,Kansas City Royals,KC,,,116,Detroit Tigers,DET,,,
822707,2026-07-24,2026-07-24T22:45:00+00:00,2026-07-24 10:45 PM UTC,2026,Scheduled,Scheduled,Preview,N,night,1.0,Regular Season,Nationals Park,109,Arizona Diamondbacks,AZ,,,120,Washington Nationals,WSH,,,
824812,2026-07-24,2026-07-24T23:05:00+00:00,2026-07-24 11:05 PM UTC,2026,Scheduled,Scheduled,Preview,N,night,1.0,Regular Season,Oriole Park at Camden Yards,144,Atlanta Braves,ATL,,,110,Baltimore Orioles,BAL,,,
822952,2026-07-24,2026-07-24T23:10:00+00:00,2026-07-24 11:10 PM UTC,2026,Scheduled,Scheduled,Preview,N,night,1.0,Regular Season,Tropicana Field,114,Cleveland Guardians,CLE,,,139,Tampa Bay Rays,TB,,,
823601,2026-07-24,2026-07-24T23:10:00+00:00,2026-07-24 11:10 PM UTC,2026,Scheduled,Scheduled,Preview,N,night,1.0,Regular Season,Citi Field,119,Los Angeles Dodgers,LAD,,,121,New York Mets,NYM,,,
823843,2026-07-24,2026-07-24T23:10:00+00:00,2026-07-24 11:10 PM UTC,2026,Scheduled,Scheduled,Preview,N,night,1.0,Regular Season,loanDepot park,135,San Diego Padres,SD,,,146,Miami Marlins,MIA,,,
824733,2026-07-24,2026-07-24T23:10:00+00:00,2026-07-24 11:10 PM UTC,2026,Scheduled,Scheduled,Preview,N,night,1.0,Regular Season,Fenway Park,141,Toronto Blue Jays,TOR,,,111,Boston Red Sox,BOS,,,
824573,2026-07-24,2026-07-24T23:40:00+00:00,2026-07-24 11:40 PM UTC,2026,Scheduled,Scheduled,Preview,N,night,1.0,Regular Season,Rate Field,117,Houston Astros,HOU,,,145,Chicago White Sox,CWS,,,
822872,2026-07-24,2026-07-25T00:05:00+00:00,2026-07-25 12:05 AM UTC,2026,Scheduled,Scheduled,Preview,N,night,1.0,Regular Season,Globe Life Field,136,Seattle Mariners,SEA,,,140,Texas Rangers,TEX,,,
823680,2026-07-24,2026-07-25T00:10:00+00:00,2026-07-25 12:10 AM UTC,2026,Scheduled,Scheduled,Preview,N,night,1.0,Regular Season,Target Field,133,Athletics,ATH,,,142,Minnesota Twins,MIN,,,
823031,2026-07-24,2026-07-25T00:15:00+00:00,2026-07-25 12:15 AM UTC,2026,Scheduled,Scheduled,Preview,N,night,1.0,Regular Season,Busch Stadium,113,Cincinnati Reds,CIN,,,138,St. Louis Cardinals,STL,,,
823196,2026-07-24,2026-07-25T02:15:00+00:00,2026-07-25 02:15 AM UTC,2026,Scheduled,Scheduled,Preview,N,night,1.0,Regular Season,Oracle Park,108,Los Angeles Angels,LAA,,,137,San Francisco Giants,SF,,,
824244,2026-07-25,2026-07-25T17:10:00+00:00,2026-07-25 05:10 PM UTC,2026,Scheduled,Scheduled,Preview,N,day,3.0,Regular Season,Comerica Park,118,Kansas City Royals,KC,,,116,Detroit Tigers,DET,,,
822704,2026-07-25,2026-07-25T20:05:00+00:00,2026-07-25 08:05 PM UTC,2026,Scheduled,Scheduled,Preview,N,day,2.0,Regular Season,Nationals Park,109,Arizona Diamondbacks,AZ,,,120,Washington Nationals,WSH,,,
823197,2026-07-25,2026-07-25T20:05:00+00:00,2026-07-25 08:05 PM UTC,2026,Scheduled,Scheduled,Preview,N,day,2.0,Regular Season,Oracle Park,108,Los Angeles Angels,LAA,,,137,San Francisco Giants,SF,,,
823841,2026-07-25,2026-07-25T20:10:00+00:00,2026-07-25 08:10 PM UTC,2026,Scheduled,Scheduled,Preview,N,day,2.0,Regular Season,loanDepot park,135,San Diego Padres,SD,,,146,Miami Marlins,MIA,,,
824734,2026-07-25,2026-07-25T20:10:00+00:00,2026-07-25 08:10 PM UTC,2026,Scheduled,Scheduled,Preview,N,day,2.0,Regular Season,Fenway Park,141,Toronto Blue Jays,TOR,,,111,Boston Red Sox,BOS,,,
823435,2026-07-25,2026-07-25T22:05:00+00:00,2026-07-25 10:05 PM UTC,2026,Scheduled,Scheduled,Preview,N,night,2.0,Regular Season,Citizens Bank Park,147,New York Yankees,NYY,,,143,Philadelphia Phillies,PHI,,,
822948,2026-07-25,2026-07-25T22:10:00+00:00,2026-07-25 10:10 PM UTC,2026,Scheduled,Scheduled,Preview,N,night,2.0,Regular Season,Tropicana Field,114,Cleveland Guardians,CLE,,,139,Tampa Bay Rays,TB,,,
823355,2026-07-25,2026-07-25T22:40:00+00:00,2026-07-25 10:40 PM UTC,2026,Scheduled,Scheduled,Preview,N,night,2.0,Regular Season,PNC Park,112,Chicago Cubs,CHC,,,134,Pittsburgh Pirates,PIT,,,
824811,2026-07-25,2026-07-25T23:05:00+00:00,2026-07-25 11:05 PM UTC,2026,Scheduled,Scheduled,Preview,N,night,2.0,Regular Season,Oriole Park at Camden Yards,144,Atlanta Braves,ATL,,,110,Baltimore Orioles,BAL,,,
823679,2026-07-25,2026-07-25T23:10:00+00:00,2026-07-25 11:10 PM UTC,2026,Scheduled,Scheduled,Preview,N,night,2.0,Regular Season,Target Field,133,Athletics,ATH,,,142,Minnesota Twins,MIN,,,
823758,2026-07-25,2026-07-25T23:10:00+00:00,2026-07-25 11:10 PM UTC,2026,Scheduled,Scheduled,Preview,N,night,2.0,Regular Season,American Family Field,115,Colorado Rockies,COL,,,158,Milwaukee Brewers,MIL,,,
824571,2026-07-25,2026-07-25T23:10:00+00:00,2026-07-25 11:10 PM UTC,2026,Scheduled,Scheduled,Preview,N,night,2.0,Regular Season,Rate Field,117,Houston Astros,HOU,,,145,Chicago White Sox,CWS,,,
822869,2026-07-25,2026-07-25T23:15:00+00:00,2026-07-25 11:15 PM UTC,2026,Scheduled,Scheduled,Preview,N,night,2.0,Regular Season,Globe Life Field,136,Seattle Mariners,SEA,,,140,Texas Rangers,TEX,,,
823027,2026-07-25,2026-07-25T23:15:00+00:00,2026-07-25 11:15 PM UTC,2026,Scheduled,Scheduled,Preview,N,night,2.0,Regular Season,Busch Stadium,113,Cincinnati Reds,CIN,,,138,St. Louis Cardinals,STL,,,
823600,2026-07-25,2026-07-25T23:15:00+00:00,2026-07-25 11:15 PM UTC,2026,Scheduled,Scheduled,Preview,N,night,2.0,Regular Season,Citi Field,119,Los Angeles Dodgers,LAD,,,121,New York Mets,NYM,,,
822950,2026-07-26,2026-07-26T16:15:00+00:00,2026-07-26 04:15 PM UTC,2026,Scheduled,Scheduled,Preview,N,day,3.0,Regular Season,Tropicana Field,114,Cleveland Guardians,CLE,,,139,Tampa Bay Rays,TB,,,
822706,2026-07-26,2026-07-26T17:35:00+00:00,2026-07-26 05:35 PM UTC,2026,Scheduled,Scheduled,Preview,N,day,3.0,Regular Season,Nationals Park,109,Arizona Diamondbacks,AZ,,,120,Washington Nationals,WSH,,,
823354,2026-07-26,2026-07-26T17:35:00+00:00,2026-07-26 05:35 PM UTC,2026,Scheduled,Scheduled,Preview,N,day,3.0,Regular Season,PNC Park,112,Chicago Cubs,CHC,,,134,Pittsburgh Pirates,PIT,,,
824730,2026-07-26,2026-07-26T17:35:00+00:00,2026-07-26 05:35 PM UTC,2026,Scheduled,Scheduled,Preview,N,day,3.0,Regular Season,Fenway Park,141,Toronto Blue Jays,TOR,,,111,Boston Red Sox,BOS,,,
824810,2026-07-26,2026-07-26T17:35:00+00:00,2026-07-26 05:35 PM UTC,2026,Scheduled,Scheduled,Preview,N,day,3.0,Regular Season,Oriole Park at Camden Yards,144,Atlanta Braves,ATL,,,110,Baltimore Orioles,BAL,,,
823599,2026-07-26,2026-07-26T17:40:00+00:00,2026-07-26 05:40 PM UTC,2026,Scheduled,Scheduled,Preview,N,day,3.0,Regular Season,Citi Field,119,Los Angeles Dodgers,LAD,,,121,New York Mets,NYM,,,
823840,2026-07-26,2026-07-26T17:40:00+00:00,2026-07-26 05:40 PM UTC,2026,Scheduled,Scheduled,Preview,N,day,3.0,Regular Season,loanDepot park,135,San Diego Padres,SD,,,146,Miami Marlins,MIA,,,
824246,2026-07-26,2026-07-26T17:40:00+00:00,2026-07-26 05:40 PM UTC,2026,Scheduled,Scheduled,Preview,N,day,4.0,Regular Season,Comerica Park,118,Kansas City Royals,KC,,,116,Detroit Tigers,DET,,,
823678,2026-07-26,2026-07-26T18:10:00+00:00,2026-07-26 06:10 PM UTC,2026,Scheduled,Scheduled,Preview,N,day,3.0,Regular Season,Target Field,133,Athletics,ATH,,,142,Minnesota Twins,MIN,,,
823755,2026-07-26,2026-07-26T18:10:00+00:00,2026-07-26 06:10 PM UTC,2026,Scheduled,Scheduled,Preview,N,day,3.0,Regular Season,American Family Field,115,Colorado Rockies,COL,,,158,Milwaukee Brewers,MIL,,,
824572,2026-07-26,2026-07-26T18:10:00+00:00,2026-07-26 06:10 PM UTC,2026,Scheduled,Scheduled,Preview,N,day,3.0,Regular Season,Rate Field,117,Houston Astros,HOU,,,145,Chicago White Sox,CWS,,,
823028,2026-07-26,2026-07-26T18:15:00+00:00,2026-07-26 06:15 PM UTC,2026,Scheduled,Scheduled,Preview,N,day,3.0,Regular Season,Busch Stadium,113,Cincinnati Reds,CIN,,,138,St. Louis Cardinals,STL,,,
822870,2026-07-26,2026-07-26T18:35:00+00:00,2026-07-26 06:35 PM UTC,2026,Scheduled,Scheduled,Preview,N,day,3.0,Regular Season,Globe Life Field,136,Seattle Mariners,SEA,,,140,Texas Rangers,TEX,,,
823194,2026-07-26,2026-07-26T20:05:00+00:00,2026-07-26 08:05 PM UTC,2026,Scheduled,Scheduled,Preview,N,day,3.0,Regular Season,Oracle Park,108,Los Angeles Angels,LAA,,,137,San Francisco Giants,SF,,,
823433,2026-07-26,2026-07-26T23:20:00+00:00,2026-07-26 11:20 PM UTC,2026,Scheduled,Scheduled,Preview,N,night,3.0,Regular Season,Citizens Bank Park,147,New York Yankees,NYY,,,143,Philadelphia Phillies,PHI,,,
822868,2026-07-27,2026-07-27T18:35:00+00:00,2026-07-27 06:35 PM UTC,2026,Scheduled,Scheduled,Preview,N,day,4.0,Regular Season,Globe Life Field,136,Seattle Mariners,SEA,,,140,Texas Rangers,TEX,,,
823353,2026-07-27,2026-07-27T22:40:00+00:00,2026-07-27 10:40 PM UTC,2026,Scheduled,Scheduled,Preview,N,night,1.0,Regular Season,PNC Park,109,Arizona Diamondbacks,AZ,,,134,Pittsburgh Pirates,PIT,,,
823839,2026-07-27,2026-07-27T22:40:00+00:00,2026-07-27 10:40 PM UTC,2026,Scheduled,Scheduled,Preview,N,night,1.0,Regular Season,loanDepot park,143,Philadelphia Phillies,PHI,,,146,Miami Marlins,MIA,,,
824245,2026-07-27,2026-07-27T22:40:00+00:00,2026-07-27 10:40 PM UTC,2026,Scheduled,Scheduled,Preview,N,night,1.0,Regular Season,Comerica Park,110,Baltimore Orioles,BAL,,,116,Detroit Tigers,DET,,,
822705,2026-07-27,2026-07-27T22:45:00+00:00,2026-07-27 10:45 PM UTC,2026,Scheduled,Scheduled,Preview,N,night,1.0,Regular Season,Nationals Park,141,Toronto Blue Jays,TOR,,,120,Washington Nationals,WSH,,,
823597,2026-07-27,2026-07-27T23:10:00+00:00,2026-07-27 11:10 PM UTC,2026,Scheduled,Scheduled,Preview,N,night,1.0,Regular Season,Citi Field,144,Atlanta Braves,ATL,,,121,New York Mets,NYM,,,
824490,2026-07-27,2026-07-27T23:10:00+00:00,2026-07-27 11:10 PM UTC,2026,Scheduled,Scheduled,Preview,N,night,1.0,Regular Season,Great American Ball Park,114,Cleveland Guardians,CLE,,,113,Cincinnati Reds,CIN,,,
824570,2026-07-27,2026-07-27T23:40:00+00:00,2026-07-27 11:40 PM UTC,2026,Scheduled,Scheduled,Preview,N,night,1.0,Regular Season,Rate Field,147,New York Yankees,NYY,,,145,Chicago White Sox,CWS,,,
823025,2026-07-27,2026-07-27T23:45:00+00:00,2026-07-27 11:45 PM UTC,2026,Scheduled,Scheduled,Preview,N,night,1.0,Regular Season,Busch Stadium,112,Chicago Cubs,CHC,,,138,St. Louis Cardinals,STL,,,
824001,2026-07-27,2026-07-28T01:38:00+00:00,2026-07-28 01:38 AM UTC,2026,Scheduled,Scheduled,Preview,N,night,1.0,Regular Season,Angel Stadium,117,Houston Astros,HOU,,,108,Los Angeles Angels,LAA,,,
824977,2026-07-27,2026-07-28T01:40:00+00:00,2026-07-28 01:40 AM UTC,2026,Scheduled,Scheduled,Preview,N,night,1.0,Regular Season,Sutter Health Park,111,Boston Red Sox,BOS,,,133,Athletics,ATH,,,
823195,2026-07-27,2026-07-28T01:45:00+00:00,2026-07-28 01:45 AM UTC,2026,Scheduled,Scheduled,Preview,N,night,1.0,Regular Season,Oracle Park,158,Milwaukee Brewers,MIL,,,137,San Francisco Giants,SF,,,
822949,2026-07-28,2026-07-28T22:40:00+00:00,2026-07-28 10:40 PM UTC,2026,Scheduled,Scheduled,Preview,N,night,1.0,Regular Season,Tropicana Field,140,Texas Rangers,TEX,,,139,Tampa Bay Rays,TB,,,
823350,2026-07-28,2026-07-28T22:40:00+00:00,2026-07-28 10:40 PM UTC,2026,Scheduled,Scheduled,Preview,N,night,2.0,Regular Season,PNC Park,109,Arizona Diamondbacks,AZ,,,134,Pittsburgh Pirates,PIT,,,
823838,2026-07-28,2026-07-28T22:40:00+00:00,2026-07-28 10:40 PM UTC,2026,Scheduled,Scheduled,Preview,N,night,2.0,Regular Season,loanDepot park,143,Philadelphia Phillies,PHI,,,146,Miami Marlins,MIA,,,
824243,2026-07-28,2026-07-28T22:40:00+00:00,2026-07-28 10:40 PM UTC,2026,Scheduled,Scheduled,Preview,N,night,2.0,Regular Season,Comerica Park,110,Baltimore Orioles,BAL,,,116,Detroit Tigers,DET,,,
822703,2026-07-28,2026-07-28T22:45:00+00:00,2026-07-28 10:45 PM UTC,2026,Scheduled,Scheduled,Preview,N,night,2.0,Regular Season,Nationals Park,141,Toronto Blue Jays,TOR,,,120,Washington Nationals,WSH,,,
823598,2026-07-28,2026-07-28T23:10:00+00:00,2026-07-28 11:10 PM UTC,2026,Scheduled,Scheduled,Preview,N,night,2.0,Regular Season,Citi Field,144,Atlanta Braves,ATL,,,121,New York Mets,NYM,,,
824489,2026-07-28,2026-07-28T23:10:00+00:00,2026-07-28 11:10 PM UTC,2026,Scheduled,Scheduled,Preview,N,night,2.0,Regular Season,Great American Ball Park,114,Cleveland Guardians,CLE,,,113,Cincinnati Reds,CIN,,,
823676,2026-07-28,2026-07-28T23:40:00+00:00,2026-07-28 11:40 PM UTC,2026,Scheduled,Scheduled,Preview,N,night,1.0,Regular Season,Target Field,118,Kansas City Royals,KC,,,142,Minnesota Twins,MIN,,,
824569,2026-07-28,2026-07-28T23:40:00+00:00,2026-07-28 11:40 PM UTC,2026,Scheduled,Scheduled,Preview,N,night,2.0,Regular Season,Rate Field,147,New York Yankees,NYY,,,145,Chicago White Sox,CWS,,,
823026,2026-07-28,2026-07-28T23:45:00+00:00,2026-07-28 11:45 PM UTC,2026,Scheduled,Scheduled,Preview,N,night,2.0,Regular Season,Busch Stadium,112,Chicago Cubs,CHC,,,138,St. Louis Cardinals,STL,,,
824003,2026-07-28,2026-07-29T01:38:00+00:00,2026-07-29 01:38 AM UTC,2026,Scheduled,Scheduled,Preview,N,night,2.0,Regular Season,Angel Stadium,117,Houston Astros,HOU,,,108,Los Angeles Angels,LAA,,,
823275,2026-07-28,2026-07-29T01:40:00+00:00,2026-07-29 01:40 AM UTC,2026,Scheduled,Scheduled,Preview,N,night,1.0,Regular Season,Petco Park,115,Colorado Rockies,COL,,,135,San Diego Padres,SD,,,
824976,2026-07-28,2026-07-29T01:40:00+00:00,2026-07-29 01:40 AM UTC,2026,Scheduled,Scheduled,Preview,N,night,2.0,Regular Season,Sutter Health Park,111,Boston Red Sox,BOS,,,133,Athletics,ATH,,,
823193,2026-07-28,2026-07-29T01:45:00+00:00,2026-07-29 01:45 AM UTC,2026,Scheduled,Scheduled,Preview,N,night,2.0,Regular Season,Oracle Park,158,Milwaukee Brewers,MIL,,,137,San Francisco Giants,SF,,,
823923,2026-07-28,2026-07-29T02:10:00+00:00,2026-07-29 02:10 AM UTC,2026,Scheduled,Scheduled,Preview,N,night,1.0,Regular Season,UNIQLO Field at Dodger Stadium,136,Seattle Mariners,SEA,,,119,Los Angeles Dodgers,LAD,,,
823837,2026-07-29,2026-07-29T16:10:00+00:00,2026-07-29 04:10 PM UTC,2026,Scheduled,Scheduled,Preview,N,day,3.0,Regular Season,loanDepot park,143,Philadelphia Phillies,PHI,,,146,Miami Marlins,MIA,,,
823351,2026-07-29,2026-07-29T16:35:00+00:00,2026-07-29 04:35 PM UTC,2026,Scheduled,Scheduled,Preview,N,day,3.0,Regular Season,PNC Park,109,Arizona Diamondbacks,AZ,,,134,Pittsburgh Pirates,PIT,,,
822702,2026-07-29,2026-07-29T17:05:00+00:00,2026-07-29 05:05 PM UTC,2026,Scheduled,Scheduled,Preview,N,day,3.0,Regular Season,Nationals Park,141,Toronto Blue Jays,TOR,,,120,Washington Nationals,WSH,,,
823596,2026-07-29,2026-07-29T17:10:00+00:00,2026-07-29 05:10 PM UTC,2026,Scheduled,Scheduled,Preview,N,day,3.0,Regular Season,Citi Field,144,Atlanta Braves,ATL,,,121,New York Mets,NYM,,,
824242,2026-07-29,2026-07-29T17:10:00+00:00,2026-07-29 05:10 PM UTC,2026,Scheduled,Scheduled,Preview,N,day,3.0,Regular Season,Comerica Park,110,Baltimore Orioles,BAL,,,116,Detroit Tigers,DET,,,
823192,2026-07-29,2026-07-29T19:45:00+00:00,2026-07-29 07:45 PM UTC,2026,Scheduled,Scheduled,Preview,N,day,3.0,Regular Season,Oracle Park,158,Milwaukee Brewers,MIL,,,137,San Francisco Giants,SF,,,
823273,2026-07-29,2026-07-29T20:10:00+00:00,2026-07-29 08:10 PM UTC,2026,Scheduled,Scheduled,Preview,N,day,2.0,Regular Season,Petco Park,115,Colorado Rockies,COL,,,135,San Diego Padres,SD,,,
822947,2026-07-29,2026-07-29T22:40:00+00:00,2026-07-29 10:40 PM UTC,2026,Scheduled,Scheduled,Preview,N,night,2.0,Regular Season,Tropicana Field,140,Texas Rangers,TEX,,,139,Tampa Bay Rays,TB,,,
824487,2026-07-29,2026-07-29T23:10:00+00:00,2026-07-29 11:10 PM UTC,2026,Scheduled,Scheduled,Preview,N,night,3.0,Regular Season,Great American Ball Park,114,Cleveland Guardians,CLE,,,113,Cincinnati Reds,CIN,,,
823677,2026-07-29,2026-07-29T23:40:00+00:00,2026-07-29 11:40 PM UTC,2026,Scheduled,Scheduled,Preview,N,night,2.0,Regular Season,Target Field,118,Kansas City Royals,KC,,,142,Minnesota Twins,MIN,,,
824567,2026-07-29,2026-07-29T23:40:00+00:00,2026-07-29 11:40 PM UTC,2026,Scheduled,Scheduled,Preview,N,night,3.0,Regular Season,Rate Field,147,New York Yankees,NYY,,,145,Chicago White Sox,CWS,,,
823022,2026-07-29,2026-07-29T23:45:00+00:00,2026-07-29 11:45 PM UTC,2026,Scheduled,Scheduled,Preview,N,night,3.0,Regular Season,Busch Stadium,112,Chicago Cubs,CHC,,,138,St. Louis Cardinals,STL,,,
824002,2026-07-29,2026-07-30T01:38:00+00:00,2026-07-30 01:38 AM UTC,2026,Scheduled,Scheduled,Preview,N,night,3.0,Regular Season,Angel Stadium,117,Houston Astros,HOU,,,108,Los Angeles Angels,LAA,,,
824973,2026-07-29,2026-07-30T01:40:00+00:00,2026-07-30 01:40 AM UTC,2026,Scheduled,Scheduled,Preview,N,night,3.0,Regular Season,Sutter Health Park,111,Boston Red Sox,BOS,,,133,Athletics,ATH,,,
823924,2026-07-29,2026-07-30T02:10:00+00:00,2026-07-30 02:10 AM UTC,2026,Scheduled,Scheduled,Preview,N,night,2.0,Regular Season,UNIQLO Field at Dodger Stadium,136,Seattle Mariners,SEA,,,119,Los Angeles Dodgers,LAD,,,
822946,2026-07-30,2026-07-30T16:10:00+00:00,2026-07-30 04:10 PM UTC,2026,Scheduled,Scheduled,Preview,N,day,3.0,Regular Season,Tropicana Field,140,Texas Rangers,TEX,,,139,Tampa Bay Rays,TB,,,
823674,2026-07-30,2026-07-30T17:40:00+00:00,2026-07-30 05:40 PM UTC,2026,Scheduled,Scheduled,Preview,N,day,3.0,Regular Season,Target Field,118,Kansas City Royals,KC,,,142,Minnesota Twins,MIN,,,
824568,2026-07-30,2026-07-30T18:10:00+00:00,2026-07-30 06:10 PM UTC,2026,Scheduled,Scheduled,Preview,N,day,4.0,Regular Season,Rate Field,147,New York Yankees,NYY,,,145,Chicago White Sox,CWS,,,
823023,2026-07-30,2026-07-30T18:15:00+00:00,2026-07-30 06:15 PM UTC,2026,Scheduled,Scheduled,Preview,N,day,4.0,Regular Season,Busch Stadium,112,Chicago Cubs,CHC,,,138,St. Louis Cardinals,STL,,,
823595,2026-07-30,2026-07-30T23:10:00+00:00,2026-07-30 11:10 PM UTC,2026,Scheduled,Scheduled,Preview,N,night,1.0,Regular Season,Citi Field,146,Miami Marlins,MIA,,,121,New York Mets,NYM,,,
824488,2026-07-30,2026-07-30T23:10:00+00:00,2026-07-30 11:10 PM UTC,2026,Scheduled,Scheduled,Preview,N,night,1.0,Regular Season,Great American Ball Park,134,Pittsburgh Pirates,PIT,,,113,Cincinnati Reds,CIN,,,
824894,2026-07-30,2026-07-30T23:15:00+00:00,2026-07-30 11:15 PM UTC,2026,Scheduled,Scheduled,Preview,N,night,1.0,Regular Season,Truist Park,120,Washington Nationals,WSH,,,144,Atlanta Braves,ATL,,,
823271,2026-07-30,2026-07-31T01:40:00+00:00,2026-07-31 01:40 AM UTC,2026,Scheduled,Scheduled,Preview,N,night,1.0,Regular Season,Petco Park,137,San Francisco Giants,SF,,,135,San Diego Padres,SD,,,
824974,2026-07-30,2026-07-31T01:40:00+00:00,2026-07-31 01:40 AM UTC,2026,Scheduled,Scheduled,Preview,N,night,4.0,Regular Season,Sutter Health Park,111,Boston Red Sox,BOS,,,133,Athletics,ATH,,,
823921,2026-07-30,2026-07-31T02:10:00+00:00,2026-07-31 02:10 AM UTC,2026,Scheduled,Scheduled,Preview,N,night,3.0,Regular Season,UNIQLO Field at Dodger Stadium,136,Seattle Mariners,SEA,,,119,Los Angeles Dodgers,LAD,,,
824651,2026-07-31,2026-07-31T18:20:00+00:00,2026-07-31 06:20 PM UTC,2026,Scheduled,Scheduled,Preview,N,day,1.0,Regular Season,Wrigley Field,147,New York Yankees,NYY,,,112,Chicago Cubs,CHC,,,
824486,2026-07-31,2026-07-31T22:10:00+00:00,2026-07-31 10:10 PM UTC,2026,Scheduled,Scheduled,Preview,N,night,2.0,Regular Season,Great American Ball Park,134,Pittsburgh Pirates,PIT,,,113,Cincinnati Reds,CIN,,,
824809,2026-07-31,2026-07-31T23:05:00+00:00,2026-07-31 11:05 PM UTC,2026,Scheduled,Scheduled,Preview,N,night,1.0,Regular Season,Oriole Park at Camden Yards,143,Philadelphia Phillies,PHI,,,110,Baltimore Orioles,BAL,,,
822782,2026-07-31,2026-07-31T23:07:00+00:00,2026-07-31 11:07 PM UTC,2026,Scheduled,Scheduled,Preview,N,night,1.0,Regular Season,Rogers Centre,138,St. Louis Cardinals,STL,,,141,Toronto Blue Jays,TOR,,,
822945,2026-07-31,2026-07-31T23:10:00+00:00,2026-07-31 11:10 PM UTC,2026,Scheduled,Scheduled,Preview,N,night,1.0,Regular Season,Tropicana Field,145,Chicago White Sox,CWS,,,139,Tampa Bay Rays,TB,,,
823593,2026-07-31,2026-07-31T23:10:00+00:00,2026-07-31 11:10 PM UTC,2026,Scheduled,Scheduled,Preview,N,night,2.0,Regular Season,Citi Field,146,Miami Marlins,MIA,,,121,New York Mets,NYM,,,
824407,2026-07-31,2026-07-31T23:10:00+00:00,2026-07-31 11:10 PM UTC,2026,Scheduled,Scheduled,Preview,N,night,1.0,Regular Season,Progressive Field,109,Arizona Diamondbacks,AZ,,,114,Cleveland Guardians,CLE,,,
824892,2026-07-31,2026-07-31T23:15:00+00:00,2026-07-31 11:15 PM UTC,2026,Scheduled,Scheduled,Preview,N,night,2.0,Regular Season,Truist Park,120,Washington Nationals,WSH,,,144,Atlanta Braves,ATL,,,
824164,2026-07-31,2026-08-01T00:10:00+00:00,2026-08-01 12:10 AM UTC,2026,Scheduled,Scheduled,Preview,N,night,1.0,Regular Season,Daikin Park,140,Texas Rangers,TEX,,,117,Houston Astros,HOU,,,
824325,2026-07-31,2026-08-01T00:40:00+00:00,2026-08-01 12:40 AM UTC,2026,Scheduled,Scheduled,Preview,N,night,1.0,Regular Season,Coors Field,118,Kansas City Royals,KC,,,115,Colorado Rockies,COL,,,
823999,2026-07-31,2026-08-01T01:38:00+00:00,2026-08-01 01:38 AM UTC,2026,Scheduled,Scheduled,Preview,N,night,1.0,Regular Season,Angel Stadium,158,Milwaukee Brewers,MIL,,,108,Los Angeles Angels,LAA,,,
823272,2026-07-31,2026-08-01T01:40:00+00:00,2026-08-01 01:40 AM UTC,2026,Scheduled,Scheduled,Preview,N,night,2.0,Regular Season,Petco Park,137,San Francisco Giants,SF,,,135,San Diego Padres,SD,,,
824975,2026-07-31,2026-08-01T01:40:00+00:00,2026-08-01 01:40 AM UTC,2026,Scheduled,Scheduled,Preview,N,night,1.0,Regular Season,Sutter Health Park,116,Detroit Tigers,DET,,,133,Athletics,ATH,,,
823111,2026-07-31,2026-08-01T02:10:00+00:00,2026-08-01 02:10 AM UTC,2026,Scheduled,Scheduled,Preview,N,night,1.0,Regular Season,T-Mobile Park,142,Minnesota Twins,MIN,,,136,Seattle Mariners,SEA,,,
823922,2026-07-31,2026-08-01T02:10:00+00:00,2026-08-01 02:10 AM UTC,2026,Scheduled,Scheduled,Preview,N,night,1.0,Regular Season,UNIQLO Field at Dodger Stadium,111,Boston Red Sox,BOS,,,119,Los Angeles Dodgers,LAD,,,
822781,2026-08-01,2026-08-01T19:07:00+00:00,2026-08-01 07:07 PM UTC,2026,Scheduled,Scheduled,Preview,N,day,2.0,Regular Season,Rogers Centre,138,St. Louis Cardinals,STL,,,141,Toronto Blue Jays,TOR,,,
822944,2026-08-01,2026-08-01T20:10:00+00:00,2026-08-01 08:10 PM UTC,2026,Scheduled,Scheduled,Preview,N,day,2.0,Regular Season,Tropicana Field,145,Chicago White Sox,CWS,,,139,Tampa Bay Rays,TB,,,
823109,2026-08-01,2026-08-01T20:10:00+00:00,2026-08-01 08:10 PM UTC,2026,Scheduled,Scheduled,Preview,N,day,2.0,Regular Season,T-Mobile Park,142,Minnesota Twins,MIN,,,136,Seattle Mariners,SEA,,,
823594,2026-08-01,2026-08-01T20:10:00+00:00,2026-08-01 08:10 PM UTC,2026,Scheduled,Scheduled,Preview,N,day,3.0,Regular Season,Citi Field,146,Miami Marlins,MIA,,,121,New York Mets,NYM,,,
824485,2026-08-01,2026-08-01T22:40:00+00:00,2026-08-01 10:40 PM UTC,2026,Scheduled,Scheduled,Preview,N,night,3.0,Regular Season,Great American Ball Park,134,Pittsburgh Pirates,PIT,,,113,Cincinnati Reds,CIN,,,
824808,2026-08-01,2026-08-01T23:05:00+00:00,2026-08-01 11:05 PM UTC,2026,Scheduled,Scheduled,Preview,N,night,2.0,Regular Season,Oriole Park at Camden Yards,143,Philadelphia Phillies,PHI,,,110,Baltimore Orioles,BAL,,,
824162,2026-08-01,2026-08-01T23:10:00+00:00,2026-08-01 11:10 PM UTC,2026,Scheduled,Scheduled,Preview,N,night,2.0,Regular Season,Daikin Park,140,Texas Rangers,TEX,,,117,Houston Astros,HOU,,,
824405,2026-08-01,2026-08-01T23:15:00+00:00,2026-08-01 11:15 PM UTC,2026,Scheduled,Scheduled,Preview,N,night,2.0,Regular Season,Progressive Field,109,Arizona Diamondbacks,AZ,,,114,Cleveland Guardians,CLE,,,
824649,2026-08-01,2026-08-01T23:15:00+00:00,2026-08-01 11:15 PM UTC,2026,Scheduled,Scheduled,Preview,N,night,2.0,Regular Season,Wrigley Field,147,New York Yankees,NYY,,,112,Chicago Cubs,CHC,,,
824890,2026-08-01,2026-08-01T23:15:00+00:00,2026-08-01 11:15 PM UTC,2026,Scheduled,Scheduled,Preview,N,night,3.0,Regular Season,Truist Park,120,Washington Nationals,WSH,,,144,Atlanta Braves,ATL,,,
824326,2026-08-01,2026-08-02T00:10:00+00:00,2026-08-02 12:10 AM UTC,2026,Scheduled,Scheduled,Preview,N,night,2.0,Regular Season,Coors Field,118,Kansas City Royals,KC,,,115,Colorado Rockies,COL,,,
823269,2026-08-01,2026-08-02T00:40:00+00:00,2026-08-02 12:40 AM UTC,2026,Scheduled,Scheduled,Preview,N,night,3.0,Regular Season,Petco Park,137,San Francisco Giants,SF,,,135,San Diego Padres,SD,,,
823920,2026-08-01,2026-08-02T01:10:00+00:00,2026-08-02 01:10 AM UTC,2026,Scheduled,Scheduled,Preview,N,night,2.0,Regular Season,UNIQLO Field at Dodger Stadium,111,Boston Red Sox,BOS,,,119,Los Angeles Dodgers,LAD,,,
824000,2026-08-01,2026-08-02T01:38:00+00:00,2026-08-02 01:38 AM UTC,2026,Scheduled,Scheduled,Preview,N,night,2.0,Regular Season,Angel Stadium,158,Milwaukee Brewers,MIL,,,108,Los Angeles Angels,LAA,,,
824972,2026-08-01,2026-08-02T01:40:00+00:00,2026-08-02 01:40 AM UTC,2026,Scheduled,Scheduled,Preview,N,night,2.0,Regular Season,Sutter Health Park,116,Detroit Tigers,DET,,,133,Athletics,ATH,,,
824807,2026-08-02,2026-08-02T17:35:00+00:00,2026-08-02 05:35 PM UTC,2026,Scheduled,Scheduled,Preview,N,day,3.0,Regular Season,Oriole Park at Camden Yards,143,Philadelphia Phillies,PHI,,,110,Baltimore Orioles,BAL,,,
824891,2026-08-02,2026-08-02T17:35:00+00:00,2026-08-02 05:35 PM UTC,2026,Scheduled,Scheduled,Preview,N,day,4.0,Regular Season,Truist Park,120,Washington Nationals,WSH,,,144,Atlanta Braves,ATL,,,
822783,2026-08-02,2026-08-02T17:37:00+00:00,2026-08-02 05:37 PM UTC,2026,Scheduled,Scheduled,Preview,N,day,3.0,Regular Season,Rogers Centre,138,St. Louis Cardinals,STL,,,141,Toronto Blue Jays,TOR,,,
822943,2026-08-02,2026-08-02T17:40:00+00:00,2026-08-02 05:40 PM UTC,2026,Scheduled,Scheduled,Preview,N,day,3.0,Regular Season,Tropicana Field,145,Chicago White Sox,CWS,,,139,Tampa Bay Rays,TB,,,
823592,2026-08-02,2026-08-02T17:40:00+00:00,2026-08-02 05:40 PM UTC,2026,Scheduled,Scheduled,Preview,N,day,4.0,Regular Season,Citi Field,146,Miami Marlins,MIA,,,121,New York Mets,NYM,,,
824404,2026-08-02,2026-08-02T17:40:00+00:00,2026-08-02 05:40 PM UTC,2026,Scheduled,Scheduled,Preview,N,day,3.0,Regular Season,Progressive Field,109,Arizona Diamondbacks,AZ,,,114,Cleveland Guardians,CLE,,,
824483,2026-08-02,2026-08-02T17:40:00+00:00,2026-08-02 05:40 PM UTC,2026,Scheduled,Scheduled,Preview,N,day,4.0,Regular Season,Great American Ball Park,134,Pittsburgh Pirates,PIT,,,113,Cincinnati Reds,CIN,,,
824163,2026-08-02,2026-08-02T18:10:00+00:00,2026-08-02 06:10 PM UTC,2026,Scheduled,Scheduled,Preview,N,day,3.0,Regular Season,Daikin Park,140,Texas Rangers,TEX,,,117,Houston Astros,HOU,,,
824648,2026-08-02,2026-08-02T18:20:00+00:00,2026-08-02 06:20 PM UTC,2026,Scheduled,Scheduled,Preview,N,day,3.0,Regular Season,Wrigley Field,147,New York Yankees,NYY,,,112,Chicago Cubs,CHC,,,
824323,2026-08-02,2026-08-02T19:10:00+00:00,2026-08-02 07:10 PM UTC,2026,Scheduled,Scheduled,Preview,N,day,3.0,Regular Season,Coors Field,118,Kansas City Royals,KC,,,115,Colorado Rockies,COL,,,
823996,2026-08-02,2026-08-02T19:15:00+00:00,2026-08-02 07:15 PM UTC,2026,Scheduled,Scheduled,Preview,N,day,3.0,Regular Season,Angel Stadium,158,Milwaukee Brewers,MIL,,,108,Los Angeles Angels,LAA,,,
824971,2026-08-02,2026-08-02T20:05:00+00:00,2026-08-02 08:05 PM UTC,2026,Scheduled,Scheduled,Preview,N,day,3.0,Regular Season,Sutter Health Park,116,Detroit Tigers,DET,,,133,Athletics,ATH,,,
823107,2026-08-02,2026-08-02T20:10:00+00:00,2026-08-02 08:10 PM UTC,2026,Scheduled,Scheduled,Preview,N,day,3.0,Regular Season,T-Mobile Park,142,Minnesota Twins,MIN,,,136,Seattle Mariners,SEA,,,
823270,2026-08-02,2026-08-02T20:10:00+00:00,2026-08-02 08:10 PM UTC,2026,Scheduled,Scheduled,Preview,N,day,4.0,Regular Season,Petco Park,137,San Francisco Giants,SF,,,135,San Diego Padres,SD,,,
823919,2026-08-02,2026-08-02T23:20:00+00:00,2026-08-02 11:20 PM UTC,2026,Scheduled,Scheduled,Preview,N,day,3.0,Regular Season,UNIQLO Field at Dodger Stadium,111,Boston Red Sox,BOS,,,119,Los Angeles Dodgers,LAD,,,
823431,2026-08-03,2026-08-03T22:40:00+00:00,2026-08-03 10:40 PM UTC,2026,Scheduled,Scheduled,Preview,N,night,1.0,Regular Season,Citizens Bank Park,120,Washington Nationals,WSH,,,143,Philadelphia Phillies,PHI,,,
823520,2026-08-03,2026-08-03T23:05:00+00:00,2026-08-03 11:05 PM UTC,2026,Scheduled,Scheduled,Preview,N,night,1.0,Regular Season,Yankee Stadium,138,St. Louis Cardinals,STL,,,147,New York Yankees,NYY,,,
823757,2026-08-03,2026-08-03T23:40:00+00:00,2026-08-03 11:40 PM UTC,2026,Scheduled,Scheduled,Preview,N,night,1.0,Regular Season,American Family Field,134,Pittsburgh Pirates,PIT,,,158,Milwaukee Brewers,MIL,,,
822867,2026-08-03,2026-08-04T00:05:00+00:00,2026-08-04 12:05 AM UTC,2026,Scheduled,Scheduled,Preview,N,night,1.0,Regular Season,Globe Life Field,137,San Francisco Giants,SF,,,140,Texas Rangers,TEX,,,
824647,2026-08-03,2026-08-04T00:05:00+00:00,2026-08-04 12:05 AM UTC,2026,Scheduled,Scheduled,Preview,N,night,1.0,Regular Season,Wrigley Field,119,Los Angeles Dodgers,LAD,,,112,Chicago Cubs,CHC,,,
824160,2026-08-03,2026-08-04T00:10:00+00:00,2026-08-04 12:10 AM UTC,2026,Scheduled,Scheduled,Preview,N,night,1.0,Regular Season,Daikin Park,141,Toronto Blue Jays,TOR,,,117,Houston Astros,HOU,,,
824324,2026-08-03,2026-08-04T00:40:00+00:00,2026-08-04 12:40 AM UTC,2026,Scheduled,Scheduled,Preview,N,night,1.0,Regular Season,Coors Field,139,Tampa Bay Rays,TB,,,115,Colorado Rockies,COL,,,
825095,2026-08-03,2026-08-04T01:40:00+00:00,2026-08-04 01:40 AM UTC,2026,Scheduled,Scheduled,Preview,N,night,1.0,Regular Season,Chase Field,135,San Diego Padres,SD,,,109,Arizona Diamondbacks,AZ,,,
824805,2026-08-04,2026-08-04T22:35:00+00:00,2026-08-04 10:35 PM UTC,2026,Scheduled,Scheduled,Preview,N,night,1.0,Regular Season,Oriole Park at Camden Yards,108,Los Angeles Angels,LAA,,,110,Baltimore Orioles,BAL,,,
823432,2026-08-04,2026-08-04T22:40:00+00:00,2026-08-04 10:40 PM UTC,2026,Scheduled,Scheduled,Preview,N,night,2.0,Regular Season,Citizens Bank Park,120,Washington Nationals,WSH,,,143,Philadelphia Phillies,PHI,,,
824403,2026-08-04,2026-08-04T22:40:00+00:00,2026-08-04 10:40 PM UTC,2026,Scheduled,Scheduled,Preview,N,night,1.0,Regular Season,Progressive Field,121,New York Mets,NYM,,,114,Cleveland Guardians,CLE,,,
824484,2026-08-04,2026-08-04T22:40:00+00:00,2026-08-04 10:40 PM UTC,2026,Scheduled,Scheduled,Preview,N,night,1.0,Regular Season,Great American Ball Park,133,Athletics,ATH,,,113,Cincinnati Reds,CIN,,,
823517,2026-08-04,2026-08-04T23:05:00+00:00,2026-08-04 11:05 PM UTC,2026,Scheduled,Scheduled,Preview,N,night,2.0,Regular Season,Yankee Stadium,138,St. Louis Cardinals,STL,,,147,New York Yankees,NYY,,,
824731,2026-08-04,2026-08-04T23:10:00+00:00,2026-08-04 11:10 PM UTC,2026,Scheduled,Scheduled,Preview,N,night,1.0,Regular Season,Fenway Park,145,Chicago White Sox,CWS,,,111,Boston Red Sox,BOS,,,
824888,2026-08-04,2026-08-04T23:15:00+00:00,2026-08-04 11:15 PM UTC,2026,Scheduled,Scheduled,Preview,N,night,1.0,Regular Season,Truist Park,146,Miami Marlins,MIA,,,144,Atlanta Braves,ATL,,,
823756,2026-08-04,2026-08-04T23:40:00+00:00,2026-08-04 11:40 PM UTC,2026,Scheduled,Scheduled,Preview,N,night,2.0,Regular Season,American Family Field,134,Pittsburgh Pirates,PIT,,,158,Milwaukee Brewers,MIL,,,
824084,2026-08-04,2026-08-04T23:40:00+00:00,2026-08-04 11:40 PM UTC,2026,Scheduled,Scheduled,Preview,N,night,1.0,Regular Season,Kauffman Stadium,142,Minnesota Twins,MIN,,,118,Kansas City Royals,KC,,,
822865,2026-08-04,2026-08-05T00:05:00+00:00,2026-08-05 12:05 AM UTC,2026,Scheduled,Scheduled,Preview,N,night,2.0,Regular Season,Globe Life Field,137,San Francisco Giants,SF,,,140,Texas Rangers,TEX,,,
824645,2026-08-04,2026-08-05T00:05:00+00:00,2026-08-05 12:05 AM UTC,2026,Scheduled,Scheduled,Preview,N,night,2.0,Regular Season,Wrigley Field,119,Los Angeles Dodgers,LAD,,,112,Chicago Cubs,CHC,,,
824161,2026-08-04,2026-08-05T00:10:00+00:00,2026-08-05 12:10 AM UTC,2026,Scheduled,Scheduled,Preview,N,night,2.0,Regular Season,Daikin Park,141,Toronto Blue Jays,TOR,,,117,Houston Astros,HOU,,,
824321,2026-08-04,2026-08-05T00:40:00+00:00,2026-08-05 12:40 AM UTC,2026,Scheduled,Scheduled,Preview,N,night,2.0,Regular Season,Coors Field,139,Tampa Bay Rays,TB,,,115,Colorado Rockies,COL,,,
823108,2026-08-04,2026-08-05T01:40:00+00:00,2026-08-05 01:40 AM UTC,2026,Scheduled,Scheduled,Preview,N,night,1.0,Regular Season,T-Mobile Park,116,Detroit Tigers,DET,,,136,Seattle Mariners,SEA,,,
825054,2026-08-04,2026-08-05T01:40:00+00:00,2026-08-05 01:40 AM UTC,2026,Scheduled,Scheduled,Preview,N,night,2.0,Regular Season,Chase Field,135,San Diego Padres,SD,,,109,Arizona Diamondbacks,AZ,,,
824158,2026-08-05,2026-08-05T18:10:00+00:00,2026-08-05 06:10 PM UTC,2026,Scheduled,Scheduled,Preview,N,day,3.0,Regular Season,Daikin Park,141,Toronto Blue Jays,TOR,,,117,Houston Astros,HOU,,,
824646,2026-08-05,2026-08-05T18:20:00+00:00,2026-08-05 06:20 PM UTC,2026,Scheduled,Scheduled,Preview,N,day,3.0,Regular Season,Wrigley Field,119,Los Angeles Dodgers,LAD,,,112,Chicago Cubs,CHC,,,
822866,2026-08-05,2026-08-05T18:35:00+00:00,2026-08-05 06:35 PM UTC,2026,Scheduled,Scheduled,Preview,N,day,3.0,Regular Season,Globe Life Field,137,San Francisco Giants,SF,,,140,Texas Rangers,TEX,,,
824322,2026-08-05,2026-08-05T19:10:00+00:00,2026-08-05 07:10 PM UTC,2026,Scheduled,Scheduled,Preview,N,day,3.0,Regular Season,Coors Field,139,Tampa Bay Rays,TB,,,115,Colorado Rockies,COL,,,
824806,2026-08-05,2026-08-05T22:35:00+00:00,2026-08-05 10:35 PM UTC,2026,Scheduled,Scheduled,Preview,N,night,2.0,Regular Season,Oriole Park at Camden Yards,108,Los Angeles Angels,LAA,,,110,Baltimore Orioles,BAL,,,
823429,2026-08-05,2026-08-05T22:40:00+00:00,2026-08-05 10:40 PM UTC,2026,Scheduled,Scheduled,Preview,N,night,3.0,Regular Season,Citizens Bank Park,120,Washington Nationals,WSH,,,143,Philadelphia Phillies,PHI,,,
824402,2026-08-05,2026-08-05T22:40:00+00:00,2026-08-05 10:40 PM UTC,2026,Scheduled,Scheduled,Preview,N,night,2.0,Regular Season,Progressive Field,121,New York Mets,NYM,,,114,Cleveland Guardians,CLE,,,
824482,2026-08-05,2026-08-05T22:40:00+00:00,2026-08-05 10:40 PM UTC,2026,Scheduled,Scheduled,Preview,N,night,2.0,Regular Season,Great American Ball Park,133,Athletics,ATH,,,113,Cincinnati Reds,CIN,,,
823516,2026-08-05,2026-08-05T23:05:00+00:00,2026-08-05 11:05 PM UTC,2026,Scheduled,Scheduled,Preview,N,night,3.0,Regular Season,Yankee Stadium,138,St. Louis Cardinals,STL,,,147,New York Yankees,NYY,,,
824728,2026-08-05,2026-08-05T23:10:00+00:00,2026-08-05 11:10 PM UTC,2026,Scheduled,Scheduled,Preview,N,night,2.0,Regular Season,Fenway Park,145,Chicago White Sox,CWS,,,111,Boston Red Sox,BOS,,,
824889,2026-08-05,2026-08-05T23:15:00+00:00,2026-08-05 11:15 PM UTC,2026,Scheduled,Scheduled,Preview,N,night,2.0,Regular Season,Truist Park,146,Miami Marlins,MIA,,,144,Atlanta Braves,ATL,,,
823753,2026-08-05,2026-08-05T23:40:00+00:00,2026-08-05 11:40 PM UTC,2026,Scheduled,Scheduled,Preview,N,night,3.0,Regular Season,American Family Field,134,Pittsburgh Pirates,PIT,,,158,Milwaukee Brewers,MIL,,,
824082,2026-08-05,2026-08-05T23:40:00+00:00,2026-08-05 11:40 PM UTC,2026,Scheduled,Scheduled,Preview,N,night,2.0,Regular Season,Kauffman Stadium,142,Minnesota Twins,MIN,,,118,Kansas City Royals,KC,,,
823106,2026-08-05,2026-08-06T01:40:00+00:00,2026-08-06 01:40 AM UTC,2026,Scheduled,Scheduled,Preview,N,night,2.0,Regular Season,T-Mobile Park,116,Detroit Tigers,DET,,,136,Seattle Mariners,SEA,,,
825052,2026-08-05,2026-08-06T01:40:00+00:00,2026-08-06 01:40 AM UTC,2026,Scheduled,Scheduled,Preview,N,night,3.0,Regular Season,Chase Field,135,San Diego Padres,SD,,,109,Arizona Diamondbacks,AZ,,,
824804,2026-08-06,2026-08-06T16:35:00+00:00,2026-08-06 04:35 PM UTC,2026,Scheduled,Scheduled,Preview,N,day,3.0,Regular Season,Oriole Park at Camden Yards,108,Los Angeles Angels,LAA,,,110,Baltimore Orioles,BAL,,,
824481,2026-08-06,2026-08-06T16:40:00+00:00,2026-08-06 04:40 PM UTC,2026,Scheduled,Scheduled,Preview,N,day,3.0,Regular Season,Great American Ball Park,133,Athletics,ATH,,,113,Cincinnati Reds,CIN,,,
824401,2026-08-06,2026-08-06T17:10:00+00:00,2026-08-06 05:10 PM UTC,2026,Scheduled,Scheduled,Preview,N,day,3.0,Regular Season,Progressive Field,121,New York Mets,NYM,,,114,Cleveland Guardians,CLE,,,
823754,2026-08-06,2026-08-06T18:10:00+00:00,2026-08-06 06:10 PM UTC,2026,Scheduled,Scheduled,Preview,N,day,4.0,Regular Season,American Family Field,134,Pittsburgh Pirates,PIT,,,158,Milwaukee Brewers,MIL,,,
823105,2026-08-06,2026-08-06T20:10:00+00:00,2026-08-06 08:10 PM UTC,2026,Scheduled,Scheduled,Preview,N,day,3.0,Regular Season,T-Mobile Park,116,Detroit Tigers,DET,,,136,Seattle Mariners,SEA,,,
823430,2026-08-06,2026-08-06T22:05:00+00:00,2026-08-06 10:05 PM UTC,2026,Scheduled,Scheduled,Preview,N,night,4.0,Regular Season,Citizens Bank Park,120,Washington Nationals,WSH,,,143,Philadelphia Phillies,PHI,,,
824729,2026-08-06,2026-08-06T23:10:00+00:00,2026-08-06 11:10 PM UTC,2026,Scheduled,Scheduled,Preview,N,night,3.0,Regular Season,Fenway Park,145,Chicago White Sox,CWS,,,111,Boston Red Sox,BOS,,,
824885,2026-08-06,2026-08-06T23:15:00+00:00,2026-08-06 11:15 PM UTC,2026,Scheduled,Scheduled,Preview,N,night,3.0,Regular Season,Truist Park,146,Miami Marlins,MIA,,,144,Atlanta Braves,ATL,,,
824080,2026-08-06,2026-08-06T23:40:00+00:00,2026-08-06 11:40 PM UTC,2026,Scheduled,Scheduled,Preview,N,night,3.0,Regular Season,Kauffman Stadium,142,Minnesota Twins,MIN,,,118,Kansas City Royals,KC,,,
825053,2026-08-06,2026-08-07T01:40:00+00:00,2026-08-07 01:40 AM UTC,2026,Scheduled,Scheduled,Preview,N,night,4.0,Regular Season,Chase Field,135,San Diego Padres,SD,,,109,Arizona Diamondbacks,AZ,,,
823349,2026-08-07,2026-08-07T22:40:00+00:00,2026-08-07 10:40 PM UTC,2026,Scheduled,Scheduled,Preview,N,night,1.0,Regular Season,PNC Park,121,New York Mets,NYM,,,134,Pittsburgh Pirates,PIT,,,
823428,2026-08-07,2026-08-07T22:40:00+00:00,2026-08-07 10:40 PM UTC,2026,Scheduled,Scheduled,Preview,N,night,1.0,Regular Season,Citizens Bank Park,141,Toronto Blue Jays,TOR,,,143,Philadelphia Phillies,PHI,,,
822699,2026-08-07,2026-08-07T22:45:00+00:00,2026-08-07 10:45 PM UTC,2026,Scheduled,Scheduled,Preview,N,night,1.0,Regular Season,Nationals Park,113,Cincinnati Reds,CIN,,,120,Washington Nationals,WSH,,,
823515,2026-08-07,2026-08-07T23:05:00+00:00,2026-08-07 11:05 PM UTC,2026,Scheduled,Scheduled,Preview,N,night,1.0,Regular Season,Yankee Stadium,144,Atlanta Braves,ATL,,,147,New York Yankees,NYY,,,
823836,2026-08-07,2026-08-07T23:10:00+00:00,2026-08-07 11:10 PM UTC,2026,Scheduled,Scheduled,Preview,N,night,1.0,Regular Season,loanDepot park,108,Los Angeles Angels,LAA,,,146,Miami Marlins,MIA,,,
824727,2026-08-07,2026-08-07T23:10:00+00:00,2026-08-07 11:10 PM UTC,2026,Scheduled,Scheduled,Preview,N,night,1.0,Regular Season,Fenway Park,133,Athletics,ATH,,,111,Boston Red Sox,BOS,,,
823750,2026-08-07,2026-08-07T23:40:00+00:00,2026-08-07 11:40 PM UTC,2026,Scheduled,Scheduled,Preview,N,night,1.0,Regular Season,American Family Field,142,Minnesota Twins,MIN,,,158,Milwaukee Brewers,MIL,,,
824566,2026-08-07,2026-08-07T23:40:00+00:00,2026-08-07 11:40 PM UTC,2026,Scheduled,Scheduled,Preview,N,night,1.0,Regular Season,Rate Field,114,Cleveland Guardians,CLE,,,145,Chicago White Sox,CWS,,,
822863,2026-08-07,2026-08-08T00:05:00+00:00,2026-08-08 12:05 AM UTC,2026,Scheduled,Scheduled,Preview,N,night,1.0,Regular Season,Globe Life Field,110,Baltimore Orioles,BAL,,,140,Texas Rangers,TEX,,,
824081,2026-08-07,2026-08-08T00:10:00+00:00,2026-08-08 12:10 AM UTC,2026,Scheduled,Scheduled,Preview,N,night,1.0,Regular Season,Kauffman Stadium,112,Chicago Cubs,CHC,,,118,Kansas City Royals,KC,,,
823024,2026-08-07,2026-08-08T00:15:00+00:00,2026-08-08 12:15 AM UTC,2026,Scheduled,Scheduled,Preview,N,night,1.0,Regular Season,Busch Stadium,115,Colorado Rockies,COL,,,138,St. Louis Cardinals,STL,,,
823266,2026-08-07,2026-08-08T01:40:00+00:00,2026-08-08 01:40 AM UTC,2026,Scheduled,Scheduled,Preview,N,night,1.0,Regular Season,Petco Park,117,Houston Astros,HOU,,,135,San Diego Padres,SD,,,
825051,2026-08-07,2026-08-08T01:40:00+00:00,2026-08-08 01:40 AM UTC,2026,Scheduled,Scheduled,Preview,N,night,1.0,Regular Season,Chase Field,119,Los Angeles Dodgers,LAD,,,109,Arizona Diamondbacks,AZ,,,
823103,2026-08-07,2026-08-08T02:10:00+00:00,2026-08-08 02:10 AM UTC,2026,Scheduled,Scheduled,Preview,N,night,1.0,Regular Season,T-Mobile Park,139,Tampa Bay Rays,TB,,,136,Seattle Mariners,SEA,,,
823191,2026-08-07,2026-08-08T02:15:00+00:00,2026-08-08 02:15 AM UTC,2026,Scheduled,Scheduled,Preview,N,night,1.0,Regular Season,Oracle Park,116,Detroit Tigers,DET,,,137,San Francisco Giants,SF,,,
823514,2026-08-08,2026-08-08T19:05:00+00:00,2026-08-08 07:05 PM UTC,2026,Scheduled,Scheduled,Preview,N,day,2.0,Regular Season,Yankee Stadium,144,Atlanta Braves,ATL,,,147,New York Yankees,NYY,,,
823834,2026-08-08,2026-08-08T20:10:00+00:00,2026-08-08 08:10 PM UTC,2026,Scheduled,Scheduled,Preview,N,day,2.0,Regular Season,loanDepot park,108,Los Angeles Angels,LAA,,,146,Miami Marlins,MIA,,,
824726,2026-08-08,2026-08-08T20:10:00+00:00,2026-08-08 08:10 PM UTC,2026,Scheduled,Scheduled,Preview,N,day,2.0,Regular Season,Fenway Park,133,Athletics,ATH,,,111,Boston Red Sox,BOS,,,
823426,2026-08-08,2026-08-08T22:05:00+00:00,2026-08-08 10:05 PM UTC,2026,Scheduled,Scheduled,Preview,N,night,2.0,Regular Season,Citizens Bank Park,141,Toronto Blue Jays,TOR,,,143,Philadelphia Phillies,PHI,,,
823348,2026-08-08,2026-08-08T22:40:00+00:00,2026-08-08 10:40 PM UTC,2026,Scheduled,Scheduled,Preview,N,night,2.0,Regular Season,PNC Park,121,New York Mets,NYM,,,134,Pittsburgh Pirates,PIT,,,
822701,2026-08-08,2026-08-08T22:45:00+00:00,2026-08-08 10:45 PM UTC,2026,Scheduled,Scheduled,Preview,N,night,2.0,Regular Season,Nationals Park,113,Cincinnati Reds,CIN,,,120,Washington Nationals,WSH,,,
823752,2026-08-08,2026-08-08T23:10:00+00:00,2026-08-08 11:10 PM UTC,2026,Scheduled,Scheduled,Preview,N,night,2.0,Regular Season,American Family Field,142,Minnesota Twins,MIN,,,158,Milwaukee Brewers,MIL,,,
824079,2026-08-08,2026-08-08T23:10:00+00:00,2026-08-08 11:10 PM UTC,2026,Scheduled,Scheduled,Preview,N,night,2.0,Regular Season,Kauffman Stadium,112,Chicago Cubs,CHC,,,118,Kansas City Royals,KC,,,
824565,2026-08-08,2026-08-08T23:10:00+00:00,2026-08-08 11:10 PM UTC,2026,Scheduled,Scheduled,Preview,N,night,2.0,Regular Season,Rate Field,114,Cleveland Guardians,CLE,,,145,Chicago White Sox,CWS,,,
822864,2026-08-08,2026-08-08T23:15:00+00:00,2026-08-08 11:15 PM UTC,2026,Scheduled,Scheduled,Preview,N,night,2.0,Regular Season,Globe Life Field,110,Baltimore Orioles,BAL,,,140,Texas Rangers,TEX,,,
823021,2026-08-08,2026-08-08T23:15:00+00:00,2026-08-08 11:15 PM UTC,2026,Scheduled,Scheduled,Preview,N,night,2.0,Regular Season,Busch Stadium,115,Colorado Rockies,COL,,,138,St. Louis Cardinals,STL,,,
823188,2026-08-08,2026-08-08T23:15:00+00:00,2026-08-08 11:15 PM UTC,2026,Scheduled,Scheduled,Preview,N,day,2.0,Regular Season,Oracle Park,116,Detroit Tigers,DET,,,137,San Francisco Giants,SF,,,
823267,2026-08-08,2026-08-08T23:15:00+00:00,2026-08-08 11:15 PM UTC,2026,Scheduled,Scheduled,Preview,N,day,2.0,Regular Season,Petco Park,117,Houston Astros,HOU,,,135,San Diego Padres,SD,,,
825049,2026-08-08,2026-08-09T00:10:00+00:00,2026-08-09 12:10 AM UTC,2026,Scheduled,Scheduled,Preview,N,night,2.0,Regular Season,Chase Field,119,Los Angeles Dodgers,LAD,,,109,Arizona Diamondbacks,AZ,,,
823102,2026-08-08,2026-08-09T01:50:00+00:00,2026-08-09 01:50 AM UTC,2026,Scheduled,Scheduled,Preview,N,night,2.0,Regular Season,T-Mobile Park,139,Tampa Bay Rays,TB,,,136,Seattle Mariners,SEA,,,
822700,2026-08-09,2026-08-09T16:15:00+00:00,2026-08-09 04:15 PM UTC,2026,Scheduled,Scheduled,Preview,N,day,3.0,Regular Season,Nationals Park,113,Cincinnati Reds,CIN,,,120,Washington Nationals,WSH,,,
823345,2026-08-09,2026-08-09T17:35:00+00:00,2026-08-09 05:35 PM UTC,2026,Scheduled,Scheduled,Preview,N,day,3.0,Regular Season,PNC Park,121,New York Mets,NYM,,,134,Pittsburgh Pirates,PIT,,,
823425,2026-08-09,2026-08-09T17:35:00+00:00,2026-08-09 05:35 PM UTC,2026,Scheduled,Scheduled,Preview,N,day,3.0,Regular Season,Citizens Bank Park,141,Toronto Blue Jays,TOR,,,143,Philadelphia Phillies,PHI,,,
823513,2026-08-09,2026-08-09T17:35:00+00:00,2026-08-09 05:35 PM UTC,2026,Scheduled,Scheduled,Preview,N,day,3.0,Regular Season,Yankee Stadium,144,Atlanta Braves,ATL,,,147,New York Yankees,NYY,,,
824724,2026-08-09,2026-08-09T17:35:00+00:00,2026-08-09 05:35 PM UTC,2026,Scheduled,Scheduled,Preview,N,day,3.0,Regular Season,Fenway Park,133,Athletics,ATH,,,111,Boston Red Sox,BOS,,,
823835,2026-08-09,2026-08-09T17:40:00+00:00,2026-08-09 05:40 PM UTC,2026,Scheduled,Scheduled,Preview,N,day,3.0,Regular Season,loanDepot park,108,Los Angeles Angels,LAA,,,146,Miami Marlins,MIA,,,
823751,2026-08-09,2026-08-09T18:10:00+00:00,2026-08-09 06:10 PM UTC,2026,Scheduled,Scheduled,Preview,N,day,3.0,Regular Season,American Family Field,142,Minnesota Twins,MIN,,,158,Milwaukee Brewers,MIL,,,
824078,2026-08-09,2026-08-09T18:10:00+00:00,2026-08-09 06:10 PM UTC,2026,Scheduled,Scheduled,Preview,N,day,3.0,Regular Season,Kauffman Stadium,112,Chicago Cubs,CHC,,,118,Kansas City Royals,KC,,,
824564,2026-08-09,2026-08-09T18:10:00+00:00,2026-08-09 06:10 PM UTC,2026,Scheduled,Scheduled,Preview,N,day,3.0,Regular Season,Rate Field,114,Cleveland Guardians,CLE,,,145,Chicago White Sox,CWS,,,
823020,2026-08-09,2026-08-09T18:15:00+00:00,2026-08-09 06:15 PM UTC,2026,Scheduled,Scheduled,Preview,N,day,3.0,Regular Season,Busch Stadium,115,Colorado Rockies,COL,,,138,St. Louis Cardinals,STL,,,
822862,2026-08-09,2026-08-09T18:35:00+00:00,2026-08-09 06:35 PM UTC,2026,Scheduled,Scheduled,Preview,N,day,3.0,Regular Season,Globe Life Field,110,Baltimore Orioles,BAL,,,140,Texas Rangers,TEX,,,
823190,2026-08-09,2026-08-09T20:05:00+00:00,2026-08-09 08:05 PM UTC,2026,Scheduled,Scheduled,Preview,N,day,3.0,Regular Season,Oracle Park,116,Detroit Tigers,DET,,,137,San Francisco Giants,SF,,,
823104,2026-08-09,2026-08-09T20:10:00+00:00,2026-08-09 08:10 PM UTC,2026,Scheduled,Scheduled,Preview,N,day,3.0,Regular Season,T-Mobile Park,139,Tampa Bay Rays,TB,,,136,Seattle Mariners,SEA,,,
825050,2026-08-09,2026-08-09T20:10:00+00:00,2026-08-09 08:10 PM UTC,2026,Scheduled,Scheduled,Preview,N,day,3.0,Regular Season,Chase Field,119,Los Angeles Dodgers,LAD,,,109,Arizona Diamondbacks,AZ,,,
823268,2026-08-09,2026-08-10T00:20:00+00:00,2026-08-10 12:20 AM UTC,2026,Scheduled,Scheduled,Preview,N,night,3.0,Regular Season,Petco Park,117,Houston Astros,HOU,,,135,San Diego Padres,SD,,,
822780,2026-08-10,2026-08-10T23:07:00+00:00,2026-08-10 11:07 PM UTC,2026,Scheduled,Scheduled,Preview,N,night,1.0,Regular Season,Rogers Centre,111,Boston Red Sox,BOS,,,141,Toronto Blue Jays,TOR,,,
824887,2026-08-10,2026-08-10T23:15:00+00:00,2026-08-10 11:15 PM UTC,2026,Scheduled,Scheduled,Preview,N,night,1.0,Regular Season,Truist Park,121,New York Mets,NYM,,,144,Atlanta Braves,ATL,,,
823675,2026-08-10,2026-08-10T23:40:00+00:00,2026-08-10 11:40 PM UTC,2026,Scheduled,Scheduled,Preview,N,night,1.0,Regular Season,Target Field,110,Baltimore Orioles,BAL,,,142,Minnesota Twins,MIN,,,
823018,2026-08-10,2026-08-10T23:45:00+00:00,2026-08-10 11:45 PM UTC,2026,Scheduled,Scheduled,Preview,N,night,1.0,Regular Season,Busch Stadium,143,Philadelphia Phillies,PHI,,,138,St. Louis Cardinals,STL,,,
823998,2026-08-10,2026-08-11T01:38:00+00:00,2026-08-11 01:38 AM UTC,2026,Scheduled,Scheduled,Preview,N,night,1.0,Regular Season,Angel Stadium,140,Texas Rangers,TEX,,,108,Los Angeles Angels,LAA,,,
823265,2026-08-10,2026-08-11T01:40:00+00:00,2026-08-11 01:40 AM UTC,2026,Scheduled,Scheduled,Preview,N,night,1.0,Regular Season,Petco Park,158,Milwaukee Brewers,MIL,,,135,San Diego Padres,SD,,,
824969,2026-08-10,2026-08-11T01:40:00+00:00,2026-08-11 01:40 AM UTC,2026,Scheduled,Scheduled,Preview,N,night,1.0,Regular Season,Sutter Health Park,139,Tampa Bay Rays,TB,,,133,Athletics,ATH,,,
825048,2026-08-10,2026-08-11T01:40:00+00:00,2026-08-11 01:40 AM UTC,2026,Scheduled,Scheduled,Preview,N,night,1.0,Regular Season,Chase Field,115,Colorado Rockies,COL,,,109,Arizona Diamondbacks,AZ,,,
823189,2026-08-10,2026-08-11T01:45:00+00:00,2026-08-11 01:45 AM UTC,2026,Scheduled,Scheduled,Preview,N,night,1.0,Regular Season,Oracle Park,117,Houston Astros,HOU,,,137,San Francisco Giants,SF,,,
823918,2026-08-10,2026-08-11T02:10:00+00:00,2026-08-11 02:10 AM UTC,2026,Scheduled,Scheduled,Preview,N,night,1.0,Regular Season,UNIQLO Field at Dodger Stadium,118,Kansas City Royals,KC,,,119,Los Angeles Dodgers,LAD,,,
823832,2026-08-11,2026-08-11T22:40:00+00:00,2026-08-11 10:40 PM UTC,2026,Scheduled,Scheduled,Preview,N,night,1.0,Regular Season,loanDepot park,134,Pittsburgh Pirates,PIT,,,146,Miami Marlins,MIA,,,
824240,2026-08-11,2026-08-11T22:40:00+00:00,2026-08-11 10:40 PM UTC,2026,Scheduled,Scheduled,Preview,N,night,1.0,Regular Season,Comerica Park,114,Cleveland Guardians,CLE,,,116,Detroit Tigers,DET,,,
822697,2026-08-11,2026-08-11T22:45:00+00:00,2026-08-11 10:45 PM UTC,2026,Scheduled,Scheduled,Preview,N,night,1.0,Regular Season,Nationals Park,112,Chicago Cubs,CHC,,,120,Washington Nationals,WSH,,,
823512,2026-08-11,2026-08-11T23:05:00+00:00,2026-08-11 11:05 PM UTC,2026,Scheduled,Scheduled,Preview,N,night,1.0,Regular Season,Yankee Stadium,136,Seattle Mariners,SEA,,,147,New York Yankees,NYY,,,
822778,2026-08-11,2026-08-11T23:07:00+00:00,2026-08-11 11:07 PM UTC,2026,Scheduled,Scheduled,Preview,N,night,2.0,Regular Season,Rogers Centre,111,Boston Red Sox,BOS,,,141,Toronto Blue Jays,TOR,,,
824886,2026-08-11,2026-08-11T23:15:00+00:00,2026-08-11 11:15 PM UTC,2026,Scheduled,Scheduled,Preview,N,night,2.0,Regular Season,Truist Park,121,New York Mets,NYM,,,144,Atlanta Braves,ATL,,,
823673,2026-08-11,2026-08-11T23:40:00+00:00,2026-08-11 11:40 PM UTC,2026,Scheduled,Scheduled,Preview,N,night,2.0,Regular Season,Target Field,110,Baltimore Orioles,BAL,,,142,Minnesota Twins,MIN,,,
824563,2026-08-11,2026-08-11T23:40:00+00:00,2026-08-11 11:40 PM UTC,2026,Scheduled,Scheduled,Preview,N,night,1.0,Regular Season,Rate Field,113,Cincinnati Reds,CIN,,,145,Chicago White Sox,CWS,,,
823019,2026-08-11,2026-08-11T23:45:00+00:00,2026-08-11 11:45 PM UTC,2026,Scheduled,Scheduled,Preview,N,night,2.0,Regular Season,Busch Stadium,143,Philadelphia Phillies,PHI,,,138,St. Louis Cardinals,STL,,,
823997,2026-08-11,2026-08-12T01:38:00+00:00,2026-08-12 01:38 AM UTC,2026,Scheduled,Scheduled,Preview,N,night,2.0,Regular Season,Angel Stadium,140,Texas Rangers,TEX,,,108,Los Angeles Angels,LAA,,,
823264,2026-08-11,2026-08-12T01:40:00+00:00,2026-08-12 01:40 AM UTC,2026,Scheduled,Scheduled,Preview,N,night,2.0,Regular Season,Petco Park,158,Milwaukee Brewers,MIL,,,135,San Diego Padres,SD,,,
824970,2026-08-11,2026-08-12T01:40:00+00:00,2026-08-12 01:40 AM UTC,2026,Scheduled,Scheduled,Preview,N,night,2.0,Regular Season,Sutter Health Park,139,Tampa Bay Rays,TB,,,133,Athletics,ATH,,,
825046,2026-08-11,2026-08-12T01:40:00+00:00,2026-08-12 01:40 AM UTC,2026,Scheduled,Scheduled,Preview,N,night,2.0,Regular Season,Chase Field,115,Colorado Rockies,COL,,,109,Arizona Diamondbacks,AZ,,,
823186,2026-08-11,2026-08-12T01:45:00+00:00,2026-08-12 01:45 AM UTC,2026,Scheduled,Scheduled,Preview,N,night,2.0,Regular Season,Oracle Park,117,Houston Astros,HOU,,,137,San Francisco Giants,SF,,,
823917,2026-08-11,2026-08-12T02:10:00+00:00,2026-08-12 02:10 AM UTC,2026,Scheduled,Scheduled,Preview,N,night,2.0,Regular Season,UNIQLO Field at Dodger Stadium,118,Kansas City Royals,KC,,,119,Los Angeles Dodgers,LAD,,,
823672,2026-08-12,2026-08-12T17:40:00+00:00,2026-08-12 05:40 PM UTC,2026,Scheduled,Scheduled,Preview,N,day,3.0,Regular Season,Target Field,110,Baltimore Orioles,BAL,,,142,Minnesota Twins,MIN,,,
823017,2026-08-12,2026-08-12T18:15:00+00:00,2026-08-12 06:15 PM UTC,2026,Scheduled,Scheduled,Preview,N,day,3.0,Regular Season,Busch Stadium,143,Philadelphia Phillies,PHI,,,138,St. Louis Cardinals,STL,,,
824967,2026-08-12,2026-08-12T19:05:00+00:00,2026-08-12 07:05 PM UTC,2026,Scheduled,Scheduled,Preview,N,day,3.0,Regular Season,Sutter Health Park,139,Tampa Bay Rays,TB,,,133,Athletics,ATH,,,
825047,2026-08-12,2026-08-12T19:40:00+00:00,2026-08-12 07:40 PM UTC,2026,Scheduled,Scheduled,Preview,N,day,3.0,Regular Season,Chase Field,115,Colorado Rockies,COL,,,109,Arizona Diamondbacks,AZ,,,
823187,2026-08-12,2026-08-12T19:45:00+00:00,2026-08-12 07:45 PM UTC,2026,Scheduled,Scheduled,Preview,N,day,3.0,Regular Season,Oracle Park,117,Houston Astros,HOU,,,137,San Francisco Giants,SF,,,
823263,2026-08-12,2026-08-12T20:10:00+00:00,2026-08-12 08:10 PM UTC,2026,Scheduled,Scheduled,Preview,N,day,3.0,Regular Season,Petco Park,158,Milwaukee Brewers,MIL,,,135,San Diego Padres,SD,,,
823833,2026-08-12,2026-08-12T22:40:00+00:00,2026-08-12 10:40 PM UTC,2026,Scheduled,Scheduled,Preview,N,night,2.0,Regular Season,loanDepot park,134,Pittsburgh Pirates,PIT,,,146,Miami Marlins,MIA,,,
824241,2026-08-12,2026-08-12T22:40:00+00:00,2026-08-12 10:40 PM UTC,2026,Scheduled,Scheduled,Preview,N,night,2.0,Regular Season,Comerica Park,114,Cleveland Guardians,CLE,,,116,Detroit Tigers,DET,,,
822698,2026-08-12,2026-08-12T22:45:00+00:00,2026-08-12 10:45 PM UTC,2026,Scheduled,Scheduled,Preview,N,night,2.0,Regular Season,Nationals Park,112,Chicago Cubs,CHC,,,120,Washington Nationals,WSH,,,
823511,2026-08-12,2026-08-12T23:05:00+00:00,2026-08-12 11:05 PM UTC,2026,Scheduled,Scheduled,Preview,N,night,2.0,Regular Season,Yankee Stadium,136,Seattle Mariners,SEA,,,147,New York Yankees,NYY,,,
822779,2026-08-12,2026-08-12T23:07:00+00:00,2026-08-12 11:07 PM UTC,2026,Scheduled,Scheduled,Preview,N,night,3.0,Regular Season,Rogers Centre,111,Boston Red Sox,BOS,,,141,Toronto Blue Jays,TOR,,,
824883,2026-08-12,2026-08-12T23:15:00+00:00,2026-08-12 11:15 PM UTC,2026,Scheduled,Scheduled,Preview,N,night,3.0,Regular Season,Truist Park,121,New York Mets,NYM,,,144,Atlanta Braves,ATL,,,
824562,2026-08-12,2026-08-12T23:40:00+00:00,2026-08-12 11:40 PM UTC,2026,Scheduled,Scheduled,Preview,N,night,2.0,Regular Season,Rate Field,113,Cincinnati Reds,CIN,,,145,Chicago White Sox,CWS,,,
823916,2026-08-12,2026-08-13T02:10:00+00:00,2026-08-13 02:10 AM UTC,2026,Scheduled,Scheduled,Preview,N,night,3.0,Regular Season,UNIQLO Field at Dodger Stadium,118,Kansas City Royals,KC,,,119,Los Angeles Dodgers,LAD,,,
823994,2026-08-12,2026-08-13T02:10:00+00:00,2026-08-13 02:10 AM UTC,2026,Scheduled,Scheduled,Preview,N,night,3.0,Regular Season,Angel Stadium,140,Texas Rangers,TEX,,,108,Los Angeles Angels,LAA,,,
823829,2026-08-13,2026-08-13T17:10:00+00:00,2026-08-13 05:10 PM UTC,2026,Scheduled,Scheduled,Preview,N,day,3.0,Regular Season,loanDepot park,134,Pittsburgh Pirates,PIT,,,146,Miami Marlins,MIA,,,
824238,2026-08-13,2026-08-13T17:10:00+00:00,2026-08-13 05:10 PM UTC,2026,Scheduled,Scheduled,Preview,N,day,3.0,Regular Season,Comerica Park,114,Cleveland Guardians,CLE,,,116,Detroit Tigers,DET,,,
823508,2026-08-13,2026-08-13T17:35:00+00:00,2026-08-13 05:35 PM UTC,2026,Scheduled,Scheduled,Preview,N,day,3.0,Regular Season,Yankee Stadium,136,Seattle Mariners,SEA,,,147,New York Yankees,NYY,,,
824561,2026-08-13,2026-08-13T18:10:00+00:00,2026-08-13 06:10 PM UTC,2026,Scheduled,Scheduled,Preview,N,day,3.0,Regular Season,Rate Field,113,Cincinnati Reds,CIN,,,145,Chicago White Sox,CWS,,,
822776,2026-08-13,2026-08-13T19:07:00+00:00,2026-08-13 07:07 PM UTC,2026,Scheduled,Scheduled,Preview,N,day,4.0,Regular Season,Rogers Centre,111,Boston Red Sox,BOS,,,141,Toronto Blue Jays,TOR,,,
822696,2026-08-13,2026-08-13T20:05:00+00:00,2026-08-13 08:05 PM UTC,2026,Scheduled,Scheduled,Preview,N,day,3.0,Regular Season,Nationals Park,112,Chicago Cubs,CHC,,,120,Washington Nationals,WSH,,,
823669,2026-08-13,2026-08-13T23:30:00+00:00,2026-08-13 11:30 PM UTC,2026,Scheduled,Scheduled,Preview,N,night,1.0,Regular Season,Field of Dreams,143,Philadelphia Phillies,PHI,,,142,Minnesota Twins,MIN,,,
823995,2026-08-13,2026-08-14T02:07:00+00:00,2026-08-14 02:07 AM UTC,2026,Scheduled,Scheduled,Preview,N,night,4.0,Regular Season,Angel Stadium,140,Texas Rangers,TEX,,,108,Los Angeles Angels,LAA,,,
823915,2026-08-13,2026-08-14T02:10:00+00:00,2026-08-14 02:10 AM UTC,2026,Scheduled,Scheduled,Preview,N,night,1.0,Regular Season,UNIQLO Field at Dodger Stadium,158,Milwaukee Brewers,MIL,,,119,Los Angeles Dodgers,LAD,,,
824643,2026-08-14,2026-08-14T18:20:00+00:00,2026-08-14 06:20 PM UTC,2026,Scheduled,Scheduled,Preview,N,day,1.0,Regular Season,Wrigley Field,138,St. Louis Cardinals,STL,,,112,Chicago Cubs,CHC,,,
824479,2026-08-14,2026-08-14T22:10:00+00:00,2026-08-14 10:10 PM UTC,2026,Scheduled,Scheduled,Preview,N,night,1.0,Regular Season,Great American Ball Park,146,Miami Marlins,MIA,,,113,Cincinnati Reds,CIN,,,
823346,2026-08-14,2026-08-14T22:40:00+00:00,2026-08-14 10:40 PM UTC,2026,Scheduled,Scheduled,Preview,N,night,1.0,Regular Season,PNC Park,111,Boston Red Sox,BOS,,,134,Pittsburgh Pirates,PIT,,,
824237,2026-08-14,2026-08-14T22:40:00+00:00,2026-08-14 10:40 PM UTC,2026,Scheduled,Scheduled,Preview,N,night,1.0,Regular Season,Comerica Park,145,Chicago White Sox,CWS,,,116,Detroit Tigers,DET,,,
822777,2026-08-14,2026-08-14T23:07:00+00:00,2026-08-14 11:07 PM UTC,2026,Scheduled,Scheduled,Preview,N,night,1.0,Regular Season,Rogers Centre,147,New York Yankees,NYY,,,141,Toronto Blue Jays,TOR,,,
822942,2026-08-14,2026-08-14T23:10:00+00:00,2026-08-14 11:10 PM UTC,2026,Scheduled,Scheduled,Preview,N,night,1.0,Regular Season,Tropicana Field,110,Baltimore Orioles,BAL,,,139,Tampa Bay Rays,TB,,,
823591,2026-08-14,2026-08-14T23:10:00+00:00,2026-08-14 11:10 PM UTC,2026,Scheduled,Scheduled,Preview,N,night,1.0,Regular Season,Citi Field,120,Washington Nationals,WSH,,,121,New York Mets,NYM,,,
824399,2026-08-14,2026-08-14T23:10:00+00:00,2026-08-14 11:10 PM UTC,2026,Scheduled,Scheduled,Preview,N,night,1.0,Regular Season,Progressive Field,135,San Diego Padres,SD,,,114,Cleveland Guardians,CLE,,,
824882,2026-08-14,2026-08-14T23:15:00+00:00,2026-08-14 11:15 PM UTC,2026,Scheduled,Scheduled,Preview,N,night,1.0,Regular Season,Truist Park,109,Arizona Diamondbacks,AZ,,,144,Atlanta Braves,ATL,,,
824159,2026-08-14,2026-08-15T00:10:00+00:00,2026-08-15 12:10 AM UTC,2026,Scheduled,Scheduled,Preview,N,night,1.0,Regular Season,Daikin Park,136,Seattle Mariners,SEA,,,117,Houston Astros,HOU,,,
823993,2026-08-14,2026-08-15T01:38:00+00:00,2026-08-15 01:38 AM UTC,2026,Scheduled,Scheduled,Preview,N,night,1.0,Regular Season,Angel Stadium,118,Kansas City Royals,KC,,,108,Los Angeles Angels,LAA,,,
824968,2026-08-14,2026-08-15T01:40:00+00:00,2026-08-15 01:40 AM UTC,2026,Scheduled,Scheduled,Preview,N,night,1.0,Regular Season,Sutter Health Park,140,Texas Rangers,TEX,,,133,Athletics,ATH,,,
823913,2026-08-14,2026-08-15T02:10:00+00:00,2026-08-15 02:10 AM UTC,2026,Scheduled,Scheduled,Preview,N,night,2.0,Regular Season,UNIQLO Field at Dodger Stadium,158,Milwaukee Brewers,MIL,,,119,Los Angeles Dodgers,LAD,,,
823185,2026-08-14,2026-08-15T02:15:00+00:00,2026-08-15 02:15 AM UTC,2026,Scheduled,Scheduled,Preview,N,night,1.0,Regular Season,Oracle Park,115,Colorado Rockies,COL,,,137,San Francisco Giants,SF,,,
824239,2026-08-15,2026-08-15T17:10:00+00:00,2026-08-15 05:10 PM UTC,2026,Scheduled,Scheduled,Preview,N,day,2.0,Regular Season,Comerica Park,145,Chicago White Sox,CWS,,,116,Detroit Tigers,DET,,,
824644,2026-08-15,2026-08-15T18:20:00+00:00,2026-08-15 06:20 PM UTC,2026,Scheduled,Scheduled,Preview,N,day,2.0,Regular Season,Wrigley Field,138,St. Louis Cardinals,STL,,,112,Chicago Cubs,CHC,,,
822775,2026-08-15,2026-08-15T19:07:00+00:00,2026-08-15 07:07 PM UTC,2026,Scheduled,Scheduled,Preview,N,day,2.0,Regular Season,Rogers Centre,147,New York Yankees,NYY,,,141,Toronto Blue Jays,TOR,,,
823184,2026-08-15,2026-08-15T20:05:00+00:00,2026-08-15 08:05 PM UTC,2026,Scheduled,Scheduled,Preview,N,day,2.0,Regular Season,Oracle Park,115,Colorado Rockies,COL,,,137,San Francisco Giants,SF,,,
823588,2026-08-15,2026-08-15T20:10:00+00:00,2026-08-15 08:10 PM UTC,2026,Scheduled,Scheduled,Preview,N,day,2.0,Regular Season,Citi Field,120,Washington Nationals,WSH,,,121,New York Mets,NYM,,,
822941,2026-08-15,2026-08-15T22:10:00+00:00,2026-08-15 10:10 PM UTC,2026,Scheduled,Scheduled,Preview,N,night,2.0,Regular Season,Tropicana Field,110,Baltimore Orioles,BAL,,,139,Tampa Bay Rays,TB,,,
823347,2026-08-15,2026-08-15T22:40:00+00:00,2026-08-15 10:40 PM UTC,2026,Scheduled,Scheduled,Preview,N,night,2.0,Regular Season,PNC Park,111,Boston Red Sox,BOS,,,134,Pittsburgh Pirates,PIT,,,
824480,2026-08-15,2026-08-15T22:40:00+00:00,2026-08-15 10:40 PM UTC,2026,Scheduled,Scheduled,Preview,N,night,2.0,Regular Season,Great American Ball Park,146,Miami Marlins,MIA,,,113,Cincinnati Reds,CIN,,,
823671,2026-08-15,2026-08-15T23:10:00+00:00,2026-08-15 11:10 PM UTC,2026,Scheduled,Scheduled,Preview,N,night,2.0,Regular Season,Target Field,143,Philadelphia Phillies,PHI,,,142,Minnesota Twins,MIN,,,
824157,2026-08-15,2026-08-15T23:10:00+00:00,2026-08-15 11:10 PM UTC,2026,Scheduled,Scheduled,Preview,N,night,2.0,Regular Season,Daikin Park,136,Seattle Mariners,SEA,,,117,Houston Astros,HOU,,,
824400,2026-08-15,2026-08-15T23:10:00+00:00,2026-08-15 11:10 PM UTC,2026,Scheduled,Scheduled,Preview,N,night,2.0,Regular Season,Progressive Field,135,San Diego Padres,SD,,,114,Cleveland Guardians,CLE,,,
823914,2026-08-15,2026-08-15T23:15:00+00:00,2026-08-15 11:15 PM UTC,2026,Scheduled,Scheduled,Preview,N,day,3.0,Regular Season,UNIQLO Field at Dodger Stadium,158,Milwaukee Brewers,MIL,,,119,Los Angeles Dodgers,LAD,,,
824884,2026-08-15,2026-08-15T23:15:00+00:00,2026-08-15 11:15 PM UTC,2026,Scheduled,Scheduled,Preview,N,night,2.0,Regular Season,Truist Park,109,Arizona Diamondbacks,AZ,,,144,Atlanta Braves,ATL,,,
823990,2026-08-15,2026-08-16T01:38:00+00:00,2026-08-16 01:38 AM UTC,2026,Scheduled,Scheduled,Preview,N,night,2.0,Regular Season,Angel Stadium,118,Kansas City Royals,KC,,,108,Los Angeles Angels,LAA,,,
824966,2026-08-15,2026-08-16T01:40:00+00:00,2026-08-16 01:40 AM UTC,2026,Scheduled,Scheduled,Preview,N,night,2.0,Regular Season,Sutter Health Park,140,Texas Rangers,TEX,,,133,Athletics,ATH,,,
822940,2026-08-16,2026-08-16T16:15:00+00:00,2026-08-16 04:15 PM UTC,2026,Scheduled,Scheduled,Preview,N,day,3.0,Regular Season,Tropicana Field,110,Baltimore Orioles,BAL,,,139,Tampa Bay Rays,TB,,,
823344,2026-08-16,2026-08-16T17:35:00+00:00,2026-08-16 05:35 PM UTC,2026,Scheduled,Scheduled,Preview,N,day,3.0,Regular Season,PNC Park,111,Boston Red Sox,BOS,,,134,Pittsburgh Pirates,PIT,,,
824880,2026-08-16,2026-08-16T17:35:00+00:00,2026-08-16 05:35 PM UTC,2026,Scheduled,Scheduled,Preview,N,day,3.0,Regular Season,Truist Park,109,Arizona Diamondbacks,AZ,,,144,Atlanta Braves,ATL,,,
822774,2026-08-16,2026-08-16T17:37:00+00:00,2026-08-16 05:37 PM UTC,2026,Scheduled,Scheduled,Preview,N,day,3.0,Regular Season,Rogers Centre,147,New York Yankees,NYY,,,141,Toronto Blue Jays,TOR,,,
823590,2026-08-16,2026-08-16T17:40:00+00:00,2026-08-16 05:40 PM UTC,2026,Scheduled,Scheduled,Preview,N,day,3.0,Regular Season,Citi Field,120,Washington Nationals,WSH,,,121,New York Mets,NYM,,,
824236,2026-08-16,2026-08-16T17:40:00+00:00,2026-08-16 05:40 PM UTC,2026,Scheduled,Scheduled,Preview,N,day,3.0,Regular Season,Comerica Park,145,Chicago White Sox,CWS,,,116,Detroit Tigers,DET,,,
824397,2026-08-16,2026-08-16T17:40:00+00:00,2026-08-16 05:40 PM UTC,2026,Scheduled,Scheduled,Preview,N,day,3.0,Regular Season,Progressive Field,135,San Diego Padres,SD,,,114,Cleveland Guardians,CLE,,,
824477,2026-08-16,2026-08-16T17:40:00+00:00,2026-08-16 05:40 PM UTC,2026,Scheduled,Scheduled,Preview,N,day,3.0,Regular Season,Great American Ball Park,146,Miami Marlins,MIA,,,113,Cincinnati Reds,CIN,,,
823670,2026-08-16,2026-08-16T18:10:00+00:00,2026-08-16 06:10 PM UTC,2026,Scheduled,Scheduled,Preview,N,day,3.0,Regular Season,Target Field,143,Philadelphia Phillies,PHI,,,142,Minnesota Twins,MIN,,,
824642,2026-08-16,2026-08-16T19:10:00+00:00,2026-08-16 07:10 PM UTC,2026,Scheduled,Scheduled,Preview,N,day,3.0,Regular Season,Wrigley Field,138,St. Louis Cardinals,STL,,,112,Chicago Cubs,CHC,,,
823182,2026-08-16,2026-08-16T20:05:00+00:00,2026-08-16 08:05 PM UTC,2026,Scheduled,Scheduled,Preview,N,day,3.0,Regular Season,Oracle Park,115,Colorado Rockies,COL,,,137,San Francisco Giants,SF,,,
824965,2026-08-16,2026-08-16T20:05:00+00:00,2026-08-16 08:05 PM UTC,2026,Scheduled,Scheduled,Preview,N,day,3.0,Regular Season,Sutter Health Park,140,Texas Rangers,TEX,,,133,Athletics,ATH,,,
823991,2026-08-16,2026-08-16T20:07:00+00:00,2026-08-16 08:07 PM UTC,2026,Scheduled,Scheduled,Preview,N,day,3.0,Regular Season,Angel Stadium,118,Kansas City Royals,KC,,,108,Los Angeles Angels,LAA,,,
823912,2026-08-16,2026-08-16T20:10:00+00:00,2026-08-16 08:10 PM UTC,2026,Scheduled,Scheduled,Preview,N,day,4.0,Regular Season,UNIQLO Field at Dodger Stadium,158,Milwaukee Brewers,MIL,,,119,Los Angeles Dodgers,LAD,,,
824156,2026-08-16,2026-08-16T23:20:00+00:00,2026-08-16 11:20 PM UTC,2026,Scheduled,Scheduled,Preview,N,night,3.0,Regular Season,Daikin Park,136,Seattle Mariners,SEA,,,117,Houston Astros,HOU,,,
822939,2026-08-17,2026-08-17T22:40:00+00:00,2026-08-17 10:40 PM UTC,2026,Scheduled,Scheduled,Preview,N,night,4.0,Regular Season,Tropicana Field,110,Baltimore Orioles,BAL,,,139,Tampa Bay Rays,TB,,,
823427,2026-08-17,2026-08-17T22:40:00+00:00,2026-08-17 10:40 PM UTC,2026,Scheduled,Scheduled,Preview,N,night,1.0,Regular Season,Citizens Bank Park,146,Miami Marlins,MIA,,,143,Philadelphia Phillies,PHI,,,
824478,2026-08-17,2026-08-17T22:40:00+00:00,2026-08-17 10:40 PM UTC,2026,Scheduled,Scheduled,Preview,N,night,1.0,Regular Season,Great American Ball Park,138,St. Louis Cardinals,STL,,,113,Cincinnati Reds,CIN,,,
823343,2026-08-17,2026-08-17T23:05:00+00:00,2026-08-17 11:05 PM UTC,2026,Scheduled,Scheduled,Preview,N,night,1.0,Regular Season,PNC Park,116,Detroit Tigers,DET,,,134,Pittsburgh Pirates,PIT,,,
823589,2026-08-17,2026-08-17T23:10:00+00:00,2026-08-17 11:10 PM UTC,2026,Scheduled,Scheduled,Preview,N,night,1.0,Regular Season,Citi Field,135,San Diego Padres,SD,,,121,New York Mets,NYM,,,
824725,2026-08-17,2026-08-17T23:10:00+00:00,2026-08-17 11:10 PM UTC,2026,Scheduled,Scheduled,Preview,N,night,1.0,Regular Season,Fenway Park,109,Arizona Diamondbacks,AZ,,,111,Boston Red Sox,BOS,,,
823668,2026-08-17,2026-08-17T23:40:00+00:00,2026-08-17 11:40 PM UTC,2026,Scheduled,Scheduled,Preview,N,night,1.0,Regular Season,Target Field,144,Atlanta Braves,ATL,,,142,Minnesota Twins,MIN,,,
824077,2026-08-17,2026-08-17T23:40:00+00:00,2026-08-17 11:40 PM UTC,2026,Scheduled,Scheduled,Preview,N,night,1.0,Regular Season,Kauffman Stadium,133,Athletics,ATH,,,118,Kansas City Royals,KC,,,
824641,2026-08-17,2026-08-18T00:05:00+00:00,2026-08-18 12:05 AM UTC,2026,Scheduled,Scheduled,Preview,N,night,1.0,Regular Season,Wrigley Field,145,Chicago White Sox,CWS,,,112,Chicago Cubs,CHC,,,
824320,2026-08-17,2026-08-18T00:40:00+00:00,2026-08-18 12:40 AM UTC,2026,Scheduled,Scheduled,Preview,N,night,1.0,Regular Season,Coors Field,119,Los Angeles Dodgers,LAD,,,115,Colorado Rockies,COL,,,
824803,2026-08-18,2026-08-18T22:35:00+00:00,2026-08-18 10:35 PM UTC,2026,Scheduled,Scheduled,Preview,N,night,1.0,Regular Season,Oriole Park at Camden Yards,147,New York Yankees,NYY,,,110,Baltimore Orioles,BAL,,,
822938,2026-08-18,2026-08-18T22:40:00+00:00,2026-08-18 10:40 PM UTC,2026,Scheduled,Scheduled,Preview,N,night,1.0,Regular Season,Tropicana Field,141,Toronto Blue Jays,TOR,,,139,Tampa Bay Rays,TB,,,
823341,2026-08-18,2026-08-18T22:40:00+00:00,2026-08-18 10:40 PM UTC,2026,Scheduled,Scheduled,Preview,N,night,2.0,Regular Season,PNC Park,116,Detroit Tigers,DET,,,134,Pittsburgh Pirates,PIT,,,
823423,2026-08-18,2026-08-18T22:40:00+00:00,2026-08-18 10:40 PM UTC,2026,Scheduled,Scheduled,Preview,N,night,2.0,Regular Season,Citizens Bank Park,146,Miami Marlins,MIA,,,143,Philadelphia Phillies,PHI,,,
824398,2026-08-18,2026-08-18T22:40:00+00:00,2026-08-18 10:40 PM UTC,2026,Scheduled,Scheduled,Preview,N,night,1.0,Regular Season,Progressive Field,137,San Francisco Giants,SF,,,114,Cleveland Guardians,CLE,,,
824475,2026-08-18,2026-08-18T22:40:00+00:00,2026-08-18 10:40 PM UTC,2026,Scheduled,Scheduled,Preview,N,night,2.0,Regular Season,Great American Ball Park,138,St. Louis Cardinals,STL,,,113,Cincinnati Reds,CIN,,,
823586,2026-08-18,2026-08-18T23:10:00+00:00,2026-08-18 11:10 PM UTC,2026,Scheduled,Scheduled,Preview,N,night,2.0,Regular Season,Citi Field,135,San Diego Padres,SD,,,121,New York Mets,NYM,,,
824723,2026-08-18,2026-08-18T23:10:00+00:00,2026-08-18 11:10 PM UTC,2026,Scheduled,Scheduled,Preview,N,night,2.0,Regular Season,Fenway Park,109,Arizona Diamondbacks,AZ,,,111,Boston Red Sox,BOS,,,
823667,2026-08-18,2026-08-18T23:40:00+00:00,2026-08-18 11:40 PM UTC,2026,Scheduled,Scheduled,Preview,N,night,2.0,Regular Season,Target Field,144,Atlanta Braves,ATL,,,142,Minnesota Twins,MIN,,,
823749,2026-08-18,2026-08-18T23:40:00+00:00,2026-08-18 11:40 PM UTC,2026,Scheduled,Scheduled,Preview,N,night,1.0,Regular Season,American Family Field,136,Seattle Mariners,SEA,,,158,Milwaukee Brewers,MIL,,,
824075,2026-08-18,2026-08-18T23:40:00+00:00,2026-08-18 11:40 PM UTC,2026,Scheduled,Scheduled,Preview,N,night,2.0,Regular Season,Kauffman Stadium,133,Athletics,ATH,,,118,Kansas City Royals,KC,,,
822859,2026-08-18,2026-08-19T00:05:00+00:00,2026-08-19 12:05 AM UTC,2026,Scheduled,Scheduled,Preview,N,night,1.0,Regular Season,Globe Life Field,120,Washington Nationals,WSH,,,140,Texas Rangers,TEX,,,
824639,2026-08-18,2026-08-19T00:05:00+00:00,2026-08-19 12:05 AM UTC,2026,Scheduled,Scheduled,Preview,N,night,2.0,Regular Season,Wrigley Field,145,Chicago White Sox,CWS,,,112,Chicago Cubs,CHC,,,
824154,2026-08-18,2026-08-19T00:10:00+00:00,2026-08-19 12:10 AM UTC,2026,Scheduled,Scheduled,Preview,N,night,1.0,Regular Season,Daikin Park,108,Los Angeles Angels,LAA,,,117,Houston Astros,HOU,,,
824319,2026-08-18,2026-08-19T00:40:00+00:00,2026-08-19 12:40 AM UTC,2026,Scheduled,Scheduled,Preview,N,night,2.0,Regular Season,Coors Field,119,Los Angeles Dodgers,LAD,,,115,Colorado Rockies,COL,,,
823342,2026-08-19,2026-08-19T16:35:00+00:00,2026-08-19 04:35 PM UTC,2026,Scheduled,Scheduled,Preview,N,day,3.0,Regular Season,PNC Park,116,Detroit Tigers,DET,,,134,Pittsburgh Pirates,PIT,,,
823587,2026-08-19,2026-08-19T17:10:00+00:00,2026-08-19 05:10 PM UTC,2026,Scheduled,Scheduled,Preview,N,day,3.0,Regular Season,Citi Field,135,San Diego Padres,SD,,,121,New York Mets,NYM,,,
823664,2026-08-19,2026-08-19T17:40:00+00:00,2026-08-19 05:40 PM UTC,2026,Scheduled,Scheduled,Preview,N,day,3.0,Regular Season,Target Field,144,Atlanta Braves,ATL,,,142,Minnesota Twins,MIN,,,
824640,2026-08-19,2026-08-19T18:20:00+00:00,2026-08-19 06:20 PM UTC,2026,Scheduled,Scheduled,Preview,N,day,3.0,Regular Season,Wrigley Field,145,Chicago White Sox,CWS,,,112,Chicago Cubs,CHC,,,
824722,2026-08-19,2026-08-19T20:10:00+00:00,2026-08-19 08:10 PM UTC,2026,Scheduled,Scheduled,Preview,N,day,3.0,Regular Season,Fenway Park,109,Arizona Diamondbacks,AZ,,,111,Boston Red Sox,BOS,,,
823424,2026-08-19,2026-08-19T22:05:00+00:00,2026-08-19 10:05 PM UTC,2026,Scheduled,Scheduled,Preview,N,night,3.0,Regular Season,Citizens Bank Park,146,Miami Marlins,MIA,,,143,Philadelphia Phillies,PHI,,,
824801,2026-08-19,2026-08-19T22:35:00+00:00,2026-08-19 10:35 PM UTC,2026,Scheduled,Scheduled,Preview,N,night,2.0,Regular Season,Oriole Park at Camden Yards,147,New York Yankees,NYY,,,110,Baltimore Orioles,BAL,,,
822937,2026-08-19,2026-08-19T22:40:00+00:00,2026-08-19 10:40 PM UTC,2026,Scheduled,Scheduled,Preview,N,night,2.0,Regular Season,Tropicana Field,141,Toronto Blue Jays,TOR,,,139,Tampa Bay Rays,TB,,,
824394,2026-08-19,2026-08-19T22:40:00+00:00,2026-08-19 10:40 PM UTC,2026,Scheduled,Scheduled,Preview,N,night,2.0,Regular Season,Progressive Field,137,San Francisco Giants,SF,,,114,Cleveland Guardians,CLE,,,
824476,2026-08-19,2026-08-19T22:40:00+00:00,2026-08-19 10:40 PM UTC,2026,Scheduled,Scheduled,Preview,N,night,3.0,Regular Season,Great American Ball Park,138,St. Louis Cardinals,STL,,,113,Cincinnati Reds,CIN,,,
823748,2026-08-19,2026-08-19T23:40:00+00:00,2026-08-19 11:40 PM UTC,2026,Scheduled,Scheduled,Preview,N,night,2.0,Regular Season,American Family Field,136,Seattle Mariners,SEA,,,158,Milwaukee Brewers,MIL,,,
824076,2026-08-19,2026-08-19T23:40:00+00:00,2026-08-19 11:40 PM UTC,2026,Scheduled,Scheduled,Preview,N,night,3.0,Regular Season,Kauffman Stadium,133,Athletics,ATH,,,118,Kansas City Royals,KC,,,
822860,2026-08-19,2026-08-20T00:05:00+00:00,2026-08-20 12:05 AM UTC,2026,Scheduled,Scheduled,Preview,N,night,2.0,Regular Season,Globe Life Field,120,Washington Nationals,WSH,,,140,Texas Rangers,TEX,,,
824155,2026-08-19,2026-08-20T00:10:00+00:00,2026-08-20 12:10 AM UTC,2026,Scheduled,Scheduled,Preview,N,night,2.0,Regular Season,Daikin Park,108,Los Angeles Angels,LAA,,,117,Houston Astros,HOU,,,
824318,2026-08-19,2026-08-20T00:40:00+00:00,2026-08-20 12:40 AM UTC,2026,Scheduled,Scheduled,Preview,N,night,3.0,Regular Season,Coors Field,119,Los Angeles Dodgers,LAD,,,115,Colorado Rockies,COL,,,
824474,2026-08-20,2026-08-20T16:40:00+00:00,2026-08-20 04:40 PM UTC,2026,Scheduled,Scheduled,Preview,N,day,4.0,Regular Season,Great American Ball Park,138,St. Louis Cardinals,STL,,,113,Cincinnati Reds,CIN,,,
822934,2026-08-20,2026-08-20T17:10:00+00:00,2026-08-20 05:10 PM UTC,2026,Scheduled,Scheduled,Preview,N,day,3.0,Regular Season,Tropicana Field,141,Toronto Blue Jays,TOR,,,139,Tampa Bay Rays,TB,,,
824395,2026-08-20,2026-08-20T17:10:00+00:00,2026-08-20 05:10 PM UTC,2026,Scheduled,Scheduled,Preview,N,day,3.0,Regular Season,Progressive Field,137,San Francisco Giants,SF,,,114,Cleveland Guardians,CLE,,,
823747,2026-08-20,2026-08-20T18:10:00+00:00,2026-08-20 06:10 PM UTC,2026,Scheduled,Scheduled,Preview,N,day,3.0,Regular Season,American Family Field,136,Seattle Mariners,SEA,,,158,Milwaukee Brewers,MIL,,,
824074,2026-08-20,2026-08-20T18:10:00+00:00,2026-08-20 06:10 PM UTC,2026,Scheduled,Scheduled,Preview,N,day,4.0,Regular Season,Kauffman Stadium,133,Athletics,ATH,,,118,Kansas City Royals,KC,,,
824802,2026-08-20,2026-08-20T22:35:00+00:00,2026-08-20 10:35 PM UTC,2026,Scheduled,Scheduled,Preview,N,night,3.0,Regular Season,Oriole Park at Camden Yards,147,New York Yankees,NYY,,,110,Baltimore Orioles,BAL,,,
822861,2026-08-20,2026-08-21T00:05:00+00:00,2026-08-21 12:05 AM UTC,2026,Scheduled,Scheduled,Preview,N,night,3.0,Regular Season,Globe Life Field,120,Washington Nationals,WSH,,,140,Texas Rangers,TEX,,,
824153,2026-08-20,2026-08-21T00:10:00+00:00,2026-08-21 12:10 AM UTC,2026,Scheduled,Scheduled,Preview,N,night,3.0,Regular Season,Daikin Park,108,Los Angeles Angels,LAA,,,117,Houston Astros,HOU,,,
823746,2026-08-21,2026-08-21T20:10:00+00:00,2026-08-21 08:10 PM UTC,2026,Scheduled,Scheduled,Preview,N,day,1.0,Regular Season,American Family Field,144,Atlanta Braves,ATL,,,158,Milwaukee Brewers,MIL,,,
823420,2026-08-21,2026-08-21T22:40:00+00:00,2026-08-21 10:40 PM UTC,2026,Scheduled,Scheduled,Preview,N,night,1.0,Regular Season,Citizens Bank Park,138,St. Louis Cardinals,STL,,,143,Philadelphia Phillies,PHI,,,
823510,2026-08-21,2026-08-21T23:05:00+00:00,2026-08-21 11:05 PM UTC,2026,Scheduled,Scheduled,Preview,N,night,1.0,Regular Season,Yankee Stadium,141,Toronto Blue Jays,TOR,,,147,New York Yankees,NYY,,,
824800,2026-08-21,2026-08-21T23:05:00+00:00,2026-08-21 11:05 PM UTC,2026,Scheduled,Scheduled,Preview,N,night,1.0,Regular Season,Oriole Park at Camden Yards,139,Tampa Bay Rays,TB,,,110,Baltimore Orioles,BAL,,,
823830,2026-08-21,2026-08-21T23:10:00+00:00,2026-08-21 11:10 PM UTC,2026,Scheduled,Scheduled,Preview,N,night,1.0,Regular Season,loanDepot park,120,Washington Nationals,WSH,,,146,Miami Marlins,MIA,,,
824721,2026-08-21,2026-08-21T23:10:00+00:00,2026-08-21 11:10 PM UTC,2026,Scheduled,Scheduled,Preview,N,night,1.0,Regular Season,Fenway Park,137,San Francisco Giants,SF,,,111,Boston Red Sox,BOS,,,
824559,2026-08-21,2026-08-21T23:40:00+00:00,2026-08-21 11:40 PM UTC,2026,Scheduled,Scheduled,Preview,N,night,1.0,Regular Season,Rate Field,121,New York Mets,NYM,,,145,Chicago White Sox,CWS,,,
822857,2026-08-21,2026-08-22T00:05:00+00:00,2026-08-22 12:05 AM UTC,2026,Scheduled,Scheduled,Preview,N,night,1.0,Regular Season,Globe Life Field,108,Los Angeles Angels,LAA,,,140,Texas Rangers,TEX,,,
824072,2026-08-21,2026-08-22T00:10:00+00:00,2026-08-22 12:10 AM UTC,2026,Scheduled,Scheduled,Preview,N,night,1.0,Regular Season,Kauffman Stadium,116,Detroit Tigers,DET,,,118,Kansas City Royals,KC,,,
824152,2026-08-21,2026-08-22T00:10:00+00:00,2026-08-22 12:10 AM UTC,2026,Scheduled,Scheduled,Preview,N,night,1.0,Regular Season,Daikin Park,133,Athletics,ATH,,,117,Houston Astros,HOU,,,
824317,2026-08-21,2026-08-22T00:40:00+00:00,2026-08-22 12:40 AM UTC,2026,Scheduled,Scheduled,Preview,N,night,1.0,Regular Season,Coors Field,114,Cleveland Guardians,CLE,,,115,Colorado Rockies,COL,,,
823262,2026-08-21,2026-08-22T01:40:00+00:00,2026-08-22 01:40 AM UTC,2026,Scheduled,Scheduled,Preview,N,night,1.0,Regular Season,Petco Park,142,Minnesota Twins,MIN,,,135,San Diego Padres,SD,,,
825045,2026-08-21,2026-08-22T01:40:00+00:00,2026-08-22 01:40 AM UTC,2026,Scheduled,Scheduled,Preview,N,night,1.0,Regular Season,Chase Field,113,Cincinnati Reds,CIN,,,109,Arizona Diamondbacks,AZ,,,
823101,2026-08-21,2026-08-22T02:10:00+00:00,2026-08-22 02:10 AM UTC,2026,Scheduled,Scheduled,Preview,N,night,1.0,Regular Season,T-Mobile Park,112,Chicago Cubs,CHC,,,136,Seattle Mariners,SEA,,,
823911,2026-08-21,2026-08-22T02:10:00+00:00,2026-08-22 02:10 AM UTC,2026,Scheduled,Scheduled,Preview,N,night,1.0,Regular Season,UNIQLO Field at Dodger Stadium,134,Pittsburgh Pirates,PIT,,,119,Los Angeles Dodgers,LAD,,,
823509,2026-08-22,2026-08-22T17:35:00+00:00,2026-08-22 05:35 PM UTC,2026,Scheduled,Scheduled,Preview,N,day,2.0,Regular Season,Yankee Stadium,141,Toronto Blue Jays,TOR,,,147,New York Yankees,NYY,,,
823743,2026-08-22,2026-08-22T18:10:00+00:00,2026-08-22 06:10 PM UTC,2026,Scheduled,Scheduled,Preview,N,day,2.0,Regular Season,American Family Field,144,Atlanta Braves,ATL,,,158,Milwaukee Brewers,MIL,,,
823831,2026-08-22,2026-08-22T20:10:00+00:00,2026-08-22 08:10 PM UTC,2026,Scheduled,Scheduled,Preview,N,day,2.0,Regular Season,loanDepot park,120,Washington Nationals,WSH,,,146,Miami Marlins,MIA,,,
823422,2026-08-22,2026-08-22T22:05:00+00:00,2026-08-22 10:05 PM UTC,2026,Scheduled,Scheduled,Preview,N,night,2.0,Regular Season,Citizens Bank Park,138,St. Louis Cardinals,STL,,,143,Philadelphia Phillies,PHI,,,
822858,2026-08-22,2026-08-22T23:05:00+00:00,2026-08-22 11:05 PM UTC,2026,Scheduled,Scheduled,Preview,N,night,2.0,Regular Season,Globe Life Field,108,Los Angeles Angels,LAA,,,140,Texas Rangers,TEX,,,
824798,2026-08-22,2026-08-22T23:05:00+00:00,2026-08-22 11:05 PM UTC,2026,Scheduled,Scheduled,Preview,N,night,2.0,Regular Season,Oriole Park at Camden Yards,139,Tampa Bay Rays,TB,,,110,Baltimore Orioles,BAL,,,
824151,2026-08-22,2026-08-22T23:10:00+00:00,2026-08-22 11:10 PM UTC,2026,Scheduled,Scheduled,Preview,N,night,2.0,Regular Season,Daikin Park,133,Athletics,ATH,,,117,Houston Astros,HOU,,,
824560,2026-08-22,2026-08-22T23:10:00+00:00,2026-08-22 11:10 PM UTC,2026,Scheduled,Scheduled,Preview,N,night,2.0,Regular Season,Rate Field,121,New York Mets,NYM,,,145,Chicago White Sox,CWS,,,
824073,2026-08-22,2026-08-22T23:15:00+00:00,2026-08-22 11:15 PM UTC,2026,Scheduled,Scheduled,Preview,N,night,2.0,Regular Season,Kauffman Stadium,116,Detroit Tigers,DET,,,118,Kansas City Royals,KC,,,
824718,2026-08-22,2026-08-22T23:15:00+00:00,2026-08-22 11:15 PM UTC,2026,Scheduled,Scheduled,Preview,N,night,2.0,Regular Season,Fenway Park,137,San Francisco Giants,SF,,,111,Boston Red Sox,BOS,,,
824316,2026-08-22,2026-08-23T00:10:00+00:00,2026-08-23 12:10 AM UTC,2026,Scheduled,Scheduled,Preview,N,night,2.0,Regular Season,Coors Field,114,Cleveland Guardians,CLE,,,115,Colorado Rockies,COL,,,
825044,2026-08-22,2026-08-23T00:10:00+00:00,2026-08-23 12:10 AM UTC,2026,Scheduled,Scheduled,Preview,N,night,2.0,Regular Season,Chase Field,113,Cincinnati Reds,CIN,,,109,Arizona Diamondbacks,AZ,,,
823261,2026-08-22,2026-08-23T00:40:00+00:00,2026-08-23 12:40 AM UTC,2026,Scheduled,Scheduled,Preview,N,night,2.0,Regular Season,Petco Park,142,Minnesota Twins,MIN,,,135,San Diego Padres,SD,,,
823910,2026-08-22,2026-08-23T01:10:00+00:00,2026-08-23 01:10 AM UTC,2026,Scheduled,Scheduled,Preview,N,night,2.0,Regular Season,UNIQLO Field at Dodger Stadium,134,Pittsburgh Pirates,PIT,,,119,Los Angeles Dodgers,LAD,,,
823100,2026-08-22,2026-08-23T01:40:00+00:00,2026-08-23 01:40 AM UTC,2026,Scheduled,Scheduled,Preview,N,night,2.0,Regular Season,T-Mobile Park,112,Chicago Cubs,CHC,,,136,Seattle Mariners,SEA,,,
823421,2026-08-23,2026-08-23T17:35:00+00:00,2026-08-23 05:35 PM UTC,2026,Scheduled,Scheduled,Preview,N,day,3.0,Regular Season,Citizens Bank Park,138,St. Louis Cardinals,STL,,,143,Philadelphia Phillies,PHI,,,
823507,2026-08-23,2026-08-23T17:35:00+00:00,2026-08-23 05:35 PM UTC,2026,Scheduled,Scheduled,Preview,N,day,3.0,Regular Season,Yankee Stadium,141,Toronto Blue Jays,TOR,,,147,New York Yankees,NYY,,,
824799,2026-08-23,2026-08-23T17:35:00+00:00,2026-08-23 05:35 PM UTC,2026,Scheduled,Scheduled,Preview,N,day,3.0,Regular Season,Oriole Park at Camden Yards,139,Tampa Bay Rays,TB,,,110,Baltimore Orioles,BAL,,,
823827,2026-08-23,2026-08-23T17:40:00+00:00,2026-08-23 05:40 PM UTC,2026,Scheduled,Scheduled,Preview,N,day,3.0,Regular Season,loanDepot park,120,Washington Nationals,WSH,,,146,Miami Marlins,MIA,,,
824071,2026-08-23,2026-08-23T18:10:00+00:00,2026-08-23 06:10 PM UTC,2026,Scheduled,Scheduled,Preview,N,day,3.0,Regular Season,Kauffman Stadium,116,Detroit Tigers,DET,,,118,Kansas City Royals,KC,,,
824150,2026-08-23,2026-08-23T18:10:00+00:00,2026-08-23 06:10 PM UTC,2026,Scheduled,Scheduled,Preview,N,day,3.0,Regular Season,Daikin Park,133,Athletics,ATH,,,117,Houston Astros,HOU,,,
824558,2026-08-23,2026-08-23T18:10:00+00:00,2026-08-23 06:10 PM UTC,2026,Scheduled,Scheduled,Preview,N,day,3.0,Regular Season,Rate Field,121,New York Mets,NYM,,,145,Chicago White Sox,CWS,,,
822856,2026-08-23,2026-08-23T18:35:00+00:00,2026-08-23 06:35 PM UTC,2026,Scheduled,Scheduled,Preview,N,day,3.0,Regular Season,Globe Life Field,108,Los Angeles Angels,LAA,,,140,Texas Rangers,TEX,,,
824315,2026-08-23,2026-08-23T19:10:00+00:00,2026-08-23 07:10 PM UTC,2026,Scheduled,Scheduled,Preview,N,day,3.0,Regular Season,Coors Field,114,Cleveland Guardians,CLE,,,115,Colorado Rockies,COL,,,
824720,2026-08-23,2026-08-23T19:10:00+00:00,2026-08-23 07:10 PM UTC,2026,Scheduled,Scheduled,Preview,N,day,3.0,Regular Season,Fenway Park,137,San Francisco Giants,SF,,,111,Boston Red Sox,BOS,,,
823099,2026-08-23,2026-08-23T20:10:00+00:00,2026-08-23 08:10 PM UTC,2026,Scheduled,Scheduled,Preview,N,day,3.0,Regular Season,T-Mobile Park,112,Chicago Cubs,CHC,,,136,Seattle Mariners,SEA,,,
823258,2026-08-23,2026-08-23T20:10:00+00:00,2026-08-23 08:10 PM UTC,2026,Scheduled,Scheduled,Preview,N,day,3.0,Regular Season,Petco Park,142,Minnesota Twins,MIN,,,135,San Diego Padres,SD,,,
823909,2026-08-23,2026-08-23T20:10:00+00:00,2026-08-23 08:10 PM UTC,2026,Scheduled,Scheduled,Preview,N,day,3.0,Regular Season,UNIQLO Field at Dodger Stadium,134,Pittsburgh Pirates,PIT,,,119,Los Angeles Dodgers,LAD,,,
825043,2026-08-23,2026-08-23T20:15:00+00:00,2026-08-23 08:15 PM UTC,2026,Scheduled,Scheduled,Preview,N,day,3.0,Regular Season,Chase Field,113,Cincinnati Reds,CIN,,,109,Arizona Diamondbacks,AZ,,,
823745,2026-08-23,2026-08-23T23:10:00+00:00,2026-08-23 11:10 PM UTC,2026,Scheduled,Scheduled,Preview,N,night,3.0,Regular Season,Journey Bank Ballpark,144,Atlanta Braves,ATL,,,158,Milwaukee Brewers,MIL,,,
823828,2026-08-24,2026-08-24T22:40:00+00:00,2026-08-24 10:40 PM UTC,2026,Scheduled,Scheduled,Preview,N,night,1.0,Regular Season,loanDepot park,111,Boston Red Sox,BOS,,,146,Miami Marlins,MIA,,,
824235,2026-08-24,2026-08-24T22:40:00+00:00,2026-08-24 10:40 PM UTC,2026,Scheduled,Scheduled,Preview,N,night,1.0,Regular Season,Comerica Park,139,Tampa Bay Rays,TB,,,116,Detroit Tigers,DET,,,
822695,2026-08-24,2026-08-24T22:45:00+00:00,2026-08-24 10:45 PM UTC,2026,Scheduled,Scheduled,Preview,N,night,1.0,Regular Season,Nationals Park,115,Colorado Rockies,COL,,,120,Washington Nationals,WSH,,,
824557,2026-08-24,2026-08-24T23:40:00+00:00,2026-08-24 11:40 PM UTC,2026,Scheduled,Scheduled,Preview,N,night,1.0,Regular Season,Rate Field,140,Texas Rangers,TEX,,,145,Chicago White Sox,CWS,,,
823992,2026-08-24,2026-08-25T01:38:00+00:00,2026-08-25 01:38 AM UTC,2026,Scheduled,Scheduled,Preview,N,night,1.0,Regular Season,Angel Stadium,114,Cleveland Guardians,CLE,,,108,Los Angeles Angels,LAA,,,
823097,2026-08-24,2026-08-25T01:40:00+00:00,2026-08-25 01:40 AM UTC,2026,Scheduled,Scheduled,Preview,N,night,1.0,Regular Season,T-Mobile Park,143,Philadelphia Phillies,PHI,,,136,Seattle Mariners,SEA,,,
823260,2026-08-24,2026-08-25T01:40:00+00:00,2026-08-25 01:40 AM UTC,2026,Scheduled,Scheduled,Preview,N,night,1.0,Regular Season,Petco Park,134,Pittsburgh Pirates,PIT,,,135,San Diego Padres,SD,,,
824964,2026-08-24,2026-08-25T01:40:00+00:00,2026-08-25 01:40 AM UTC,2026,Scheduled,Scheduled,Preview,N,night,1.0,Regular Season,Sutter Health Park,142,Minnesota Twins,MIN,,,133,Athletics,ATH,,,
825041,2026-08-24,2026-08-25T01:40:00+00:00,2026-08-25 01:40 AM UTC,2026,Scheduled,Scheduled,Preview,N,night,1.0,Regular Season,Chase Field,112,Chicago Cubs,CHC,,,109,Arizona Diamondbacks,AZ,,,
823183,2026-08-24,2026-08-25T01:45:00+00:00,2026-08-25 01:45 AM UTC,2026,Scheduled,Scheduled,Preview,N,night,1.0,Regular Season,Oracle Park,113,Cincinnati Reds,CIN,,,137,San Francisco Giants,SF,,,
823826,2026-08-25,2026-08-25T22:40:00+00:00,2026-08-25 10:40 PM UTC,2026,Scheduled,Scheduled,Preview,N,night,2.0,Regular Season,loanDepot park,111,Boston Red Sox,BOS,,,146,Miami Marlins,MIA,,,
824233,2026-08-25,2026-08-25T22:40:00+00:00,2026-08-25 10:40 PM UTC,2026,Scheduled,Scheduled,Preview,N,night,2.0,Regular Season,Comerica Park,139,Tampa Bay Rays,TB,,,116,Detroit Tigers,DET,,,
822693,2026-08-25,2026-08-25T22:45:00+00:00,2026-08-25 10:45 PM UTC,2026,Scheduled,Scheduled,Preview,N,night,2.0,Regular Season,Nationals Park,115,Colorado Rockies,COL,,,120,Washington Nationals,WSH,,,
823505,2026-08-25,2026-08-25T23:05:00+00:00,2026-08-25 11:05 PM UTC,2026,Scheduled,Scheduled,Preview,N,night,1.0,Regular Season,Yankee Stadium,117,Houston Astros,HOU,,,147,New York Yankees,NYY,,,
822773,2026-08-25,2026-08-25T23:07:00+00:00,2026-08-25 11:07 PM UTC,2026,Scheduled,Scheduled,Preview,N,night,1.0,Regular Season,Rogers Centre,118,Kansas City Royals,KC,,,141,Toronto Blue Jays,TOR,,,
823585,2026-08-25,2026-08-25T23:10:00+00:00,2026-08-25 11:10 PM UTC,2026,Scheduled,Scheduled,Preview,N,night,1.0,Regular Season,Citi Field,158,Milwaukee Brewers,MIL,,,121,New York Mets,NYM,,,
824881,2026-08-25,2026-08-25T23:15:00+00:00,2026-08-25 11:15 PM UTC,2026,Scheduled,Scheduled,Preview,N,night,1.0,Regular Season,Truist Park,119,Los Angeles Dodgers,LAD,,,144,Atlanta Braves,ATL,,,
824556,2026-08-25,2026-08-25T23:40:00+00:00,2026-08-25 11:40 PM UTC,2026,Scheduled,Scheduled,Preview,N,night,2.0,Regular Season,Rate Field,140,Texas Rangers,TEX,,,145,Chicago White Sox,CWS,,,
823016,2026-08-25,2026-08-25T23:45:00+00:00,2026-08-25 11:45 PM UTC,2026,Scheduled,Scheduled,Preview,N,night,1.0,Regular Season,Busch Stadium,110,Baltimore Orioles,BAL,,,138,St. Louis Cardinals,STL,,,
823989,2026-08-25,2026-08-26T01:38:00+00:00,2026-08-26 01:38 AM UTC,2026,Scheduled,Scheduled,Preview,N,night,2.0,Regular Season,Angel Stadium,114,Cleveland Guardians,CLE,,,108,Los Angeles Angels,LAA,,,
823098,2026-08-25,2026-08-26T01:40:00+00:00,2026-08-26 01:40 AM UTC,2026,Scheduled,Scheduled,Preview,N,night,2.0,Regular Season,T-Mobile Park,143,Philadelphia Phillies,PHI,,,136,Seattle Mariners,SEA,,,
823259,2026-08-25,2026-08-26T01:40:00+00:00,2026-08-26 01:40 AM UTC,2026,Scheduled,Scheduled,Preview,N,night,2.0,Regular Season,Petco Park,134,Pittsburgh Pirates,PIT,,,135,San Diego Padres,SD,,,
824962,2026-08-25,2026-08-26T01:40:00+00:00,2026-08-26 01:40 AM UTC,2026,Scheduled,Scheduled,Preview,N,night,2.0,Regular Season,Sutter Health Park,142,Minnesota Twins,MIN,,,133,Athletics,ATH,,,
825042,2026-08-25,2026-08-26T01:40:00+00:00,2026-08-26 01:40 AM UTC,2026,Scheduled,Scheduled,Preview,N,night,2.0,Regular Season,Chase Field,112,Chicago Cubs,CHC,,,109,Arizona Diamondbacks,AZ,,,
823181,2026-08-25,2026-08-26T01:45:00+00:00,2026-08-26 01:45 AM UTC,2026,Scheduled,Scheduled,Preview,N,night,2.0,Regular Season,Oracle Park,113,Cincinnati Reds,CIN,,,137,San Francisco Giants,SF,,,
824234,2026-08-26,2026-08-26T17:10:00+00:00,2026-08-26 05:10 PM UTC,2026,Scheduled,Scheduled,Preview,N,day,3.0,Regular Season,Comerica Park,139,Tampa Bay Rays,TB,,,116,Detroit Tigers,DET,,,
825039,2026-08-26,2026-08-26T19:40:00+00:00,2026-08-26 07:40 PM UTC,2026,Scheduled,Scheduled,Preview,N,day,3.0,Regular Season,Chase Field,112,Chicago Cubs,CHC,,,109,Arizona Diamondbacks,AZ,,,
823180,2026-08-26,2026-08-26T19:45:00+00:00,2026-08-26 07:45 PM UTC,2026,Scheduled,Scheduled,Preview,N,day,3.0,Regular Season,Oracle Park,113,Cincinnati Reds,CIN,,,137,San Francisco Giants,SF,,,
823988,2026-08-26,2026-08-26T20:07:00+00:00,2026-08-26 08:07 PM UTC,2026,Scheduled,Scheduled,Preview,N,day,3.0,Regular Season,Angel Stadium,114,Cleveland Guardians,CLE,,,108,Los Angeles Angels,LAA,,,
823096,2026-08-26,2026-08-26T20:10:00+00:00,2026-08-26 08:10 PM UTC,2026,Scheduled,Scheduled,Preview,N,day,3.0,Regular Season,T-Mobile Park,143,Philadelphia Phillies,PHI,,,136,Seattle Mariners,SEA,,,
823255,2026-08-26,2026-08-26T20:10:00+00:00,2026-08-26 08:10 PM UTC,2026,Scheduled,Scheduled,Preview,N,day,3.0,Regular Season,Petco Park,134,Pittsburgh Pirates,PIT,,,135,San Diego Padres,SD,,,
823825,2026-08-26,2026-08-26T22:40:00+00:00,2026-08-26 10:40 PM UTC,2026,Scheduled,Scheduled,Preview,N,night,3.0,Regular Season,loanDepot park,111,Boston Red Sox,BOS,,,146,Miami Marlins,MIA,,,
822692,2026-08-26,2026-08-26T22:45:00+00:00,2026-08-26 10:45 PM UTC,2026,Scheduled,Scheduled,Preview,N,night,3.0,Regular Season,Nationals Park,115,Colorado Rockies,COL,,,120,Washington Nationals,WSH,,,
823506,2026-08-26,2026-08-26T23:05:00+00:00,2026-08-26 11:05 PM UTC,2026,Scheduled,Scheduled,Preview,N,night,2.0,Regular Season,Yankee Stadium,117,Houston Astros,HOU,,,147,New York Yankees,NYY,,,
822772,2026-08-26,2026-08-26T23:07:00+00:00,2026-08-26 11:07 PM UTC,2026,Scheduled,Scheduled,Preview,N,night,2.0,Regular Season,Rogers Centre,118,Kansas City Royals,KC,,,141,Toronto Blue Jays,TOR,,,
823584,2026-08-26,2026-08-26T23:10:00+00:00,2026-08-26 11:10 PM UTC,2026,Scheduled,Scheduled,Preview,N,night,2.0,Regular Season,Citi Field,158,Milwaukee Brewers,MIL,,,121,New York Mets,NYM,,,
824878,2026-08-26,2026-08-26T23:15:00+00:00,2026-08-26 11:15 PM UTC,2026,Scheduled,Scheduled,Preview,N,night,2.0,Regular Season,Truist Park,119,Los Angeles Dodgers,LAD,,,144,Atlanta Braves,ATL,,,
824555,2026-08-26,2026-08-26T23:40:00+00:00,2026-08-26 11:40 PM UTC,2026,Scheduled,Scheduled,Preview,N,night,3.0,Regular Season,Rate Field,140,Texas Rangers,TEX,,,145,Chicago White Sox,CWS,,,
823015,2026-08-26,2026-08-26T23:45:00+00:00,2026-08-26 11:45 PM UTC,2026,Scheduled,Scheduled,Preview,N,night,2.0,Regular Season,Busch Stadium,110,Baltimore Orioles,BAL,,,138,St. Louis Cardinals,STL,,,
824963,2026-08-26,2026-08-27T01:05:00+00:00,2026-08-27 01:05 AM UTC,2026,Scheduled,Scheduled,Preview,N,night,3.0,Regular Season,Sutter Health Park,142,Minnesota Twins,MIN,,,133,Athletics,ATH,,,
822694,2026-08-27,2026-08-27T17:05:00+00:00,2026-08-27 05:05 PM UTC,2026,Scheduled,Scheduled,Preview,N,day,4.0,Regular Season,Nationals Park,115,Colorado Rockies,COL,,,120,Washington Nationals,WSH,,,
823014,2026-08-27,2026-08-27T18:15:00+00:00,2026-08-27 06:15 PM UTC,2026,Scheduled,Scheduled,Preview,N,day,3.0,Regular Season,Busch Stadium,110,Baltimore Orioles,BAL,,,138,St. Louis Cardinals,STL,,,
823503,2026-08-27,2026-08-27T23:05:00+00:00,2026-08-27 11:05 PM UTC,2026,Scheduled,Scheduled,Preview,N,night,3.0,Regular Season,Yankee Stadium,117,Houston Astros,HOU,,,147,New York Yankees,NYY,,,
822771,2026-08-27,2026-08-27T23:07:00+00:00,2026-08-27 11:07 PM UTC,2026,Scheduled,Scheduled,Preview,N,night,3.0,Regular Season,Rogers Centre,118,Kansas City Royals,KC,,,141,Toronto Blue Jays,TOR,,,
823581,2026-08-27,2026-08-27T23:10:00+00:00,2026-08-27 11:10 PM UTC,2026,Scheduled,Scheduled,Preview,N,night,3.0,Regular Season,Citi Field,158,Milwaukee Brewers,MIL,,,121,New York Mets,NYM,,,
824879,2026-08-27,2026-08-27T23:15:00+00:00,2026-08-27 11:15 PM UTC,2026,Scheduled,Scheduled,Preview,N,night,3.0,Regular Season,Truist Park,119,Los Angeles Dodgers,LAD,,,144,Atlanta Braves,ATL,,,
823179,2026-08-27,2026-08-28T01:45:00+00:00,2026-08-28 01:45 AM UTC,2026,Scheduled,Scheduled,Preview,N,night,1.0,Regular Season,Oracle Park,109,Arizona Diamondbacks,AZ,,,137,San Francisco Giants,SF,,,
824638,2026-08-28,2026-08-28T18:20:00+00:00,2026-08-28 06:20 PM UTC,2026,Scheduled,Scheduled,Preview,N,day,1.0,Regular Season,Wrigley Field,113,Cincinnati Reds,CIN,,,112,Chicago Cubs,CHC,,,
824231,2026-08-28,2026-08-28T22:40:00+00:00,2026-08-28 10:40 PM UTC,2026,Scheduled,Scheduled,Preview,N,night,1.0,Regular Season,Comerica Park,119,Los Angeles Dodgers,LAD,,,116,Detroit Tigers,DET,,,
822691,2026-08-28,2026-08-28T22:45:00+00:00,2026-08-28 10:45 PM UTC,2026,Scheduled,Scheduled,Preview,N,night,1.0,Regular Season,Nationals Park,146,Miami Marlins,MIA,,,120,Washington Nationals,WSH,,,
823504,2026-08-28,2026-08-28T23:05:00+00:00,2026-08-28 11:05 PM UTC,2026,Scheduled,Scheduled,Preview,N,night,1.0,Regular Season,Yankee Stadium,111,Boston Red Sox,BOS,,,147,New York Yankees,NYY,,,
822769,2026-08-28,2026-08-28T23:07:00+00:00,2026-08-28 11:07 PM UTC,2026,Scheduled,Scheduled,Preview,N,night,1.0,Regular Season,Rogers Centre,136,Seattle Mariners,SEA,,,141,Toronto Blue Jays,TOR,,,
822935,2026-08-28,2026-08-28T23:10:00+00:00,2026-08-28 11:10 PM UTC,2026,Scheduled,Scheduled,Preview,N,night,1.0,Regular Season,Tropicana Field,135,San Diego Padres,SD,,,139,Tampa Bay Rays,TB,,,
823583,2026-08-28,2026-08-28T23:10:00+00:00,2026-08-28 11:10 PM UTC,2026,Scheduled,Scheduled,Preview,N,night,1.0,Regular Season,Citi Field,117,Houston Astros,HOU,,,121,New York Mets,NYM,,,
824396,2026-08-28,2026-08-28T23:10:00+00:00,2026-08-28 11:10 PM UTC,2026,Scheduled,Scheduled,Preview,N,night,1.0,Regular Season,Progressive Field,118,Kansas City Royals,KC,,,114,Cleveland Guardians,CLE,,,
824877,2026-08-28,2026-08-28T23:15:00+00:00,2026-08-28 11:15 PM UTC,2026,Scheduled,Scheduled,Preview,N,night,1.0,Regular Season,Truist Park,115,Colorado Rockies,COL,,,144,Atlanta Braves,ATL,,,
823744,2026-08-28,2026-08-28T23:40:00+00:00,2026-08-28 11:40 PM UTC,2026,Scheduled,Scheduled,Preview,N,night,1.0,Regular Season,American Family Field,140,Texas Rangers,TEX,,,158,Milwaukee Brewers,MIL,,,
823666,2026-08-28,2026-08-29T00:10:00+00:00,2026-08-29 12:10 AM UTC,2026,Scheduled,Scheduled,Preview,N,night,1.0,Regular Season,Target Field,145,Chicago White Sox,CWS,,,142,Minnesota Twins,MIN,,,
823013,2026-08-28,2026-08-29T00:15:00+00:00,2026-08-29 12:15 AM UTC,2026,Scheduled,Scheduled,Preview,N,night,1.0,Regular Season,Busch Stadium,134,Pittsburgh Pirates,PIT,,,138,St. Louis Cardinals,STL,,,
823985,2026-08-28,2026-08-29T01:38:00+00:00,2026-08-29 01:38 AM UTC,2026,Scheduled,Scheduled,Preview,N,night,1.0,Regular Season,Angel Stadium,143,Philadelphia Phillies,PHI,,,108,Los Angeles Angels,LAA,,,
824960,2026-08-28,2026-08-29T01:40:00+00:00,2026-08-29 01:40 AM UTC,2026,Scheduled,Scheduled,Preview,N,night,1.0,Regular Season,Sutter Health Park,110,Baltimore Orioles,BAL,,,133,Athletics,ATH,,,
823178,2026-08-28,2026-08-29T02:15:00+00:00,2026-08-29 02:15 AM UTC,2026,Scheduled,Scheduled,Preview,N,night,2.0,Regular Season,Oracle Park,109,Arizona Diamondbacks,AZ,,,137,San Francisco Giants,SF,,,
824230,2026-08-29,2026-08-29T17:10:00+00:00,2026-08-29 05:10 PM UTC,2026,Scheduled,Scheduled,Preview,N,day,2.0,Regular Season,Comerica Park,119,Los Angeles Dodgers,LAD,,,116,Detroit Tigers,DET,,,
823665,2026-08-29,2026-08-29T18:10:00+00:00,2026-08-29 06:10 PM UTC,2026,Scheduled,Scheduled,Preview,N,day,2.0,Regular Season,Target Field,145,Chicago White Sox,CWS,,,142,Minnesota Twins,MIN,,,
823011,2026-08-29,2026-08-29T18:15:00+00:00,2026-08-29 06:15 PM UTC,2026,Scheduled,Scheduled,Preview,N,day,2.0,Regular Season,Busch Stadium,134,Pittsburgh Pirates,PIT,,,138,St. Louis Cardinals,STL,,,
824637,2026-08-29,2026-08-29T18:20:00+00:00,2026-08-29 06:20 PM UTC,2026,Scheduled,Scheduled,Preview,N,day,2.0,Regular Season,Wrigley Field,113,Cincinnati Reds,CIN,,,112,Chicago Cubs,CHC,,,
822770,2026-08-29,2026-08-29T19:07:00+00:00,2026-08-29 07:07 PM UTC,2026,Scheduled,Scheduled,Preview,N,day,2.0,Regular Season,Rogers Centre,136,Seattle Mariners,SEA,,,141,Toronto Blue Jays,TOR,,,
822690,2026-08-29,2026-08-29T20:05:00+00:00,2026-08-29 08:05 PM UTC,2026,Scheduled,Scheduled,Preview,N,day,2.0,Regular Season,Nationals Park,146,Miami Marlins,MIA,,,120,Washington Nationals,WSH,,,
822936,2026-08-29,2026-08-29T20:10:00+00:00,2026-08-29 08:10 PM UTC,2026,Scheduled,Scheduled,Preview,N,day,2.0,Regular Season,Tropicana Field,135,San Diego Padres,SD,,,139,Tampa Bay Rays,TB,,,
823582,2026-08-29,2026-08-29T20:10:00+00:00,2026-08-29 08:10 PM UTC,2026,Scheduled,Scheduled,Preview,N,day,2.0,Regular Season,Citi Field,117,Houston Astros,HOU,,,121,New York Mets,NYM,,,
824392,2026-08-29,2026-08-29T20:10:00+00:00,2026-08-29 08:10 PM UTC,2026,Scheduled,Scheduled,Preview,N,day,2.0,Regular Season,Progressive Field,118,Kansas City Royals,KC,,,114,Cleveland Guardians,CLE,,,
824874,2026-08-29,2026-08-29T20:10:00+00:00,2026-08-29 08:10 PM UTC,2026,Scheduled,Scheduled,Preview,N,day,2.0,Regular Season,Truist Park,115,Colorado Rockies,COL,,,144,Atlanta Braves,ATL,,,
823501,2026-08-29,2026-08-29T23:15:00+00:00,2026-08-29 11:15 PM UTC,2026,Scheduled,Scheduled,Preview,N,night,2.0,Regular Season,Yankee Stadium,111,Boston Red Sox,BOS,,,147,New York Yankees,NYY,,,
823741,2026-08-29,2026-08-29T23:15:00+00:00,2026-08-29 11:15 PM UTC,2026,Scheduled,Scheduled,Preview,N,night,2.0,Regular Season,American Family Field,140,Texas Rangers,TEX,,,158,Milwaukee Brewers,MIL,,,
823176,2026-08-29,2026-08-30T02:05:00+00:00,2026-08-30 02:05 AM UTC,2026,Scheduled,Scheduled,Preview,N,night,3.0,Regular Season,Oracle Park,109,Arizona Diamondbacks,AZ,,,137,San Francisco Giants,SF,,,
824961,2026-08-29,2026-08-30T02:05:00+00:00,2026-08-30 02:05 AM UTC,2026,Scheduled,Scheduled,Preview,N,night,2.0,Regular Season,Sutter Health Park,110,Baltimore Orioles,BAL,,,133,Athletics,ATH,,,
823986,2026-08-29,2026-08-30T02:07:00+00:00,2026-08-30 02:07 AM UTC,2026,Scheduled,Scheduled,Preview,N,night,2.0,Regular Season,Angel Stadium,143,Philadelphia Phillies,PHI,,,108,Los Angeles Angels,LAA,,,
822688,2026-08-30,2026-08-30T16:15:00+00:00,2026-08-30 04:15 PM UTC,2026,Scheduled,Scheduled,Preview,N,day,3.0,Regular Season,Nationals Park,146,Miami Marlins,MIA,,,120,Washington Nationals,WSH,,,
823502,2026-08-30,2026-08-30T17:35:00+00:00,2026-08-30 05:35 PM UTC,2026,Scheduled,Scheduled,Preview,N,day,3.0,Regular Season,Yankee Stadium,111,Boston Red Sox,BOS,,,147,New York Yankees,NYY,,,
824876,2026-08-30,2026-08-30T17:35:00+00:00,2026-08-30 05:35 PM UTC,2026,Scheduled,Scheduled,Preview,N,day,3.0,Regular Season,Truist Park,115,Colorado Rockies,COL,,,144,Atlanta Braves,ATL,,,
822766,2026-08-30,2026-08-30T17:37:00+00:00,2026-08-30 05:37 PM UTC,2026,Scheduled,Scheduled,Preview,N,day,3.0,Regular Season,Rogers Centre,136,Seattle Mariners,SEA,,,141,Toronto Blue Jays,TOR,,,
822933,2026-08-30,2026-08-30T17:40:00+00:00,2026-08-30 05:40 PM UTC,2026,Scheduled,Scheduled,Preview,N,day,3.0,Regular Season,Tropicana Field,135,San Diego Padres,SD,,,139,Tampa Bay Rays,TB,,,
824232,2026-08-30,2026-08-30T17:40:00+00:00,2026-08-30 05:40 PM UTC,2026,Scheduled,Scheduled,Preview,N,day,3.0,Regular Season,Comerica Park,119,Los Angeles Dodgers,LAD,,,116,Detroit Tigers,DET,,,
824393,2026-08-30,2026-08-30T17:40:00+00:00,2026-08-30 05:40 PM UTC,2026,Scheduled,Scheduled,Preview,N,day,3.0,Regular Season,Progressive Field,118,Kansas City Royals,KC,,,114,Cleveland Guardians,CLE,,,
823662,2026-08-30,2026-08-30T18:10:00+00:00,2026-08-30 06:10 PM UTC,2026,Scheduled,Scheduled,Preview,N,day,3.0,Regular Season,Target Field,145,Chicago White Sox,CWS,,,142,Minnesota Twins,MIN,,,
823740,2026-08-30,2026-08-30T18:10:00+00:00,2026-08-30 06:10 PM UTC,2026,Scheduled,Scheduled,Preview,N,day,3.0,Regular Season,American Family Field,140,Texas Rangers,TEX,,,158,Milwaukee Brewers,MIL,,,
823010,2026-08-30,2026-08-30T18:15:00+00:00,2026-08-30 06:15 PM UTC,2026,Scheduled,Scheduled,Preview,N,day,3.0,Regular Season,Busch Stadium,134,Pittsburgh Pirates,PIT,,,138,St. Louis Cardinals,STL,,,
824636,2026-08-30,2026-08-30T19:10:00+00:00,2026-08-30 07:10 PM UTC,2026,Scheduled,Scheduled,Preview,N,day,3.0,Regular Season,Wrigley Field,113,Cincinnati Reds,CIN,,,112,Chicago Cubs,CHC,,,
823177,2026-08-30,2026-08-30T20:05:00+00:00,2026-08-30 08:05 PM UTC,2026,Scheduled,Scheduled,Preview,N,day,4.0,Regular Season,Oracle Park,109,Arizona Diamondbacks,AZ,,,137,San Francisco Giants,SF,,,
824959,2026-08-30,2026-08-30T20:05:00+00:00,2026-08-30 08:05 PM UTC,2026,Scheduled,Scheduled,Preview,N,day,3.0,Regular Season,Sutter Health Park,110,Baltimore Orioles,BAL,,,133,Athletics,ATH,,,
823987,2026-08-30,2026-08-30T20:07:00+00:00,2026-08-30 08:07 PM UTC,2026,Scheduled,Scheduled,Preview,N,day,3.0,Regular Season,Angel Stadium,143,Philadelphia Phillies,PHI,,,108,Los Angeles Angels,LAA,,,
823580,2026-08-30,2026-08-30T23:20:00+00:00,2026-08-30 11:20 PM UTC,2026,Scheduled,Scheduled,Preview,N,night,3.0,Regular Season,Citi Field,117,Houston Astros,HOU,,,121,New York Mets,NYM,,,
822932,2026-08-31,2026-08-31T22:40:00+00:00,2026-08-31 10:40 PM UTC,2026,Scheduled,Scheduled,Preview,N,night,1.0,Regular Season,Tropicana Field,121,New York Mets,NYM,,,139,Tampa Bay Rays,TB,,,
824473,2026-08-31,2026-08-31T22:40:00+00:00,2026-08-31 10:40 PM UTC,2026,Scheduled,Scheduled,Preview,N,night,1.0,Regular Season,Great American Ball Park,135,San Diego Padres,SD,,,113,Cincinnati Reds,CIN,,,
822689,2026-08-31,2026-08-31T22:45:00+00:00,2026-08-31 10:45 PM UTC,2026,Scheduled,Scheduled,Preview,N,night,4.0,Regular Season,Nationals Park,146,Miami Marlins,MIA,,,120,Washington Nationals,WSH,,,
824719,2026-08-31,2026-08-31T22:45:00+00:00,2026-08-31 10:45 PM UTC,2026,Scheduled,Scheduled,Preview,N,night,1.0,Regular Season,Fenway Park,136,Seattle Mariners,SEA,,,111,Boston Red Sox,BOS,,,
823663,2026-08-31,2026-08-31T23:40:00+00:00,2026-08-31 11:40 PM UTC,2026,Scheduled,Scheduled,Preview,N,night,1.0,Regular Season,Target Field,116,Detroit Tigers,DET,,,142,Minnesota Twins,MIN,,,
824635,2026-08-31,2026-08-31T23:40:00+00:00,2026-08-31 11:40 PM UTC,2026,Scheduled,Scheduled,Preview,N,night,1.0,Regular Season,Wrigley Field,158,Milwaukee Brewers,MIL,,,112,Chicago Cubs,CHC,,,
822855,2026-08-31,2026-09-01T00:05:00+00:00,2026-09-01 12:05 AM UTC,2026,Scheduled,Scheduled,Preview,N,night,1.0,Regular Season,Globe Life Field,133,Athletics,ATH,,,140,Texas Rangers,TEX,,,
824149,2026-08-31,2026-09-01T00:10:00+00:00,2026-09-01 12:10 AM UTC,2026,Scheduled,Scheduled,Preview,N,night,1.0,Regular Season,Daikin Park,145,Chicago White Sox,CWS,,,117,Houston Astros,HOU,,,
824314,2026-08-31,2026-09-01T00:40:00+00:00,2026-09-01 12:40 AM UTC,2026,Scheduled,Scheduled,Preview,N,night,1.0,Regular Season,Coors Field,110,Baltimore Orioles,BAL,,,115,Colorado Rockies,COL,,,
823982,2026-08-31,2026-09-01T01:38:00+00:00,2026-09-01 01:38 AM UTC,2026,Scheduled,Scheduled,Preview,N,night,1.0,Regular Season,Angel Stadium,147,New York Yankees,NYY,,,108,Los Angeles Angels,LAA,,,
825040,2026-08-31,2026-09-01T01:40:00+00:00,2026-09-01 01:40 AM UTC,2026,Scheduled,Scheduled,Preview,N,night,1.0,Regular Season,Chase Field,143,Philadelphia Phillies,PHI,,,109,Arizona Diamondbacks,AZ,,,
822929,2026-09-01,2026-09-01T22:40:00+00:00,2026-09-01 10:40 PM UTC,2026,Scheduled,Scheduled,Preview,N,night,2.0,Regular Season,Tropicana Field,121,New York Mets,NYM,,,139,Tampa Bay Rays,TB,,,
823340,2026-09-01,2026-09-01T22:40:00+00:00,2026-09-01 10:40 PM UTC,2026,Scheduled,Scheduled,Preview,N,night,1.0,Regular Season,PNC Park,137,San Francisco Giants,SF,,,134,Pittsburgh Pirates,PIT,,,
824391,2026-09-01,2026-09-01T22:40:00+00:00,2026-09-01 10:40 PM UTC,2026,Scheduled,Scheduled,Preview,N,night,1.0,Regular Season,Progressive Field,141,Toronto Blue Jays,TOR,,,114,Cleveland Guardians,CLE,,,
824472,2026-09-01,2026-09-01T22:40:00+00:00,2026-09-01 10:40 PM UTC,2026,Scheduled,Scheduled,Preview,N,night,2.0,Regular Season,Great American Ball Park,135,San Diego Padres,SD,,,113,Cincinnati Reds,CIN,,,
822687,2026-09-01,2026-09-01T22:45:00+00:00,2026-09-01 10:45 PM UTC,2026,Scheduled,Scheduled,Preview,N,night,1.0,Regular Season,Nationals Park,144,Atlanta Braves,ATL,,,120,Washington Nationals,WSH,,,
824716,2026-09-01,2026-09-01T22:45:00+00:00,2026-09-01 10:45 PM UTC,2026,Scheduled,Scheduled,Preview,N,night,2.0,Regular Season,Fenway Park,136,Seattle Mariners,SEA,,,111,Boston Red Sox,BOS,,,
823661,2026-09-01,2026-09-01T23:40:00+00:00,2026-09-01 11:40 PM UTC,2026,Scheduled,Scheduled,Preview,N,night,2.0,Regular Season,Target Field,116,Detroit Tigers,DET,,,142,Minnesota Twins,MIN,,,
824070,2026-09-01,2026-09-01T23:40:00+00:00,2026-09-01 11:40 PM UTC,2026,Scheduled,Scheduled,Preview,N,night,1.0,Regular Season,Kauffman Stadium,146,Miami Marlins,MIA,,,118,Kansas City Royals,KC,,,
824633,2026-09-01,2026-09-01T23:40:00+00:00,2026-09-01 11:40 PM UTC,2026,Scheduled,Scheduled,Preview,N,night,2.0,Regular Season,Wrigley Field,158,Milwaukee Brewers,MIL,,,112,Chicago Cubs,CHC,,,
822854,2026-09-01,2026-09-02T00:05:00+00:00,2026-09-02 12:05 AM UTC,2026,Scheduled,Scheduled,Preview,N,night,2.0,Regular Season,Globe Life Field,133,Athletics,ATH,,,140,Texas Rangers,TEX,,,
824148,2026-09-01,2026-09-02T00:10:00+00:00,2026-09-02 12:10 AM UTC,2026,Scheduled,Scheduled,Preview,N,night,2.0,Regular Season,Daikin Park,145,Chicago White Sox,CWS,,,117,Houston Astros,HOU,,,
824313,2026-09-01,2026-09-02T00:40:00+00:00,2026-09-02 12:40 AM UTC,2026,Scheduled,Scheduled,Preview,N,night,2.0,Regular Season,Coors Field,110,Baltimore Orioles,BAL,,,115,Colorado Rockies,COL,,,
823984,2026-09-01,2026-09-02T01:38:00+00:00,2026-09-02 01:38 AM UTC,2026,Scheduled,Scheduled,Preview,N,night,2.0,Regular Season,Angel Stadium,147,New York Yankees,NYY,,,108,Los Angeles Angels,LAA,,,
825038,2026-09-01,2026-09-02T01:40:00+00:00,2026-09-02 01:40 AM UTC,2026,Scheduled,Scheduled,Preview,N,night,2.0,Regular Season,Chase Field,143,Philadelphia Phillies,PHI,,,109,Arizona Diamondbacks,AZ,,,
823908,2026-09-01,2026-09-02T02:10:00+00:00,2026-09-02 02:10 AM UTC,2026,Scheduled,Scheduled,Preview,N,night,1.0,Regular Season,UNIQLO Field at Dodger Stadium,138,St. Louis Cardinals,STL,,,119,Los Angeles Dodgers,LAD,,,
824470,2026-09-02,2026-09-02T16:40:00+00:00,2026-09-02 04:40 PM UTC,2026,Scheduled,Scheduled,Preview,N,day,3.0,Regular Season,Great American Ball Park,135,San Diego Padres,SD,,,113,Cincinnati Reds,CIN,,,
822686,2026-09-02,2026-09-02T17:05:00+00:00,2026-09-02 05:05 PM UTC,2026,Scheduled,Scheduled,Preview,N,day,2.0,Regular Season,Nationals Park,144,Atlanta Braves,ATL,,,120,Washington Nationals,WSH,,,
822851,2026-09-02,2026-09-02T18:35:00+00:00,2026-09-02 06:35 PM UTC,2026,Scheduled,Scheduled,Preview,N,day,3.0,Regular Season,Globe Life Field,133,Athletics,ATH,,,140,Texas Rangers,TEX,,,
824312,2026-09-02,2026-09-02T19:10:00+00:00,2026-09-02 07:10 PM UTC,2026,Scheduled,Scheduled,Preview,N,day,3.0,Regular Season,Coors Field,110,Baltimore Orioles,BAL,,,115,Colorado Rockies,COL,,,
825037,2026-09-02,2026-09-02T19:40:00+00:00,2026-09-02 07:40 PM UTC,2026,Scheduled,Scheduled,Preview,N,day,3.0,Regular Season,Chase Field,143,Philadelphia Phillies,PHI,,,109,Arizona Diamondbacks,AZ,,,
824717,2026-09-02,2026-09-02T20:10:00+00:00,2026-09-02 08:10 PM UTC,2026,Scheduled,Scheduled,Preview,N,day,3.0,Regular Season,Fenway Park,136,Seattle Mariners,SEA,,,111,Boston Red Sox,BOS,,,
822931,2026-09-02,2026-09-02T22:40:00+00:00,2026-09-02 10:40 PM UTC,2026,Scheduled,Scheduled,Preview,N,night,3.0,Regular Season,Tropicana Field,121,New York Mets,NYM,,,139,Tampa Bay Rays,TB,,,
823339,2026-09-02,2026-09-02T22:40:00+00:00,2026-09-02 10:40 PM UTC,2026,Scheduled,Scheduled,Preview,N,night,2.0,Regular Season,PNC Park,137,San Francisco Giants,SF,,,134,Pittsburgh Pirates,PIT,,,
824390,2026-09-02,2026-09-02T22:40:00+00:00,2026-09-02 10:40 PM UTC,2026,Scheduled,Scheduled,Preview,N,night,2.0,Regular Season,Progressive Field,141,Toronto Blue Jays,TOR,,,114,Cleveland Guardians,CLE,,,
823660,2026-09-02,2026-09-02T23:40:00+00:00,2026-09-02 11:40 PM UTC,2026,Scheduled,Scheduled,Preview,N,night,3.0,Regular Season,Target Field,116,Detroit Tigers,DET,,,142,Minnesota Twins,MIN,,,
824068,2026-09-02,2026-09-02T23:40:00+00:00,2026-09-02 11:40 PM UTC,2026,Scheduled,Scheduled,Preview,N,night,2.0,Regular Season,Kauffman Stadium,146,Miami Marlins,MIA,,,118,Kansas City Royals,KC,,,
824634,2026-09-02,2026-09-02T23:40:00+00:00,2026-09-02 11:40 PM UTC,2026,Scheduled,Scheduled,Preview,N,night,3.0,Regular Season,Wrigley Field,158,Milwaukee Brewers,MIL,,,112,Chicago Cubs,CHC,,,
824147,2026-09-02,2026-09-03T00:10:00+00:00,2026-09-03 12:10 AM UTC,2026,Scheduled,Scheduled,Preview,N,night,3.0,Regular Season,Daikin Park,145,Chicago White Sox,CWS,,,117,Houston Astros,HOU,,,
823983,2026-09-02,2026-09-03T01:38:00+00:00,2026-09-03 01:38 AM UTC,2026,Scheduled,Scheduled,Preview,N,night,3.0,Regular Season,Angel Stadium,147,New York Yankees,NYY,,,108,Los Angeles Angels,LAA,,,
823906,2026-09-02,2026-09-03T02:10:00+00:00,2026-09-03 02:10 AM UTC,2026,Scheduled,Scheduled,Preview,N,night,2.0,Regular Season,UNIQLO Field at Dodger Stadium,138,St. Louis Cardinals,STL,,,119,Los Angeles Dodgers,LAD,,,
823337,2026-09-03,2026-09-03T16:35:00+00:00,2026-09-03 04:35 PM UTC,2026,Scheduled,Scheduled,Preview,N,day,3.0,Regular Season,PNC Park,137,San Francisco Giants,SF,,,134,Pittsburgh Pirates,PIT,,,
824388,2026-09-03,2026-09-03T17:10:00+00:00,2026-09-03 05:10 PM UTC,2026,Scheduled,Scheduled,Preview,N,day,3.0,Regular Season,Progressive Field,141,Toronto Blue Jays,TOR,,,114,Cleveland Guardians,CLE,,,
824144,2026-09-03,2026-09-03T18:10:00+00:00,2026-09-03 06:10 PM UTC,2026,Scheduled,Scheduled,Preview,N,day,4.0,Regular Season,Daikin Park,145,Chicago White Sox,CWS,,,117,Houston Astros,HOU,,,
824796,2026-09-03,2026-09-03T22:35:00+00:00,2026-09-03 10:35 PM UTC,2026,Scheduled,Scheduled,Preview,N,night,1.0,Regular Season,Oriole Park at Camden Yards,111,Boston Red Sox,BOS,,,110,Baltimore Orioles,BAL,,,
824069,2026-09-03,2026-09-03T23:40:00+00:00,2026-09-03 11:40 PM UTC,2026,Scheduled,Scheduled,Preview,N,night,3.0,Regular Season,Kauffman Stadium,146,Miami Marlins,MIA,,,118,Kansas City Royals,KC,,,
824632,2026-09-03,2026-09-03T23:40:00+00:00,2026-09-03 11:40 PM UTC,2026,Scheduled,Scheduled,Preview,N,night,4.0,Regular Season,Wrigley Field,158,Milwaukee Brewers,MIL,,,112,Chicago Cubs,CHC,,,
822853,2026-09-03,2026-09-04T00:05:00+00:00,2026-09-04 12:05 AM UTC,2026,Scheduled,Scheduled,Preview,N,night,1.0,Regular Season,Globe Life Field,139,Tampa Bay Rays,TB,,,140,Texas Rangers,TEX,,,
823095,2026-09-03,2026-09-04T01:40:00+00:00,2026-09-04 01:40 AM UTC,2026,Scheduled,Scheduled,Preview,N,night,1.0,Regular Season,T-Mobile Park,133,Athletics,ATH,,,136,Seattle Mariners,SEA,,,
823907,2026-09-03,2026-09-04T02:10:00+00:00,2026-09-04 02:10 AM UTC,2026,Scheduled,Scheduled,Preview,N,night,3.0,Regular Season,UNIQLO Field at Dodger Stadium,138,St. Louis Cardinals,STL,,,119,Los Angeles Dodgers,LAD,,,
824471,2026-09-04,2026-09-04T22:10:00+00:00,2026-09-04 10:10 PM UTC,2026,Scheduled,Scheduled,Preview,N,night,1.0,Regular Season,Great American Ball Park,158,Milwaukee Brewers,MIL,,,113,Cincinnati Reds,CIN,,,
823338,2026-09-04,2026-09-04T22:40:00+00:00,2026-09-04 10:40 PM UTC,2026,Scheduled,Scheduled,Preview,N,night,1.0,Regular Season,PNC Park,108,Los Angeles Angels,LAA,,,134,Pittsburgh Pirates,PIT,,,
823418,2026-09-04,2026-09-04T22:40:00+00:00,2026-09-04 10:40 PM UTC,2026,Scheduled,Scheduled,Preview,N,night,1.0,Regular Season,Citizens Bank Park,144,Atlanta Braves,ATL,,,143,Philadelphia Phillies,PHI,,,
824797,2026-09-04,2026-09-04T23:05:00+00:00,2026-09-04 11:05 PM UTC,2026,Scheduled,Scheduled,Preview,N,night,2.0,Regular Season,Oriole Park at Camden Yards,111,Boston Red Sox,BOS,,,110,Baltimore Orioles,BAL,,,
823579,2026-09-04,2026-09-04T23:10:00+00:00,2026-09-04 11:10 PM UTC,2026,Scheduled,Scheduled,Preview,N,night,1.0,Regular Season,Citi Field,137,San Francisco Giants,SF,,,121,New York Mets,NYM,,,
823824,2026-09-04,2026-09-04T23:10:00+00:00,2026-09-04 11:10 PM UTC,2026,Scheduled,Scheduled,Preview,N,night,1.0,Regular Season,loanDepot park,112,Chicago Cubs,CHC,,,146,Miami Marlins,MIA,,,
824387,2026-09-04,2026-09-04T23:10:00+00:00,2026-09-04 11:10 PM UTC,2026,Scheduled,Scheduled,Preview,N,night,1.0,Regular Season,Progressive Field,116,Detroit Tigers,DET,,,114,Cleveland Guardians,CLE,,,
824554,2026-09-04,2026-09-04T23:40:00+00:00,2026-09-04 11:40 PM UTC,2026,Scheduled,Scheduled,Preview,N,night,1.0,Regular Season,Rate Field,142,Minnesota Twins,MIN,,,145,Chicago White Sox,CWS,,,
822852,2026-09-04,2026-09-05T00:05:00+00:00,2026-09-05 12:05 AM UTC,2026,Scheduled,Scheduled,Preview,N,night,2.0,Regular Season,Globe Life Field,139,Tampa Bay Rays,TB,,,140,Texas Rangers,TEX,,,
824067,2026-09-04,2026-09-05T00:10:00+00:00,2026-09-05 12:10 AM UTC,2026,Scheduled,Scheduled,Preview,N,night,1.0,Regular Season,Kauffman Stadium,141,Toronto Blue Jays,TOR,,,118,Kansas City Royals,KC,,,
824146,2026-09-04,2026-09-05T00:10:00+00:00,2026-09-05 12:10 AM UTC,2026,Scheduled,Scheduled,Preview,N,night,1.0,Regular Season,Daikin Park,109,Arizona Diamondbacks,AZ,,,117,Houston Astros,HOU,,,
824311,2026-09-04,2026-09-05T00:40:00+00:00,2026-09-05 12:40 AM UTC,2026,Scheduled,Scheduled,Preview,N,night,1.0,Regular Season,Coors Field,138,St. Louis Cardinals,STL,,,115,Colorado Rockies,COL,,,
823256,2026-09-04,2026-09-05T01:40:00+00:00,2026-09-05 01:40 AM UTC,2026,Scheduled,Scheduled,Preview,N,night,1.0,Regular Season,Petco Park,147,New York Yankees,NYY,,,135,San Diego Padres,SD,,,
823093,2026-09-04,2026-09-05T02:10:00+00:00,2026-09-05 02:10 AM UTC,2026,Scheduled,Scheduled,Preview,N,night,2.0,Regular Season,T-Mobile Park,133,Athletics,ATH,,,136,Seattle Mariners,SEA,,,
823905,2026-09-04,2026-09-05T02:10:00+00:00,2026-09-05 02:10 AM UTC,2026,Scheduled,Scheduled,Preview,N,night,1.0,Regular Season,UNIQLO Field at Dodger Stadium,120,Washington Nationals,WSH,,,119,Los Angeles Dodgers,LAD,,,
823577,2026-09-05,2026-09-05T20:10:00+00:00,2026-09-05 08:10 PM UTC,2026,Scheduled,Scheduled,Preview,N,day,2.0,Regular Season,Citi Field,137,San Francisco Giants,SF,,,121,New York Mets,NYM,,,
823823,2026-09-05,2026-09-05T20:10:00+00:00,2026-09-05 08:10 PM UTC,2026,Scheduled,Scheduled,Preview,N,day,2.0,Regular Season,loanDepot park,112,Chicago Cubs,CHC,,,146,Miami Marlins,MIA,,,
823419,2026-09-05,2026-09-05T22:05:00+00:00,2026-09-05 10:05 PM UTC,2026,Scheduled,Scheduled,Preview,N,night,2.0,Regular Season,Citizens Bank Park,144,Atlanta Braves,ATL,,,143,Philadelphia Phillies,PHI,,,
823335,2026-09-05,2026-09-05T22:40:00+00:00,2026-09-05 10:40 PM UTC,2026,Scheduled,Scheduled,Preview,N,night,2.0,Regular Season,PNC Park,108,Los Angeles Angels,LAA,,,134,Pittsburgh Pirates,PIT,,,
824468,2026-09-05,2026-09-05T22:40:00+00:00,2026-09-05 10:40 PM UTC,2026,Scheduled,Scheduled,Preview,N,night,2.0,Regular Season,Great American Ball Park,158,Milwaukee Brewers,MIL,,,113,Cincinnati Reds,CIN,,,
822850,2026-09-05,2026-09-05T23:05:00+00:00,2026-09-05 11:05 PM UTC,2026,Scheduled,Scheduled,Preview,N,night,3.0,Regular Season,Globe Life Field,139,Tampa Bay Rays,TB,,,140,Texas Rangers,TEX,,,
824066,2026-09-05,2026-09-05T23:10:00+00:00,2026-09-05 11:10 PM UTC,2026,Scheduled,Scheduled,Preview,N,night,2.0,Regular Season,Kauffman Stadium,141,Toronto Blue Jays,TOR,,,118,Kansas City Royals,KC,,,
824553,2026-09-05,2026-09-05T23:10:00+00:00,2026-09-05 11:10 PM UTC,2026,Scheduled,Scheduled,Preview,N,night,2.0,Regular Season,Rate Field,142,Minnesota Twins,MIN,,,145,Chicago White Sox,CWS,,,
824145,2026-09-05,2026-09-05T23:15:00+00:00,2026-09-05 11:15 PM UTC,2026,Scheduled,Scheduled,Preview,N,night,2.0,Regular Season,Daikin Park,109,Arizona Diamondbacks,AZ,,,117,Houston Astros,HOU,,,
824389,2026-09-05,2026-09-05T23:15:00+00:00,2026-09-05 11:15 PM UTC,2026,Scheduled,Scheduled,Preview,N,night,2.0,Regular Season,Progressive Field,116,Detroit Tigers,DET,,,114,Cleveland Guardians,CLE,,,
824795,2026-09-05,2026-09-05T23:15:00+00:00,2026-09-05 11:15 PM UTC,2026,Scheduled,Scheduled,Preview,N,night,3.0,Regular Season,Oriole Park at Camden Yards,111,Boston Red Sox,BOS,,,110,Baltimore Orioles,BAL,,,
824310,2026-09-05,2026-09-06T00:10:00+00:00,2026-09-06 12:10 AM UTC,2026,Scheduled,Scheduled,Preview,N,night,2.0,Regular Season,Coors Field,138,St. Louis Cardinals,STL,,,115,Colorado Rockies,COL,,,
823257,2026-09-05,2026-09-06T00:40:00+00:00,2026-09-06 12:40 AM UTC,2026,Scheduled,Scheduled,Preview,N,night,2.0,Regular Season,Petco Park,147,New York Yankees,NYY,,,135,San Diego Padres,SD,,,
823904,2026-09-05,2026-09-06T01:10:00+00:00,2026-09-06 01:10 AM UTC,2026,Scheduled,Scheduled,Preview,N,night,2.0,Regular Season,UNIQLO Field at Dodger Stadium,120,Washington Nationals,WSH,,,119,Los Angeles Dodgers,LAD,,,
823094,2026-09-05,2026-09-06T01:40:00+00:00,2026-09-06 01:40 AM UTC,2026,Scheduled,Scheduled,Preview,N,night,3.0,Regular Season,T-Mobile Park,133,Athletics,ATH,,,136,Seattle Mariners,SEA,,,
824469,2026-09-06,2026-09-06T16:10:00+00:00,2026-09-06 04:10 PM UTC,2026,Scheduled,Scheduled,Preview,N,day,3.0,Regular Season,Great American Ball Park,158,Milwaukee Brewers,MIL,,,113,Cincinnati Reds,CIN,,,
823417,2026-09-06,2026-09-06T17:10:00+00:00,2026-09-06 05:10 PM UTC,2026,Scheduled,Scheduled,Preview,N,day,3.0,Regular Season,Citizens Bank Park,144,Atlanta Braves,ATL,,,143,Philadelphia Phillies,PHI,,,
823336,2026-09-06,2026-09-06T17:35:00+00:00,2026-09-06 05:35 PM UTC,2026,Scheduled,Scheduled,Preview,N,day,3.0,Regular Season,PNC Park,108,Los Angeles Angels,LAA,,,134,Pittsburgh Pirates,PIT,,,
824794,2026-09-06,2026-09-06T17:35:00+00:00,2026-09-06 05:35 PM UTC,2026,Scheduled,Scheduled,Preview,N,day,4.0,Regular Season,Oriole Park at Camden Yards,111,Boston Red Sox,BOS,,,110,Baltimore Orioles,BAL,,,
823578,2026-09-06,2026-09-06T17:40:00+00:00,2026-09-06 05:40 PM UTC,2026,Scheduled,Scheduled,Preview,N,day,3.0,Regular Season,Citi Field,137,San Francisco Giants,SF,,,121,New York Mets,NYM,,,
823822,2026-09-06,2026-09-06T17:40:00+00:00,2026-09-06 05:40 PM UTC,2026,Scheduled,Scheduled,Preview,N,day,3.0,Regular Season,loanDepot park,112,Chicago Cubs,CHC,,,146,Miami Marlins,MIA,,,
824385,2026-09-06,2026-09-06T17:40:00+00:00,2026-09-06 05:40 PM UTC,2026,Scheduled,Scheduled,Preview,N,day,3.0,Regular Season,Progressive Field,116,Detroit Tigers,DET,,,114,Cleveland Guardians,CLE,,,
824142,2026-09-06,2026-09-06T18:10:00+00:00,2026-09-06 06:10 PM UTC,2026,Scheduled,Scheduled,Preview,N,day,3.0,Regular Season,Daikin Park,109,Arizona Diamondbacks,AZ,,,117,Houston Astros,HOU,,,
824552,2026-09-06,2026-09-06T18:10:00+00:00,2026-09-06 06:10 PM UTC,2026,Scheduled,Scheduled,Preview,N,day,3.0,Regular Season,Rate Field,142,Minnesota Twins,MIN,,,145,Chicago White Sox,CWS,,,
822848,2026-09-06,2026-09-06T18:35:00+00:00,2026-09-06 06:35 PM UTC,2026,Scheduled,Scheduled,Preview,N,day,4.0,Regular Season,Globe Life Field,139,Tampa Bay Rays,TB,,,140,Texas Rangers,TEX,,,
824309,2026-09-06,2026-09-06T19:10:00+00:00,2026-09-06 07:10 PM UTC,2026,Scheduled,Scheduled,Preview,N,day,3.0,Regular Season,Coors Field,138,St. Louis Cardinals,STL,,,115,Colorado Rockies,COL,,,
823091,2026-09-06,2026-09-06T20:10:00+00:00,2026-09-06 08:10 PM UTC,2026,Scheduled,Scheduled,Preview,N,day,4.0,Regular Season,T-Mobile Park,133,Athletics,ATH,,,136,Seattle Mariners,SEA,,,
823253,2026-09-06,2026-09-06T20:10:00+00:00,2026-09-06 08:10 PM UTC,2026,Scheduled,Scheduled,Preview,N,day,3.0,Regular Season,Petco Park,147,New York Yankees,NYY,,,135,San Diego Padres,SD,,,
824065,2026-09-06,2026-09-06T23:20:00+00:00,2026-09-06 11:20 PM UTC,2026,Scheduled,Scheduled,Preview,N,night,3.0,Regular Season,Kauffman Stadium,141,Toronto Blue Jays,TOR,,,118,Kansas City Royals,KC,,,
823903,2026-09-06,2026-09-07T02:10:00+00:00,2026-09-07 02:10 AM UTC,2026,Scheduled,Scheduled,Preview,N,night,3.0,Regular Season,UNIQLO Field at Dodger Stadium,120,Washington Nationals,WSH,,,119,Los Angeles Dodgers,LAD,,,
823415,2026-09-07,2026-09-07T17:05:00+00:00,2026-09-07 05:05 PM UTC,2026,Scheduled,Scheduled,Preview,N,day,4.0,Regular Season,Citizens Bank Park,144,Atlanta Braves,ATL,,,143,Philadelphia Phillies,PHI,,,
823820,2026-09-07,2026-09-07T17:10:00+00:00,2026-09-07 05:10 PM UTC,2026,Scheduled,Scheduled,Preview,N,day,1.0,Regular Season,loanDepot park,121,New York Mets,NYM,,,146,Miami Marlins,MIA,,,
824229,2026-09-07,2026-09-07T17:10:00+00:00,2026-09-07 05:10 PM UTC,2026,Scheduled,Scheduled,Preview,N,day,1.0,Regular Season,Comerica Park,142,Minnesota Twins,MIN,,,116,Detroit Tigers,DET,,,
824715,2026-09-07,2026-09-07T17:35:00+00:00,2026-09-07 05:35 PM UTC,2026,Scheduled,Scheduled,Preview,N,day,1.0,Regular Season,Fenway Park,108,Los Angeles Angels,LAA,,,111,Boston Red Sox,BOS,,,
824793,2026-09-07,2026-09-07T17:35:00+00:00,2026-09-07 05:35 PM UTC,2026,Scheduled,Scheduled,Preview,N,day,1.0,Regular Season,Oriole Park at Camden Yards,114,Cleveland Guardians,CLE,,,110,Baltimore Orioles,BAL,,,
823742,2026-09-07,2026-09-07T18:10:00+00:00,2026-09-07 06:10 PM UTC,2026,Scheduled,Scheduled,Preview,N,day,1.0,Regular Season,American Family Field,112,Chicago Cubs,CHC,,,158,Milwaukee Brewers,MIL,,,
824062,2026-09-07,2026-09-07T18:10:00+00:00,2026-09-07 06:10 PM UTC,2026,Scheduled,Scheduled,Preview,N,day,1.0,Regular Season,Kauffman Stadium,109,Arizona Diamondbacks,AZ,,,118,Kansas City Royals,KC,,,
823254,2026-09-07,2026-09-07T21:10:00+00:00,2026-09-07 09:10 PM UTC,2026,Scheduled,Scheduled,Preview,N,day,1.0,Regular Season,Petco Park,120,Washington Nationals,WSH,,,135,San Diego Padres,SD,,,
823175,2026-09-07,2026-09-08T00:10:00+00:00,2026-09-08 12:10 AM UTC,2026,Scheduled,Scheduled,Preview,N,night,1.0,Regular Season,Oracle Park,138,St. Louis Cardinals,STL,,,137,San Francisco Giants,SF,,,
823902,2026-09-07,2026-09-08T01:10:00+00:00,2026-09-08 01:10 AM UTC,2026,Scheduled,Scheduled,Preview,N,night,1.0,Regular Season,UNIQLO Field at Dodger Stadium,113,Cincinnati Reds,CIN,,,119,Los Angeles Dodgers,LAD,,,
824958,2026-09-07,2026-09-08T02:05:00+00:00,2026-09-08 02:05 AM UTC,2026,Scheduled,Scheduled,Preview,N,night,1.0,Regular Season,Sutter Health Park,141,Toronto Blue Jays,TOR,,,133,Athletics,ATH,,,
824792,2026-09-08,2026-09-08T22:35:00+00:00,2026-09-08 10:35 PM UTC,2026,Scheduled,Scheduled,Preview,N,night,2.0,Regular Season,Oriole Park at Camden Yards,114,Cleveland Guardians,CLE,,,110,Baltimore Orioles,BAL,,,
823414,2026-09-08,2026-09-08T22:40:00+00:00,2026-09-08 10:40 PM UTC,2026,Scheduled,Scheduled,Preview,N,night,1.0,Regular Season,Citizens Bank Park,117,Houston Astros,HOU,,,143,Philadelphia Phillies,PHI,,,
823821,2026-09-08,2026-09-08T22:40:00+00:00,2026-09-08 10:40 PM UTC,2026,Scheduled,Scheduled,Preview,N,night,2.0,Regular Season,loanDepot park,121,New York Mets,NYM,,,146,Miami Marlins,MIA,,,
824228,2026-09-08,2026-09-08T22:40:00+00:00,2026-09-08 10:40 PM UTC,2026,Scheduled,Scheduled,Preview,N,night,2.0,Regular Season,Comerica Park,142,Minnesota Twins,MIN,,,116,Detroit Tigers,DET,,,
824714,2026-09-08,2026-09-08T22:45:00+00:00,2026-09-08 10:45 PM UTC,2026,Scheduled,Scheduled,Preview,N,night,2.0,Regular Season,Fenway Park,108,Los Angeles Angels,LAA,,,111,Boston Red Sox,BOS,,,
823500,2026-09-08,2026-09-08T23:05:00+00:00,2026-09-08 11:05 PM UTC,2026,Scheduled,Scheduled,Preview,N,night,1.0,Regular Season,Yankee Stadium,115,Colorado Rockies,COL,,,147,New York Yankees,NYY,,,
824875,2026-09-08,2026-09-08T23:15:00+00:00,2026-09-08 11:15 PM UTC,2026,Scheduled,Scheduled,Preview,N,night,1.0,Regular Season,Truist Park,139,Tampa Bay Rays,TB,,,144,Atlanta Braves,ATL,,,
823738,2026-09-08,2026-09-08T23:40:00+00:00,2026-09-08 11:40 PM UTC,2026,Scheduled,Scheduled,Preview,N,night,2.0,Regular Season,American Family Field,112,Chicago Cubs,CHC,,,158,Milwaukee Brewers,MIL,,,
824063,2026-09-08,2026-09-08T23:40:00+00:00,2026-09-08 11:40 PM UTC,2026,Scheduled,Scheduled,Preview,N,night,2.0,Regular Season,Kauffman Stadium,109,Arizona Diamondbacks,AZ,,,118,Kansas City Royals,KC,,,
824551,2026-09-08,2026-09-08T23:40:00+00:00,2026-09-08 11:40 PM UTC,2026,Scheduled,Scheduled,Preview,N,night,1.0,Regular Season,Rate Field,134,Pittsburgh Pirates,PIT,,,145,Chicago White Sox,CWS,,,
823092,2026-09-08,2026-09-09T01:40:00+00:00,2026-09-09 01:40 AM UTC,2026,Scheduled,Scheduled,Preview,N,night,1.0,Regular Season,T-Mobile Park,140,Texas Rangers,TEX,,,136,Seattle Mariners,SEA,,,
823250,2026-09-08,2026-09-09T01:40:00+00:00,2026-09-09 01:40 AM UTC,2026,Scheduled,Scheduled,Preview,N,night,2.0,Regular Season,Petco Park,120,Washington Nationals,WSH,,,135,San Diego Padres,SD,,,
824957,2026-09-08,2026-09-09T01:40:00+00:00,2026-09-09 01:40 AM UTC,2026,Scheduled,Scheduled,Preview,N,night,2.0,Regular Season,Sutter Health Park,141,Toronto Blue Jays,TOR,,,133,Athletics,ATH,,,
823174,2026-09-08,2026-09-09T01:45:00+00:00,2026-09-09 01:45 AM UTC,2026,Scheduled,Scheduled,Preview,N,night,2.0,Regular Season,Oracle Park,138,St. Louis Cardinals,STL,,,137,San Francisco Giants,SF,,,
823901,2026-09-08,2026-09-09T02:10:00+00:00,2026-09-09 02:10 AM UTC,2026,Scheduled,Scheduled,Preview,N,night,2.0,Regular Season,UNIQLO Field at Dodger Stadium,113,Cincinnati Reds,CIN,,,119,Los Angeles Dodgers,LAD,,,
824226,2026-09-09,2026-09-09T17:10:00+00:00,2026-09-09 05:10 PM UTC,2026,Scheduled,Scheduled,Preview,N,day,3.0,Regular Season,Comerica Park,142,Minnesota Twins,MIN,,,116,Detroit Tigers,DET,,,
824956,2026-09-09,2026-09-09T19:05:00+00:00,2026-09-09 07:05 PM UTC,2026,Scheduled,Scheduled,Preview,N,day,3.0,Regular Season,Sutter Health Park,141,Toronto Blue Jays,TOR,,,133,Athletics,ATH,,,
823172,2026-09-09,2026-09-09T19:45:00+00:00,2026-09-09 07:45 PM UTC,2026,Scheduled,Scheduled,Preview,N,day,3.0,Regular Season,Oracle Park,138,St. Louis Cardinals,STL,,,137,San Francisco Giants,SF,,,
823090,2026-09-09,2026-09-09T20:10:00+00:00,2026-09-09 08:10 PM UTC,2026,Scheduled,Scheduled,Preview,N,day,2.0,Regular Season,T-Mobile Park,140,Texas Rangers,TEX,,,136,Seattle Mariners,SEA,,,
823251,2026-09-09,2026-09-09T20:10:00+00:00,2026-09-09 08:10 PM UTC,2026,Scheduled,Scheduled,Preview,N,day,3.0,Regular Season,Petco Park,120,Washington Nationals,WSH,,,135,San Diego Padres,SD,,,
824791,2026-09-09,2026-09-09T22:35:00+00:00,2026-09-09 10:35 PM UTC,2026,Scheduled,Scheduled,Preview,N,night,3.0,Regular Season,Oriole Park at Camden Yards,114,Cleveland Guardians,CLE,,,110,Baltimore Orioles,BAL,,,
823416,2026-09-09,2026-09-09T22:40:00+00:00,2026-09-09 10:40 PM UTC,2026,Scheduled,Scheduled,Preview,N,night,2.0,Regular Season,Citizens Bank Park,117,Houston Astros,HOU,,,143,Philadelphia Phillies,PHI,,,
823818,2026-09-09,2026-09-09T22:40:00+00:00,2026-09-09 10:40 PM UTC,2026,Scheduled,Scheduled,Preview,N,night,3.0,Regular Season,loanDepot park,121,New York Mets,NYM,,,146,Miami Marlins,MIA,,,
824713,2026-09-09,2026-09-09T22:45:00+00:00,2026-09-09 10:45 PM UTC,2026,Scheduled,Scheduled,Preview,N,night,3.0,Regular Season,Fenway Park,108,Los Angeles Angels,LAA,,,111,Boston Red Sox,BOS,,,
823497,2026-09-09,2026-09-09T23:05:00+00:00,2026-09-09 11:05 PM UTC,2026,Scheduled,Scheduled,Preview,N,night,2.0,Regular Season,Yankee Stadium,115,Colorado Rockies,COL,,,147,New York Yankees,NYY,,,
824871,2026-09-09,2026-09-09T23:15:00+00:00,2026-09-09 11:15 PM UTC,2026,Scheduled,Scheduled,Preview,N,night,2.0,Regular Season,Truist Park,139,Tampa Bay Rays,TB,,,144,Atlanta Braves,ATL,,,
823739,2026-09-09,2026-09-09T23:40:00+00:00,2026-09-09 11:40 PM UTC,2026,Scheduled,Scheduled,Preview,N,night,3.0,Regular Season,American Family Field,112,Chicago Cubs,CHC,,,158,Milwaukee Brewers,MIL,,,
824064,2026-09-09,2026-09-09T23:40:00+00:00,2026-09-09 11:40 PM UTC,2026,Scheduled,Scheduled,Preview,N,night,3.0,Regular Season,Kauffman Stadium,109,Arizona Diamondbacks,AZ,,,118,Kansas City Royals,KC,,,
824549,2026-09-09,2026-09-09T23:40:00+00:00,2026-09-09 11:40 PM UTC,2026,Scheduled,Scheduled,Preview,N,night,2.0,Regular Season,Rate Field,134,Pittsburgh Pirates,PIT,,,145,Chicago White Sox,CWS,,,
823900,2026-09-09,2026-09-10T02:10:00+00:00,2026-09-10 02:10 AM UTC,2026,Scheduled,Scheduled,Preview,N,night,3.0,Regular Season,UNIQLO Field at Dodger Stadium,113,Cincinnati Reds,CIN,,,119,Los Angeles Dodgers,LAD,,,
824872,2026-09-10,2026-09-10T16:15:00+00:00,2026-09-10 04:15 PM UTC,2026,Scheduled,Scheduled,Preview,N,day,3.0,Regular Season,Truist Park,139,Tampa Bay Rays,TB,,,144,Atlanta Braves,ATL,,,
823413,2026-09-10,2026-09-10T17:05:00+00:00,2026-09-10 05:05 PM UTC,2026,Scheduled,Scheduled,Preview,N,day,3.0,Regular Season,Citizens Bank Park,117,Houston Astros,HOU,,,143,Philadelphia Phillies,PHI,,,
823088,2026-09-10,2026-09-10T20:10:00+00:00,2026-09-10 08:10 PM UTC,2026,Scheduled,Scheduled,Preview,N,day,3.0,Regular Season,T-Mobile Park,140,Texas Rangers,TEX,,,136,Seattle Mariners,SEA,,,
823499,2026-09-10,2026-09-10T23:05:00+00:00,2026-09-10 11:05 PM UTC,2026,Scheduled,Scheduled,Preview,N,night,3.0,Regular Season,Yankee Stadium,115,Colorado Rockies,COL,,,147,New York Yankees,NYY,,,
824550,2026-09-10,2026-09-10T23:40:00+00:00,2026-09-10 11:40 PM UTC,2026,Scheduled,Scheduled,Preview,N,night,3.0,Regular Season,Rate Field,134,Pittsburgh Pirates,PIT,,,145,Chicago White Sox,CWS,,,
824631,2026-09-11,2026-09-11T18:20:00+00:00,2026-09-11 06:20 PM UTC,2026,Scheduled,Scheduled,Preview,N,day,1.0,Regular Season,Wrigley Field,134,Pittsburgh Pirates,PIT,,,112,Chicago Cubs,CHC,,,
824227,2026-09-11,2026-09-11T22:40:00+00:00,2026-09-11 10:40 PM UTC,2026,Scheduled,Scheduled,Preview,N,night,1.0,Regular Season,Comerica Park,115,Colorado Rockies,COL,,,116,Detroit Tigers,DET,,,
822684,2026-09-11,2026-09-11T22:45:00+00:00,2026-09-11 10:45 PM UTC,2026,Scheduled,Scheduled,Preview,N,night,1.0,Regular Season,Nationals Park,108,Los Angeles Angels,LAA,,,120,Washington Nationals,WSH,,,
823498,2026-09-11,2026-09-11T23:05:00+00:00,2026-09-11 11:05 PM UTC,2026,Scheduled,Scheduled,Preview,N,night,1.0,Regular Season,Yankee Stadium,121,New York Mets,NYM,,,147,New York Yankees,NYY,,,
822767,2026-09-11,2026-09-11T23:07:00+00:00,2026-09-11 11:07 PM UTC,2026,Scheduled,Scheduled,Preview,N,night,1.0,Regular Season,Rogers Centre,110,Baltimore Orioles,BAL,,,141,Toronto Blue Jays,TOR,,,
822930,2026-09-11,2026-09-11T23:10:00+00:00,2026-09-11 11:10 PM UTC,2026,Scheduled,Scheduled,Preview,N,night,1.0,Regular Season,Tropicana Field,117,Houston Astros,HOU,,,139,Tampa Bay Rays,TB,,,
823817,2026-09-11,2026-09-11T23:10:00+00:00,2026-09-11 11:10 PM UTC,2026,Scheduled,Scheduled,Preview,N,night,1.0,Regular Season,loanDepot park,119,Los Angeles Dodgers,LAD,,,146,Miami Marlins,MIA,,,
824711,2026-09-11,2026-09-11T23:10:00+00:00,2026-09-11 11:10 PM UTC,2026,Scheduled,Scheduled,Preview,N,night,1.0,Regular Season,Fenway Park,118,Kansas City Royals,KC,,,111,Boston Red Sox,BOS,,,
824873,2026-09-11,2026-09-11T23:15:00+00:00,2026-09-11 11:15 PM UTC,2026,Scheduled,Scheduled,Preview,N,night,1.0,Regular Season,Truist Park,143,Philadelphia Phillies,PHI,,,144,Atlanta Braves,ATL,,,
823736,2026-09-11,2026-09-11T23:40:00+00:00,2026-09-11 11:40 PM UTC,2026,Scheduled,Scheduled,Preview,N,night,1.0,Regular Season,American Family Field,113,Cincinnati Reds,CIN,,,158,Milwaukee Brewers,MIL,,,
823659,2026-09-11,2026-09-12T00:10:00+00:00,2026-09-12 12:10 AM UTC,2026,Scheduled,Scheduled,Preview,N,night,1.0,Regular Season,Target Field,114,Cleveland Guardians,CLE,,,142,Minnesota Twins,MIN,,,
823012,2026-09-11,2026-09-12T00:15:00+00:00,2026-09-12 12:15 AM UTC,2026,Scheduled,Scheduled,Preview,N,night,1.0,Regular Season,Busch Stadium,145,Chicago White Sox,CWS,,,138,St. Louis Cardinals,STL,,,
824954,2026-09-11,2026-09-12T01:40:00+00:00,2026-09-12 01:40 AM UTC,2026,Scheduled,Scheduled,Preview,N,night,1.0,Regular Season,Sutter Health Park,136,Seattle Mariners,SEA,,,133,Athletics,ATH,,,
825036,2026-09-11,2026-09-12T01:40:00+00:00,2026-09-12 01:40 AM UTC,2026,Scheduled,Scheduled,Preview,N,night,1.0,Regular Season,Chase Field,140,Texas Rangers,TEX,,,109,Arizona Diamondbacks,AZ,,,
823173,2026-09-11,2026-09-12T02:15:00+00:00,2026-09-12 02:15 AM UTC,2026,Scheduled,Scheduled,Preview,N,night,1.0,Regular Season,Oracle Park,135,San Diego Padres,SD,,,137,San Francisco Giants,SF,,,
824224,2026-09-12,2026-09-12T17:10:00+00:00,2026-09-12 05:10 PM UTC,2026,Scheduled,Scheduled,Preview,N,day,2.0,Regular Season,Comerica Park,115,Colorado Rockies,COL,,,116,Detroit Tigers,DET,,,
823496,2026-09-12,2026-09-12T17:35:00+00:00,2026-09-12 05:35 PM UTC,2026,Scheduled,Scheduled,Preview,N,day,2.0,Regular Season,Yankee Stadium,121,New York Mets,NYM,,,147,New York Yankees,NYY,,,
824630,2026-09-12,2026-09-12T18:20:00+00:00,2026-09-12 06:20 PM UTC,2026,Scheduled,Scheduled,Preview,N,day,2.0,Regular Season,Wrigley Field,134,Pittsburgh Pirates,PIT,,,112,Chicago Cubs,CHC,,,
822768,2026-09-12,2026-09-12T19:07:00+00:00,2026-09-12 07:07 PM UTC,2026,Scheduled,Scheduled,Preview,N,day,2.0,Regular Season,Rogers Centre,110,Baltimore Orioles,BAL,,,141,Toronto Blue Jays,TOR,,,
822685,2026-09-12,2026-09-12T20:05:00+00:00,2026-09-12 08:05 PM UTC,2026,Scheduled,Scheduled,Preview,N,day,2.0,Regular Season,Nationals Park,108,Los Angeles Angels,LAA,,,120,Washington Nationals,WSH,,,
823170,2026-09-12,2026-09-12T20:05:00+00:00,2026-09-12 08:05 PM UTC,2026,Scheduled,Scheduled,Preview,N,day,2.0,Regular Season,Oracle Park,135,San Diego Padres,SD,,,137,San Francisco Giants,SF,,,
823657,2026-09-12,2026-09-12T20:10:00+00:00,2026-09-12 08:10 PM UTC,2026,Scheduled,Scheduled,Preview,N,day,2.0,Regular Season,Target Field,114,Cleveland Guardians,CLE,,,142,Minnesota Twins,MIN,,,
823819,2026-09-12,2026-09-12T20:10:00+00:00,2026-09-12 08:10 PM UTC,2026,Scheduled,Scheduled,Preview,N,day,2.0,Regular Season,loanDepot park,119,Los Angeles Dodgers,LAD,,,146,Miami Marlins,MIA,,,
824712,2026-09-12,2026-09-12T20:10:00+00:00,2026-09-12 08:10 PM UTC,2026,Scheduled,Scheduled,Preview,N,day,2.0,Regular Season,Fenway Park,118,Kansas City Royals,KC,,,111,Boston Red Sox,BOS,,,
822927,2026-09-12,2026-09-12T22:10:00+00:00,2026-09-12 10:10 PM UTC,2026,Scheduled,Scheduled,Preview,N,night,2.0,Regular Season,Tropicana Field,117,Houston Astros,HOU,,,139,Tampa Bay Rays,TB,,,
823737,2026-09-12,2026-09-12T23:10:00+00:00,2026-09-12 11:10 PM UTC,2026,Scheduled,Scheduled,Preview,N,night,2.0,Regular Season,American Family Field,113,Cincinnati Reds,CIN,,,158,Milwaukee Brewers,MIL,,,
823009,2026-09-12,2026-09-12T23:15:00+00:00,2026-09-12 11:15 PM UTC,2026,Scheduled,Scheduled,Preview,N,night,2.0,Regular Season,Busch Stadium,145,Chicago White Sox,CWS,,,138,St. Louis Cardinals,STL,,,
824870,2026-09-12,2026-09-12T23:15:00+00:00,2026-09-12 11:15 PM UTC,2026,Scheduled,Scheduled,Preview,N,night,2.0,Regular Season,Truist Park,143,Philadelphia Phillies,PHI,,,144,Atlanta Braves,ATL,,,
825035,2026-09-12,2026-09-13T00:10:00+00:00,2026-09-13 12:10 AM UTC,2026,Scheduled,Scheduled,Preview,N,night,2.0,Regular Season,Chase Field,140,Texas Rangers,TEX,,,109,Arizona Diamondbacks,AZ,,,
824955,2026-09-12,2026-09-13T01:40:00+00:00,2026-09-13 01:40 AM UTC,2026,Scheduled,Scheduled,Preview,N,night,2.0,Regular Season,Sutter Health Park,136,Seattle Mariners,SEA,,,133,Athletics,ATH,,,
822682,2026-09-13,2026-09-13T17:35:00+00:00,2026-09-13 05:35 PM UTC,2026,Scheduled,Scheduled,Preview,N,day,3.0,Regular Season,Nationals Park,108,Los Angeles Angels,LAA,,,120,Washington Nationals,WSH,,,
823495,2026-09-13,2026-09-13T17:35:00+00:00,2026-09-13 05:35 PM UTC,2026,Scheduled,Scheduled,Preview,N,day,3.0,Regular Season,Yankee Stadium,121,New York Mets,NYM,,,147,New York Yankees,NYY,,,
824708,2026-09-13,2026-09-13T17:35:00+00:00,2026-09-13 05:35 PM UTC,2026,Scheduled,Scheduled,Preview,N,day,3.0,Regular Season,Fenway Park,118,Kansas City Royals,KC,,,111,Boston Red Sox,BOS,,,
824869,2026-09-13,2026-09-13T17:35:00+00:00,2026-09-13 05:35 PM UTC,2026,Scheduled,Scheduled,Preview,N,day,3.0,Regular Season,Truist Park,143,Philadelphia Phillies,PHI,,,144,Atlanta Braves,ATL,,,
822764,2026-09-13,2026-09-13T17:37:00+00:00,2026-09-13 05:37 PM UTC,2026,Scheduled,Scheduled,Preview,N,day,3.0,Regular Season,Rogers Centre,110,Baltimore Orioles,BAL,,,141,Toronto Blue Jays,TOR,,,
822928,2026-09-13,2026-09-13T17:40:00+00:00,2026-09-13 05:40 PM UTC,2026,Scheduled,Scheduled,Preview,N,day,3.0,Regular Season,Tropicana Field,117,Houston Astros,HOU,,,139,Tampa Bay Rays,TB,,,
823815,2026-09-13,2026-09-13T17:40:00+00:00,2026-09-13 05:40 PM UTC,2026,Scheduled,Scheduled,Preview,N,day,3.0,Regular Season,loanDepot park,119,Los Angeles Dodgers,LAD,,,146,Miami Marlins,MIA,,,
824225,2026-09-13,2026-09-13T17:40:00+00:00,2026-09-13 05:40 PM UTC,2026,Scheduled,Scheduled,Preview,N,day,3.0,Regular Season,Comerica Park,115,Colorado Rockies,COL,,,116,Detroit Tigers,DET,,,
823658,2026-09-13,2026-09-13T18:10:00+00:00,2026-09-13 06:10 PM UTC,2026,Scheduled,Scheduled,Preview,N,day,3.0,Regular Season,Target Field,114,Cleveland Guardians,CLE,,,142,Minnesota Twins,MIN,,,
823734,2026-09-13,2026-09-13T18:10:00+00:00,2026-09-13 06:10 PM UTC,2026,Scheduled,Scheduled,Preview,N,day,3.0,Regular Season,American Family Field,113,Cincinnati Reds,CIN,,,158,Milwaukee Brewers,MIL,,,
823008,2026-09-13,2026-09-13T18:15:00+00:00,2026-09-13 06:15 PM UTC,2026,Scheduled,Scheduled,Preview,N,day,3.0,Regular Season,Busch Stadium,145,Chicago White Sox,CWS,,,138,St. Louis Cardinals,STL,,,
824628,2026-09-13,2026-09-13T18:20:00+00:00,2026-09-13 06:20 PM UTC,2026,Scheduled,Scheduled,Preview,N,day,3.0,Regular Season,Wrigley Field,134,Pittsburgh Pirates,PIT,,,112,Chicago Cubs,CHC,,,
824952,2026-09-13,2026-09-13T20:05:00+00:00,2026-09-13 08:05 PM UTC,2026,Scheduled,Scheduled,Preview,N,day,3.0,Regular Season,Sutter Health Park,136,Seattle Mariners,SEA,,,133,Athletics,ATH,,,
825033,2026-09-13,2026-09-13T20:10:00+00:00,2026-09-13 08:10 PM UTC,2026,Scheduled,Scheduled,Preview,N,day,3.0,Regular Season,Chase Field,140,Texas Rangers,TEX,,,109,Arizona Diamondbacks,AZ,,,
823171,2026-09-13,2026-09-13T23:20:00+00:00,2026-09-13 11:20 PM UTC,2026,Scheduled,Scheduled,Preview,N,day,3.0,Regular Season,Oracle Park,135,San Diego Padres,SD,,,137,San Francisco Giants,SF,,,
824386,2026-09-14,2026-09-14T22:40:00+00:00,2026-09-14 10:40 PM UTC,2026,Scheduled,Scheduled,Preview,N,night,1.0,Regular Season,Progressive Field,145,Chicago White Sox,CWS,,,114,Cleveland Guardians,CLE,,,
824465,2026-09-14,2026-09-14T22:40:00+00:00,2026-09-14 10:40 PM UTC,2026,Scheduled,Scheduled,Preview,N,night,1.0,Regular Season,Great American Ball Park,119,Los Angeles Dodgers,LAD,,,113,Cincinnati Reds,CIN,,,
822765,2026-09-14,2026-09-14T23:07:00+00:00,2026-09-14 11:07 PM UTC,2026,Scheduled,Scheduled,Preview,N,night,1.0,Regular Season,Rogers Centre,116,Detroit Tigers,DET,,,141,Toronto Blue Jays,TOR,,,
823575,2026-09-14,2026-09-14T23:10:00+00:00,2026-09-14 11:10 PM UTC,2026,Scheduled,Scheduled,Preview,N,night,1.0,Regular Season,Citi Field,110,Baltimore Orioles,BAL,,,121,New York Mets,NYM,,,
823656,2026-09-14,2026-09-14T23:40:00+00:00,2026-09-14 11:40 PM UTC,2026,Scheduled,Scheduled,Preview,N,night,1.0,Regular Season,Target Field,147,New York Yankees,NYY,,,142,Minnesota Twins,MIN,,,
824629,2026-09-14,2026-09-14T23:40:00+00:00,2026-09-14 11:40 PM UTC,2026,Scheduled,Scheduled,Preview,N,night,1.0,Regular Season,Wrigley Field,144,Atlanta Braves,ATL,,,112,Chicago Cubs,CHC,,,
823006,2026-09-14,2026-09-14T23:45:00+00:00,2026-09-14 11:45 PM UTC,2026,Scheduled,Scheduled,Preview,N,night,1.0,Regular Season,Busch Stadium,137,San Francisco Giants,SF,,,138,St. Louis Cardinals,STL,,,
824308,2026-09-14,2026-09-15T00:40:00+00:00,2026-09-15 12:40 AM UTC,2026,Scheduled,Scheduled,Preview,N,night,1.0,Regular Season,Coors Field,135,San Diego Padres,SD,,,115,Colorado Rockies,COL,,,
823981,2026-09-14,2026-09-15T01:38:00+00:00,2026-09-15 01:38 AM UTC,2026,Scheduled,Scheduled,Preview,N,night,1.0,Regular Season,Angel Stadium,136,Seattle Mariners,SEA,,,108,Los Angeles Angels,LAA,,,
825034,2026-09-14,2026-09-15T01:40:00+00:00,2026-09-15 01:40 AM UTC,2026,Scheduled,Scheduled,Preview,N,night,1.0,Regular Season,Chase Field,146,Miami Marlins,MIA,,,109,Arizona Diamondbacks,AZ,,,
822925,2026-09-15,2026-09-15T22:40:00+00:00,2026-09-15 10:40 PM UTC,2026,Scheduled,Scheduled,Preview,N,night,1.0,Regular Season,Tropicana Field,133,Athletics,ATH,,,139,Tampa Bay Rays,TB,,,
823333,2026-09-15,2026-09-15T22:40:00+00:00,2026-09-15 10:40 PM UTC,2026,Scheduled,Scheduled,Preview,N,night,1.0,Regular Season,PNC Park,158,Milwaukee Brewers,MIL,,,134,Pittsburgh Pirates,PIT,,,
824384,2026-09-15,2026-09-15T22:40:00+00:00,2026-09-15 10:40 PM UTC,2026,Scheduled,Scheduled,Preview,N,night,2.0,Regular Season,Progressive Field,145,Chicago White Sox,CWS,,,114,Cleveland Guardians,CLE,,,
824466,2026-09-15,2026-09-15T22:40:00+00:00,2026-09-15 10:40 PM UTC,2026,Scheduled,Scheduled,Preview,N,night,2.0,Regular Season,Great American Ball Park,119,Los Angeles Dodgers,LAD,,,113,Cincinnati Reds,CIN,,,
822683,2026-09-15,2026-09-15T22:45:00+00:00,2026-09-15 10:45 PM UTC,2026,Scheduled,Scheduled,Preview,N,night,1.0,Regular Season,Nationals Park,143,Philadelphia Phillies,PHI,,,120,Washington Nationals,WSH,,,
822762,2026-09-15,2026-09-15T23:07:00+00:00,2026-09-15 11:07 PM UTC,2026,Scheduled,Scheduled,Preview,N,night,2.0,Regular Season,Rogers Centre,116,Detroit Tigers,DET,,,141,Toronto Blue Jays,TOR,,,
823574,2026-09-15,2026-09-15T23:10:00+00:00,2026-09-15 11:10 PM UTC,2026,Scheduled,Scheduled,Preview,N,night,2.0,Regular Season,Citi Field,110,Baltimore Orioles,BAL,,,121,New York Mets,NYM,,,
823654,2026-09-15,2026-09-15T23:40:00+00:00,2026-09-15 11:40 PM UTC,2026,Scheduled,Scheduled,Preview,N,night,2.0,Regular Season,Target Field,147,New York Yankees,NYY,,,142,Minnesota Twins,MIN,,,
824627,2026-09-15,2026-09-15T23:40:00+00:00,2026-09-15 11:40 PM UTC,2026,Scheduled,Scheduled,Preview,N,night,2.0,Regular Season,Wrigley Field,144,Atlanta Braves,ATL,,,112,Chicago Cubs,CHC,,,
823007,2026-09-15,2026-09-15T23:45:00+00:00,2026-09-15 11:45 PM UTC,2026,Scheduled,Scheduled,Preview,N,night,2.0,Regular Season,Busch Stadium,137,San Francisco Giants,SF,,,138,St. Louis Cardinals,STL,,,
822849,2026-09-15,2026-09-16T00:05:00+00:00,2026-09-16 12:05 AM UTC,2026,Scheduled,Scheduled,Preview,N,night,1.0,Regular Season,Globe Life Field,111,Boston Red Sox,BOS,,,140,Texas Rangers,TEX,,,
824143,2026-09-15,2026-09-16T00:10:00+00:00,2026-09-16 12:10 AM UTC,2026,Scheduled,Scheduled,Preview,N,night,1.0,Regular Season,Daikin Park,118,Kansas City Royals,KC,,,117,Houston Astros,HOU,,,
824307,2026-09-15,2026-09-16T00:40:00+00:00,2026-09-16 12:40 AM UTC,2026,Scheduled,Scheduled,Preview,N,night,2.0,Regular Season,Coors Field,135,San Diego Padres,SD,,,115,Colorado Rockies,COL,,,
823980,2026-09-15,2026-09-16T01:38:00+00:00,2026-09-16 01:38 AM UTC,2026,Scheduled,Scheduled,Preview,N,night,2.0,Regular Season,Angel Stadium,136,Seattle Mariners,SEA,,,108,Los Angeles Angels,LAA,,,
825030,2026-09-15,2026-09-16T01:40:00+00:00,2026-09-16 01:40 AM UTC,2026,Scheduled,Scheduled,Preview,N,night,2.0,Regular Season,Chase Field,146,Miami Marlins,MIA,,,109,Arizona Diamondbacks,AZ,,,
824382,2026-09-16,2026-09-16T17:10:00+00:00,2026-09-16 05:10 PM UTC,2026,Scheduled,Scheduled,Preview,N,day,3.0,Regular Season,Progressive Field,145,Chicago White Sox,CWS,,,114,Cleveland Guardians,CLE,,,
823004,2026-09-16,2026-09-16T17:15:00+00:00,2026-09-16 05:15 PM UTC,2026,Scheduled,Scheduled,Preview,N,day,3.0,Regular Season,Busch Stadium,137,San Francisco Giants,SF,,,138,St. Louis Cardinals,STL,,,
823655,2026-09-16,2026-09-16T17:40:00+00:00,2026-09-16 05:40 PM UTC,2026,Scheduled,Scheduled,Preview,N,day,3.0,Regular Season,Target Field,147,New York Yankees,NYY,,,142,Minnesota Twins,MIN,,,
822763,2026-09-16,2026-09-16T19:07:00+00:00,2026-09-16 07:07 PM UTC,2026,Scheduled,Scheduled,Preview,N,day,3.0,Regular Season,Rogers Centre,116,Detroit Tigers,DET,,,141,Toronto Blue Jays,TOR,,,
822926,2026-09-16,2026-09-16T22:40:00+00:00,2026-09-16 10:40 PM UTC,2026,Scheduled,Scheduled,Preview,N,night,2.0,Regular Season,Tropicana Field,133,Athletics,ATH,,,139,Tampa Bay Rays,TB,,,
823332,2026-09-16,2026-09-16T22:40:00+00:00,2026-09-16 10:40 PM UTC,2026,Scheduled,Scheduled,Preview,N,night,2.0,Regular Season,PNC Park,158,Milwaukee Brewers,MIL,,,134,Pittsburgh Pirates,PIT,,,
824467,2026-09-16,2026-09-16T22:40:00+00:00,2026-09-16 10:40 PM UTC,2026,Scheduled,Scheduled,Preview,N,night,3.0,Regular Season,Great American Ball Park,119,Los Angeles Dodgers,LAD,,,113,Cincinnati Reds,CIN,,,
822680,2026-09-16,2026-09-16T22:45:00+00:00,2026-09-16 10:45 PM UTC,2026,Scheduled,Scheduled,Preview,N,night,2.0,Regular Season,Nationals Park,143,Philadelphia Phillies,PHI,,,120,Washington Nationals,WSH,,,
823576,2026-09-16,2026-09-16T23:10:00+00:00,2026-09-16 11:10 PM UTC,2026,Scheduled,Scheduled,Preview,N,night,3.0,Regular Season,Citi Field,110,Baltimore Orioles,BAL,,,121,New York Mets,NYM,,,
824626,2026-09-16,2026-09-16T23:40:00+00:00,2026-09-16 11:40 PM UTC,2026,Scheduled,Scheduled,Preview,N,night,3.0,Regular Season,Wrigley Field,144,Atlanta Braves,ATL,,,112,Chicago Cubs,CHC,,,
822846,2026-09-16,2026-09-17T00:05:00+00:00,2026-09-17 12:05 AM UTC,2026,Scheduled,Scheduled,Preview,N,night,2.0,Regular Season,Globe Life Field,111,Boston Red Sox,BOS,,,140,Texas Rangers,TEX,,,
824140,2026-09-16,2026-09-17T00:10:00+00:00,2026-09-17 12:10 AM UTC,2026,Scheduled,Scheduled,Preview,N,night,2.0,Regular Season,Daikin Park,118,Kansas City Royals,KC,,,117,Houston Astros,HOU,,,
824306,2026-09-16,2026-09-17T00:40:00+00:00,2026-09-17 12:40 AM UTC,2026,Scheduled,Scheduled,Preview,N,night,3.0,Regular Season,Coors Field,135,San Diego Padres,SD,,,115,Colorado Rockies,COL,,,
823979,2026-09-16,2026-09-17T01:38:00+00:00,2026-09-17 01:38 AM UTC,2026,Scheduled,Scheduled,Preview,N,night,3.0,Regular Season,Angel Stadium,136,Seattle Mariners,SEA,,,108,Los Angeles Angels,LAA,,,
825031,2026-09-16,2026-09-17T01:40:00+00:00,2026-09-17 01:40 AM UTC,2026,Scheduled,Scheduled,Preview,N,night,3.0,Regular Season,Chase Field,146,Miami Marlins,MIA,,,109,Arizona Diamondbacks,AZ,,,
823334,2026-09-17,2026-09-17T16:35:00+00:00,2026-09-17 04:35 PM UTC,2026,Scheduled,Scheduled,Preview,N,day,3.0,Regular Season,PNC Park,158,Milwaukee Brewers,MIL,,,134,Pittsburgh Pirates,PIT,,,
824464,2026-09-17,2026-09-17T16:40:00+00:00,2026-09-17 04:40 PM UTC,2026,Scheduled,Scheduled,Preview,N,day,4.0,Regular Season,Great American Ball Park,119,Los Angeles Dodgers,LAD,,,113,Cincinnati Reds,CIN,,,
822924,2026-09-17,2026-09-17T17:10:00+00:00,2026-09-17 05:10 PM UTC,2026,Scheduled,Scheduled,Preview,N,day,3.0,Regular Season,Tropicana Field,133,Athletics,ATH,,,139,Tampa Bay Rays,TB,,,
824305,2026-09-17,2026-09-17T19:10:00+00:00,2026-09-17 07:10 PM UTC,2026,Scheduled,Scheduled,Preview,N,day,4.0,Regular Season,Coors Field,135,San Diego Padres,SD,,,115,Colorado Rockies,COL,,,
823573,2026-09-17,2026-09-17T23:15:00+00:00,2026-09-17 11:15 PM UTC,2026,Scheduled,Scheduled,Preview,N,night,1.0,Regular Season,Citi Field,143,Philadelphia Phillies,PHI,,,121,New York Mets,NYM,,,
824141,2026-09-17,2026-09-17T23:15:00+00:00,2026-09-17 11:15 PM UTC,2026,Scheduled,Scheduled,Preview,N,night,3.0,Regular Season,Daikin Park,118,Kansas City Royals,KC,,,117,Houston Astros,HOU,,,
824548,2026-09-17,2026-09-17T23:40:00+00:00,2026-09-17 11:40 PM UTC,2026,Scheduled,Scheduled,Preview,N,night,1.0,Regular Season,Rate Field,116,Detroit Tigers,DET,,,145,Chicago White Sox,CWS,,,
822845,2026-09-17,2026-09-18T00:05:00+00:00,2026-09-18 12:05 AM UTC,2026,Scheduled,Scheduled,Preview,N,night,3.0,Regular Season,Globe Life Field,111,Boston Red Sox,BOS,,,140,Texas Rangers,TEX,,,
823978,2026-09-17,2026-09-18T01:38:00+00:00,2026-09-18 01:38 AM UTC,2026,Scheduled,Scheduled,Preview,N,night,1.0,Regular Season,Angel Stadium,142,Minnesota Twins,MIN,,,108,Los Angeles Angels,LAA,,,
823331,2026-09-18,2026-09-18T22:40:00+00:00,2026-09-18 10:40 PM UTC,2026,Scheduled,Scheduled,Preview,N,night,1.0,Regular Season,PNC Park,118,Kansas City Royals,KC,,,134,Pittsburgh Pirates,PIT,,,
824463,2026-09-18,2026-09-18T22:40:00+00:00,2026-09-18 10:40 PM UTC,2026,Scheduled,Scheduled,Preview,N,night,1.0,Regular Season,Great American Ball Park,112,Chicago Cubs,CHC,,,113,Cincinnati Reds,CIN,,,
824790,2026-09-18,2026-09-18T23:05:00+00:00,2026-09-18 11:05 PM UTC,2026,Scheduled,Scheduled,Preview,N,night,1.0,Regular Season,Oriole Park at Camden Yards,158,Milwaukee Brewers,MIL,,,110,Baltimore Orioles,BAL,,,
822923,2026-09-18,2026-09-18T23:10:00+00:00,2026-09-18 11:10 PM UTC,2026,Scheduled,Scheduled,Preview,N,night,1.0,Regular Season,Tropicana Field,111,Boston Red Sox,BOS,,,139,Tampa Bay Rays,TB,,,
823572,2026-09-18,2026-09-18T23:10:00+00:00,2026-09-18 11:10 PM UTC,2026,Scheduled,Scheduled,Preview,N,night,2.0,Regular Season,Citi Field,143,Philadelphia Phillies,PHI,,,121,New York Mets,NYM,,,
824383,2026-09-18,2026-09-18T23:10:00+00:00,2026-09-18 11:10 PM UTC,2026,Scheduled,Scheduled,Preview,N,night,1.0,Regular Season,Progressive Field,133,Athletics,ATH,,,114,Cleveland Guardians,CLE,,,
824547,2026-09-18,2026-09-18T23:40:00+00:00,2026-09-18 11:40 PM UTC,2026,Scheduled,Scheduled,Preview,N,night,2.0,Regular Season,Rate Field,116,Detroit Tigers,DET,,,145,Chicago White Sox,CWS,,,
822847,2026-09-18,2026-09-19T00:05:00+00:00,2026-09-19 12:05 AM UTC,2026,Scheduled,Scheduled,Preview,N,night,1.0,Regular Season,Globe Life Field,141,Toronto Blue Jays,TOR,,,140,Texas Rangers,TEX,,,
824138,2026-09-18,2026-09-19T00:10:00+00:00,2026-09-19 12:10 AM UTC,2026,Scheduled,Scheduled,Preview,N,night,1.0,Regular Season,Daikin Park,144,Atlanta Braves,ATL,,,117,Houston Astros,HOU,,,
824303,2026-09-18,2026-09-19T00:10:00+00:00,2026-09-19 12:10 AM UTC,2026,Scheduled,Scheduled,Preview,N,night,1.0,Regular Season,Coors Field,136,Seattle Mariners,SEA,,,115,Colorado Rockies,COL,,,
823005,2026-09-18,2026-09-19T00:15:00+00:00,2026-09-19 12:15 AM UTC,2026,Scheduled,Scheduled,Preview,N,night,1.0,Regular Season,Busch Stadium,120,Washington Nationals,WSH,,,138,St. Louis Cardinals,STL,,,
823977,2026-09-18,2026-09-19T01:38:00+00:00,2026-09-19 01:38 AM UTC,2026,Scheduled,Scheduled,Preview,N,night,2.0,Regular Season,Angel Stadium,142,Minnesota Twins,MIN,,,108,Los Angeles Angels,LAA,,,
823252,2026-09-18,2026-09-19T01:40:00+00:00,2026-09-19 01:40 AM UTC,2026,Scheduled,Scheduled,Preview,N,night,1.0,Regular Season,Petco Park,146,Miami Marlins,MIA,,,135,San Diego Padres,SD,,,
825032,2026-09-18,2026-09-19T01:40:00+00:00,2026-09-19 01:40 AM UTC,2026,Scheduled,Scheduled,Preview,N,night,1.0,Regular Season,Chase Field,147,New York Yankees,NYY,,,109,Arizona Diamondbacks,AZ,,,
823898,2026-09-18,2026-09-19T02:10:00+00:00,2026-09-19 02:10 AM UTC,2026,Scheduled,Scheduled,Preview,N,night,1.0,Regular Season,UNIQLO Field at Dodger Stadium,137,San Francisco Giants,SF,,,119,Los Angeles Dodgers,LAD,,,
824788,2026-09-19,2026-09-19T20:05:00+00:00,2026-09-19 08:05 PM UTC,2026,Scheduled,Scheduled,Preview,N,day,2.0,Regular Season,Oriole Park at Camden Yards,158,Milwaukee Brewers,MIL,,,110,Baltimore Orioles,BAL,,,
822921,2026-09-19,2026-09-19T20:10:00+00:00,2026-09-19 08:10 PM UTC,2026,Scheduled,Scheduled,Preview,N,day,2.0,Regular Season,Tropicana Field,111,Boston Red Sox,BOS,,,139,Tampa Bay Rays,TB,,,
823571,2026-09-19,2026-09-19T20:10:00+00:00,2026-09-19 08:10 PM UTC,2026,Scheduled,Scheduled,Preview,N,day,3.0,Regular Season,Citi Field,143,Philadelphia Phillies,PHI,,,121,New York Mets,NYM,,,
824380,2026-09-19,2026-09-19T22:10:00+00:00,2026-09-19 10:10 PM UTC,2026,Scheduled,Scheduled,Preview,N,night,2.0,Regular Season,Progressive Field,133,Athletics,ATH,,,114,Cleveland Guardians,CLE,,,
823330,2026-09-19,2026-09-19T22:40:00+00:00,2026-09-19 10:40 PM UTC,2026,Scheduled,Scheduled,Preview,N,night,2.0,Regular Season,PNC Park,118,Kansas City Royals,KC,,,134,Pittsburgh Pirates,PIT,,,
824461,2026-09-19,2026-09-19T22:40:00+00:00,2026-09-19 10:40 PM UTC,2026,Scheduled,Scheduled,Preview,N,night,2.0,Regular Season,Great American Ball Park,112,Chicago Cubs,CHC,,,113,Cincinnati Reds,CIN,,,
822843,2026-09-19,2026-09-19T23:05:00+00:00,2026-09-19 11:05 PM UTC,2026,Scheduled,Scheduled,Preview,N,night,2.0,Regular Season,Globe Life Field,141,Toronto Blue Jays,TOR,,,140,Texas Rangers,TEX,,,
824137,2026-09-19,2026-09-19T23:10:00+00:00,2026-09-19 11:10 PM UTC,2026,Scheduled,Scheduled,Preview,N,night,2.0,Regular Season,Daikin Park,144,Atlanta Braves,ATL,,,117,Houston Astros,HOU,,,
824545,2026-09-19,2026-09-19T23:10:00+00:00,2026-09-19 11:10 PM UTC,2026,Scheduled,Scheduled,Preview,N,night,3.0,Regular Season,Rate Field,116,Detroit Tigers,DET,,,145,Chicago White Sox,CWS,,,
823003,2026-09-19,2026-09-19T23:15:00+00:00,2026-09-19 11:15 PM UTC,2026,Scheduled,Scheduled,Preview,N,night,2.0,Regular Season,Busch Stadium,120,Washington Nationals,WSH,,,138,St. Louis Cardinals,STL,,,
824304,2026-09-19,2026-09-20T00:10:00+00:00,2026-09-20 12:10 AM UTC,2026,Scheduled,Scheduled,Preview,N,night,2.0,Regular Season,Coors Field,136,Seattle Mariners,SEA,,,115,Colorado Rockies,COL,,,
825029,2026-09-19,2026-09-20T00:10:00+00:00,2026-09-20 12:10 AM UTC,2026,Scheduled,Scheduled,Preview,N,night,2.0,Regular Season,Chase Field,147,New York Yankees,NYY,,,109,Arizona Diamondbacks,AZ,,,
823249,2026-09-19,2026-09-20T00:40:00+00:00,2026-09-20 12:40 AM UTC,2026,Scheduled,Scheduled,Preview,N,night,2.0,Regular Season,Petco Park,146,Miami Marlins,MIA,,,135,San Diego Padres,SD,,,
823899,2026-09-19,2026-09-20T01:10:00+00:00,2026-09-20 01:10 AM UTC,2026,Scheduled,Scheduled,Preview,N,night,2.0,Regular Season,UNIQLO Field at Dodger Stadium,137,San Francisco Giants,SF,,,119,Los Angeles Dodgers,LAD,,,
823976,2026-09-19,2026-09-20T01:38:00+00:00,2026-09-20 01:38 AM UTC,2026,Scheduled,Scheduled,Preview,N,night,3.0,Regular Season,Angel Stadium,142,Minnesota Twins,MIN,,,108,Los Angeles Angels,LAA,,,
823329,2026-09-20,2026-09-20T17:35:00+00:00,2026-09-20 05:35 PM UTC,2026,Scheduled,Scheduled,Preview,N,day,3.0,Regular Season,PNC Park,118,Kansas City Royals,KC,,,134,Pittsburgh Pirates,PIT,,,
822922,2026-09-20,2026-09-20T17:40:00+00:00,2026-09-20 05:40 PM UTC,2026,Scheduled,Scheduled,Preview,N,day,3.0,Regular Season,Tropicana Field,111,Boston Red Sox,BOS,,,139,Tampa Bay Rays,TB,,,
823570,2026-09-20,2026-09-20T17:40:00+00:00,2026-09-20 05:40 PM UTC,2026,Scheduled,Scheduled,Preview,N,day,4.0,Regular Season,Citi Field,143,Philadelphia Phillies,PHI,,,121,New York Mets,NYM,,,
824381,2026-09-20,2026-09-20T17:40:00+00:00,2026-09-20 05:40 PM UTC,2026,Scheduled,Scheduled,Preview,N,day,3.0,Regular Season,Progressive Field,133,Athletics,ATH,,,114,Cleveland Guardians,CLE,,,
824462,2026-09-20,2026-09-20T17:40:00+00:00,2026-09-20 05:40 PM UTC,2026,Scheduled,Scheduled,Preview,N,day,3.0,Regular Season,Great American Ball Park,112,Chicago Cubs,CHC,,,113,Cincinnati Reds,CIN,,,
824139,2026-09-20,2026-09-20T18:10:00+00:00,2026-09-20 06:10 PM UTC,2026,Scheduled,Scheduled,Preview,N,day,3.0,Regular Season,Daikin Park,144,Atlanta Braves,ATL,,,117,Houston Astros,HOU,,,
824546,2026-09-20,2026-09-20T18:10:00+00:00,2026-09-20 06:10 PM UTC,2026,Scheduled,Scheduled,Preview,N,day,4.0,Regular Season,Rate Field,116,Detroit Tigers,DET,,,145,Chicago White Sox,CWS,,,
823001,2026-09-20,2026-09-20T18:15:00+00:00,2026-09-20 06:15 PM UTC,2026,Scheduled,Scheduled,Preview,N,day,3.0,Regular Season,Busch Stadium,120,Washington Nationals,WSH,,,138,St. Louis Cardinals,STL,,,
822844,2026-09-20,2026-09-20T18:35:00+00:00,2026-09-20 06:35 PM UTC,2026,Scheduled,Scheduled,Preview,N,day,3.0,Regular Season,Globe Life Field,141,Toronto Blue Jays,TOR,,,140,Texas Rangers,TEX,,,
824300,2026-09-20,2026-09-20T19:10:00+00:00,2026-09-20 07:10 PM UTC,2026,Scheduled,Scheduled,Preview,N,day,3.0,Regular Season,Coors Field,136,Seattle Mariners,SEA,,,115,Colorado Rockies,COL,,,
823975,2026-09-20,2026-09-20T20:07:00+00:00,2026-09-20 08:07 PM UTC,2026,Scheduled,Scheduled,Preview,N,day,4.0,Regular Season,Angel Stadium,142,Minnesota Twins,MIN,,,108,Los Angeles Angels,LAA,,,
823247,2026-09-20,2026-09-20T20:10:00+00:00,2026-09-20 08:10 PM UTC,2026,Scheduled,Scheduled,Preview,N,day,3.0,Regular Season,Petco Park,146,Miami Marlins,MIA,,,135,San Diego Padres,SD,,,
823896,2026-09-20,2026-09-20T20:10:00+00:00,2026-09-20 08:10 PM UTC,2026,Scheduled,Scheduled,Preview,N,day,3.0,Regular Season,UNIQLO Field at Dodger Stadium,137,San Francisco Giants,SF,,,119,Los Angeles Dodgers,LAD,,,
825028,2026-09-20,2026-09-20T20:10:00+00:00,2026-09-20 08:10 PM UTC,2026,Scheduled,Scheduled,Preview,N,day,3.0,Regular Season,Chase Field,147,New York Yankees,NYY,,,109,Arizona Diamondbacks,AZ,,,
824789,2026-09-20,2026-09-20T23:20:00+00:00,2026-09-20 11:20 PM UTC,2026,Scheduled,Scheduled,Preview,N,night,3.0,Regular Season,Oriole Park at Camden Yards,158,Milwaukee Brewers,MIL,,,110,Baltimore Orioles,BAL,,,
824787,2026-09-21,2026-09-21T22:35:00+00:00,2026-09-21 10:35 PM UTC,2026,Scheduled,Scheduled,Preview,N,night,1.0,Regular Season,Oriole Park at Camden Yards,141,Toronto Blue Jays,TOR,,,110,Baltimore Orioles,BAL,,,
824221,2026-09-21,2026-09-21T22:40:00+00:00,2026-09-21 10:40 PM UTC,2026,Scheduled,Scheduled,Preview,N,night,1.0,Regular Season,Comerica Park,120,Washington Nationals,WSH,,,116,Detroit Tigers,DET,,,
823169,2026-09-21,2026-09-22T01:45:00+00:00,2026-09-22 01:45 AM UTC,2026,Scheduled,Scheduled,Preview,N,night,1.0,Regular Season,Oracle Park,142,Minnesota Twins,MIN,,,137,San Francisco Giants,SF,,,
824785,2026-09-22,2026-09-22T22:35:00+00:00,2026-09-22 10:35 PM UTC,2026,Scheduled,Scheduled,Preview,N,night,2.0,Regular Season,Oriole Park at Camden Yards,141,Toronto Blue Jays,TOR,,,110,Baltimore Orioles,BAL,,,
823328,2026-09-22,2026-09-22T22:40:00+00:00,2026-09-22 10:40 PM UTC,2026,Scheduled,Scheduled,Preview,N,night,1.0,Regular Season,PNC Park,138,St. Louis Cardinals,STL,,,134,Pittsburgh Pirates,PIT,,,
823412,2026-09-22,2026-09-22T22:40:00+00:00,2026-09-22 10:40 PM UTC,2026,Scheduled,Scheduled,Preview,N,night,1.0,Regular Season,Citizens Bank Park,158,Milwaukee Brewers,MIL,,,143,Philadelphia Phillies,PHI,,,
824222,2026-09-22,2026-09-22T22:40:00+00:00,2026-09-22 10:40 PM UTC,2026,Scheduled,Scheduled,Preview,N,night,2.0,Regular Season,Comerica Park,120,Washington Nationals,WSH,,,116,Detroit Tigers,DET,,,
824709,2026-09-22,2026-09-22T22:45:00+00:00,2026-09-22 10:45 PM UTC,2026,Scheduled,Scheduled,Preview,N,night,1.0,Regular Season,Fenway Park,114,Cleveland Guardians,CLE,,,111,Boston Red Sox,BOS,,,
823494,2026-09-22,2026-09-22T23:05:00+00:00,2026-09-22 11:05 PM UTC,2026,Scheduled,Scheduled,Preview,N,night,1.0,Regular Season,Yankee Stadium,139,Tampa Bay Rays,TB,,,147,New York Yankees,NYY,,,
824867,2026-09-22,2026-09-22T23:15:00+00:00,2026-09-22 11:15 PM UTC,2026,Scheduled,Scheduled,Preview,N,night,1.0,Regular Season,Truist Park,113,Cincinnati Reds,CIN,,,144,Atlanta Braves,ATL,,,
824061,2026-09-22,2026-09-22T23:40:00+00:00,2026-09-22 11:40 PM UTC,2026,Scheduled,Scheduled,Preview,N,night,1.0,Regular Season,Kauffman Stadium,145,Chicago White Sox,CWS,,,118,Kansas City Royals,KC,,,
824624,2026-09-22,2026-09-22T23:40:00+00:00,2026-09-22 11:40 PM UTC,2026,Scheduled,Scheduled,Preview,N,night,1.0,Regular Season,Wrigley Field,146,Miami Marlins,MIA,,,112,Chicago Cubs,CHC,,,
822840,2026-09-22,2026-09-23T00:05:00+00:00,2026-09-23 12:05 AM UTC,2026,Scheduled,Scheduled,Preview,N,night,1.0,Regular Season,Globe Life Field,121,New York Mets,NYM,,,140,Texas Rangers,TEX,,,
824302,2026-09-22,2026-09-23T00:40:00+00:00,2026-09-23 12:40 AM UTC,2026,Scheduled,Scheduled,Preview,N,night,1.0,Regular Season,Coors Field,109,Arizona Diamondbacks,AZ,,,115,Colorado Rockies,COL,,,
823089,2026-09-22,2026-09-23T01:40:00+00:00,2026-09-23 01:40 AM UTC,2026,Scheduled,Scheduled,Preview,N,night,1.0,Regular Season,T-Mobile Park,117,Houston Astros,HOU,,,136,Seattle Mariners,SEA,,,
824953,2026-09-22,2026-09-23T01:40:00+00:00,2026-09-23 01:40 AM UTC,2026,Scheduled,Scheduled,Preview,N,night,1.0,Regular Season,Sutter Health Park,108,Los Angeles Angels,LAA,,,133,Athletics,ATH,,,
823166,2026-09-22,2026-09-23T01:45:00+00:00,2026-09-23 01:45 AM UTC,2026,Scheduled,Scheduled,Preview,N,night,2.0,Regular Season,Oracle Park,142,Minnesota Twins,MIN,,,137,San Francisco Giants,SF,,,
823897,2026-09-22,2026-09-23T02:10:00+00:00,2026-09-23 02:10 AM UTC,2026,Scheduled,Scheduled,Preview,N,night,1.0,Regular Season,UNIQLO Field at Dodger Stadium,135,San Diego Padres,SD,,,119,Los Angeles Dodgers,LAD,,,
824223,2026-09-23,2026-09-23T17:10:00+00:00,2026-09-23 05:10 PM UTC,2026,Scheduled,Scheduled,Preview,N,day,3.0,Regular Season,Comerica Park,120,Washington Nationals,WSH,,,116,Detroit Tigers,DET,,,
823168,2026-09-23,2026-09-23T19:45:00+00:00,2026-09-23 07:45 PM UTC,2026,Scheduled,Scheduled,Preview,N,day,3.0,Regular Season,Oracle Park,142,Minnesota Twins,MIN,,,137,San Francisco Giants,SF,,,
824784,2026-09-23,2026-09-23T22:35:00+00:00,2026-09-23 10:35 PM UTC,2026,Scheduled,Scheduled,Preview,N,night,3.0,Regular Season,Oriole Park at Camden Yards,141,Toronto Blue Jays,TOR,,,110,Baltimore Orioles,BAL,,,
823327,2026-09-23,2026-09-23T22:40:00+00:00,2026-09-23 10:40 PM UTC,2026,Scheduled,Scheduled,Preview,N,night,2.0,Regular Season,PNC Park,138,St. Louis Cardinals,STL,,,134,Pittsburgh Pirates,PIT,,,
823410,2026-09-23,2026-09-23T22:40:00+00:00,2026-09-23 10:40 PM UTC,2026,Scheduled,Scheduled,Preview,N,night,2.0,Regular Season,Citizens Bank Park,158,Milwaukee Brewers,MIL,,,143,Philadelphia Phillies,PHI,,,
823492,2026-09-23,2026-09-23T23:05:00+00:00,2026-09-23 11:05 PM UTC,2026,Scheduled,Scheduled,Preview,N,night,2.0,Regular Season,Yankee Stadium,139,Tampa Bay Rays,TB,,,147,New York Yankees,NYY,,,
824710,2026-09-23,2026-09-23T23:10:00+00:00,2026-09-23 11:10 PM UTC,2026,Scheduled,Scheduled,Preview,N,night,2.0,Regular Season,Fenway Park,114,Cleveland Guardians,CLE,,,111,Boston Red Sox,BOS,,,
824868,2026-09-23,2026-09-23T23:15:00+00:00,2026-09-23 11:15 PM UTC,2026,Scheduled,Scheduled,Preview,N,night,2.0,Regular Season,Truist Park,113,Cincinnati Reds,CIN,,,144,Atlanta Braves,ATL,,,
824060,2026-09-23,2026-09-23T23:40:00+00:00,2026-09-23 11:40 PM UTC,2026,Scheduled,Scheduled,Preview,N,night,2.0,Regular Season,Kauffman Stadium,145,Chicago White Sox,CWS,,,118,Kansas City Royals,KC,,,
824625,2026-09-23,2026-09-23T23:40:00+00:00,2026-09-23 11:40 PM UTC,2026,Scheduled,Scheduled,Preview,N,night,2.0,Regular Season,Wrigley Field,146,Miami Marlins,MIA,,,112,Chicago Cubs,CHC,,,
822841,2026-09-23,2026-09-24T00:05:00+00:00,2026-09-24 12:05 AM UTC,2026,Scheduled,Scheduled,Preview,N,night,2.0,Regular Season,Globe Life Field,121,New York Mets,NYM,,,140,Texas Rangers,TEX,,,
824301,2026-09-23,2026-09-24T00:40:00+00:00,2026-09-24 12:40 AM UTC,2026,Scheduled,Scheduled,Preview,N,night,2.0,Regular Season,Coors Field,109,Arizona Diamondbacks,AZ,,,115,Colorado Rockies,COL,,,
824951,2026-09-23,2026-09-24T01:40:00+00:00,2026-09-24 01:40 AM UTC,2026,Scheduled,Scheduled,Preview,N,night,2.0,Regular Season,Sutter Health Park,108,Los Angeles Angels,LAA,,,133,Athletics,ATH,,,
823086,2026-09-23,2026-09-24T02:10:00+00:00,2026-09-24 02:10 AM UTC,2026,Scheduled,Scheduled,Preview,N,night,2.0,Regular Season,T-Mobile Park,117,Houston Astros,HOU,,,136,Seattle Mariners,SEA,,,
823894,2026-09-23,2026-09-24T02:10:00+00:00,2026-09-24 02:10 AM UTC,2026,Scheduled,Scheduled,Preview,N,night,2.0,Regular Season,UNIQLO Field at Dodger Stadium,135,San Diego Padres,SD,,,119,Los Angeles Dodgers,LAD,,,
823326,2026-09-24,2026-09-24T16:35:00+00:00,2026-09-24 04:35 PM UTC,2026,Scheduled,Scheduled,Preview,N,day,3.0,Regular Season,PNC Park,138,St. Louis Cardinals,STL,,,134,Pittsburgh Pirates,PIT,,,
824059,2026-09-24,2026-09-24T18:10:00+00:00,2026-09-24 06:10 PM UTC,2026,Scheduled,Scheduled,Preview,N,day,3.0,Regular Season,Kauffman Stadium,145,Chicago White Sox,CWS,,,118,Kansas City Royals,KC,,,
824623,2026-09-24,2026-09-24T18:20:00+00:00,2026-09-24 06:20 PM UTC,2026,Scheduled,Scheduled,Preview,N,day,3.0,Regular Season,Wrigley Field,146,Miami Marlins,MIA,,,112,Chicago Cubs,CHC,,,
822842,2026-09-24,2026-09-24T18:35:00+00:00,2026-09-24 06:35 PM UTC,2026,Scheduled,Scheduled,Preview,N,day,3.0,Regular Season,Globe Life Field,121,New York Mets,NYM,,,140,Texas Rangers,TEX,,,
824298,2026-09-24,2026-09-24T19:10:00+00:00,2026-09-24 07:10 PM UTC,2026,Scheduled,Scheduled,Preview,N,day,3.0,Regular Season,Coors Field,109,Arizona Diamondbacks,AZ,,,115,Colorado Rockies,COL,,,
823411,2026-09-24,2026-09-24T22:05:00+00:00,2026-09-24 10:05 PM UTC,2026,Scheduled,Scheduled,Preview,N,night,3.0,Regular Season,Citizens Bank Park,158,Milwaukee Brewers,MIL,,,143,Philadelphia Phillies,PHI,,,
824707,2026-09-24,2026-09-24T22:45:00+00:00,2026-09-24 10:45 PM UTC,2026,Scheduled,Scheduled,Preview,N,night,3.0,Regular Season,Fenway Park,114,Cleveland Guardians,CLE,,,111,Boston Red Sox,BOS,,,
823493,2026-09-24,2026-09-24T23:05:00+00:00,2026-09-24 11:05 PM UTC,2026,Scheduled,Scheduled,Preview,N,night,3.0,Regular Season,Yankee Stadium,139,Tampa Bay Rays,TB,,,147,New York Yankees,NYY,,,
824866,2026-09-24,2026-09-24T23:15:00+00:00,2026-09-24 11:15 PM UTC,2026,Scheduled,Scheduled,Preview,N,night,3.0,Regular Season,Truist Park,113,Cincinnati Reds,CIN,,,144,Atlanta Braves,ATL,,,
823087,2026-09-24,2026-09-25T01:40:00+00:00,2026-09-25 01:40 AM UTC,2026,Scheduled,Scheduled,Preview,N,night,1.0,Regular Season,T-Mobile Park,108,Los Angeles Angels,LAA,,,136,Seattle Mariners,SEA,,,
824950,2026-09-24,2026-09-25T01:40:00+00:00,2026-09-25 01:40 AM UTC,2026,Scheduled,Scheduled,Preview,N,night,1.0,Regular Season,Sutter Health Park,117,Houston Astros,HOU,,,133,Athletics,ATH,,,
823895,2026-09-24,2026-09-25T02:10:00+00:00,2026-09-25 02:10 AM UTC,2026,Scheduled,Scheduled,Preview,N,night,3.0,Regular Season,UNIQLO Field at Dodger Stadium,135,San Diego Padres,SD,,,119,Los Angeles Dodgers,LAD,,,
823409,2026-09-25,2026-09-25T22:40:00+00:00,2026-09-25 10:40 PM UTC,2026,Scheduled,Scheduled,Preview,N,night,1.0,Regular Season,Citizens Bank Park,139,Tampa Bay Rays,TB,,,143,Philadelphia Phillies,PHI,,,
824220,2026-09-25,2026-09-25T22:40:00+00:00,2026-09-25 10:40 PM UTC,2026,Scheduled,Scheduled,Preview,N,night,1.0,Regular Season,Comerica Park,134,Pittsburgh Pirates,PIT,,,116,Detroit Tigers,DET,,,
822681,2026-09-25,2026-09-25T22:45:00+00:00,2026-09-25 10:45 PM UTC,2026,Scheduled,Scheduled,Preview,N,night,1.0,Regular Season,Nationals Park,121,New York Mets,NYM,,,120,Washington Nationals,WSH,,,
823491,2026-09-25,2026-09-25T23:05:00+00:00,2026-09-25 11:05 PM UTC,2026,Scheduled,Scheduled,Preview,N,night,1.0,Regular Season,Yankee Stadium,110,Baltimore Orioles,BAL,,,147,New York Yankees,NYY,,,
822760,2026-09-25,2026-09-25T23:07:00+00:00,2026-09-25 11:07 PM UTC,2026,Scheduled,Scheduled,Preview,N,night,1.0,Regular Season,Rogers Centre,113,Cincinnati Reds,CIN,,,141,Toronto Blue Jays,TOR,,,
823816,2026-09-25,2026-09-25T23:10:00+00:00,2026-09-25 11:10 PM UTC,2026,Scheduled,Scheduled,Preview,N,night,1.0,Regular Season,loanDepot park,144,Atlanta Braves,ATL,,,146,Miami Marlins,MIA,,,
824706,2026-09-25,2026-09-25T23:10:00+00:00,2026-09-25 11:10 PM UTC,2026,Scheduled,Scheduled,Preview,N,night,1.0,Regular Season,Fenway Park,112,Chicago Cubs,CHC,,,111,Boston Red Sox,BOS,,,
823735,2026-09-25,2026-09-25T23:40:00+00:00,2026-09-25 11:40 PM UTC,2026,Scheduled,Scheduled,Preview,N,night,1.0,Regular Season,American Family Field,138,St. Louis Cardinals,STL,,,158,Milwaukee Brewers,MIL,,,
824058,2026-09-25,2026-09-25T23:40:00+00:00,2026-09-25 11:40 PM UTC,2026,Scheduled,Scheduled,Preview,N,night,1.0,Regular Season,Kauffman Stadium,114,Cleveland Guardians,CLE,,,118,Kansas City Royals,KC,,,
824544,2026-09-25,2026-09-25T23:40:00+00:00,2026-09-25 11:40 PM UTC,2026,Scheduled,Scheduled,Preview,N,night,1.0,Regular Season,Rate Field,115,Colorado Rockies,COL,,,145,Chicago White Sox,CWS,,,
823652,2026-09-25,2026-09-26T00:10:00+00:00,2026-09-26 12:10 AM UTC,2026,Scheduled,Scheduled,Preview,N,night,1.0,Regular Season,Target Field,140,Texas Rangers,TEX,,,142,Minnesota Twins,MIN,,,
823248,2026-09-25,2026-09-26T01:40:00+00:00,2026-09-26 01:40 AM UTC,2026,Scheduled,Scheduled,Preview,N,night,1.0,Regular Season,Petco Park,109,Arizona Diamondbacks,AZ,,,135,San Diego Padres,SD,,,
824947,2026-09-25,2026-09-26T01:40:00+00:00,2026-09-26 01:40 AM UTC,2026,Scheduled,Scheduled,Preview,N,night,2.0,Regular Season,Sutter Health Park,117,Houston Astros,HOU,,,133,Athletics,ATH,,,
823085,2026-09-25,2026-09-26T02:10:00+00:00,2026-09-26 02:10 AM UTC,2026,Scheduled,Scheduled,Preview,N,night,2.0,Regular Season,T-Mobile Park,108,Los Angeles Angels,LAA,,,136,Seattle Mariners,SEA,,,
823167,2026-09-25,2026-09-26T02:15:00+00:00,2026-09-26 02:15 AM UTC,2026,Scheduled,Scheduled,Preview,N,night,1.0,Regular Season,Oracle Park,119,Los Angeles Dodgers,LAD,,,137,San Francisco Giants,SF,,,
824219,2026-09-26,2026-09-26T17:10:00+00:00,2026-09-26 05:10 PM UTC,2026,Scheduled,Scheduled,Preview,N,day,2.0,Regular Season,Comerica Park,134,Pittsburgh Pirates,PIT,,,116,Detroit Tigers,DET,,,
822759,2026-09-26,2026-09-26T19:07:00+00:00,2026-09-26 07:07 PM UTC,2026,Scheduled,Scheduled,Preview,N,day,2.0,Regular Season,Rogers Centre,113,Cincinnati Reds,CIN,,,141,Toronto Blue Jays,TOR,,,
822678,2026-09-26,2026-09-26T20:05:00+00:00,2026-09-26 08:05 PM UTC,2026,Scheduled,Scheduled,Preview,N,day,2.0,Regular Season,Nationals Park,121,New York Mets,NYM,,,120,Washington Nationals,WSH,,,
823165,2026-09-26,2026-09-26T20:05:00+00:00,2026-09-26 08:05 PM UTC,2026,Scheduled,Scheduled,Preview,N,day,2.0,Regular Season,Oracle Park,119,Los Angeles Dodgers,LAD,,,137,San Francisco Giants,SF,,,
823653,2026-09-26,2026-09-26T20:10:00+00:00,2026-09-26 08:10 PM UTC,2026,Scheduled,Scheduled,Preview,N,day,2.0,Regular Season,Target Field,140,Texas Rangers,TEX,,,142,Minnesota Twins,MIN,,,
823813,2026-09-26,2026-09-26T20:10:00+00:00,2026-09-26 08:10 PM UTC,2026,Scheduled,Scheduled,Preview,N,day,2.0,Regular Season,loanDepot park,144,Atlanta Braves,ATL,,,146,Miami Marlins,MIA,,,
823407,2026-09-26,2026-09-26T22:05:00+00:00,2026-09-26 10:05 PM UTC,2026,Scheduled,Scheduled,Preview,N,night,2.0,Regular Season,Citizens Bank Park,139,Tampa Bay Rays,TB,,,143,Philadelphia Phillies,PHI,,,
823489,2026-09-26,2026-09-26T23:05:00+00:00,2026-09-26 11:05 PM UTC,2026,Scheduled,Scheduled,Preview,N,night,2.0,Regular Season,Yankee Stadium,110,Baltimore Orioles,BAL,,,147,New York Yankees,NYY,,,
823733,2026-09-26,2026-09-26T23:10:00+00:00,2026-09-26 11:10 PM UTC,2026,Scheduled,Scheduled,Preview,N,night,2.0,Regular Season,American Family Field,138,St. Louis Cardinals,STL,,,158,Milwaukee Brewers,MIL,,,
824057,2026-09-26,2026-09-26T23:10:00+00:00,2026-09-26 11:10 PM UTC,2026,Scheduled,Scheduled,Preview,N,night,2.0,Regular Season,Kauffman Stadium,114,Cleveland Guardians,CLE,,,118,Kansas City Royals,KC,,,
824543,2026-09-26,2026-09-26T23:10:00+00:00,2026-09-26 11:10 PM UTC,2026,Scheduled,Scheduled,Preview,N,night,2.0,Regular Season,Rate Field,115,Colorado Rockies,COL,,,145,Chicago White Sox,CWS,,,
824705,2026-09-26,2026-09-26T23:15:00+00:00,2026-09-26 11:15 PM UTC,2026,Scheduled,Scheduled,Preview,N,night,2.0,Regular Season,Fenway Park,112,Chicago Cubs,CHC,,,111,Boston Red Sox,BOS,,,
823245,2026-09-26,2026-09-27T00:40:00+00:00,2026-09-27 12:40 AM UTC,2026,Scheduled,Scheduled,Preview,N,night,2.0,Regular Season,Petco Park,109,Arizona Diamondbacks,AZ,,,135,San Diego Padres,SD,,,
823083,2026-09-26,2026-09-27T01:40:00+00:00,2026-09-27 01:40 AM UTC,2026,Scheduled,Scheduled,Preview,N,night,3.0,Regular Season,T-Mobile Park,108,Los Angeles Angels,LAA,,,136,Seattle Mariners,SEA,,,
824949,2026-09-26,2026-09-27T01:40:00+00:00,2026-09-27 01:40 AM UTC,2026,Scheduled,Scheduled,Preview,N,night,3.0,Regular Season,Sutter Health Park,117,Houston Astros,HOU,,,133,Athletics,ATH,,,
822679,2026-09-27,2026-09-27T19:05:00+00:00,2026-09-27 07:05 PM UTC,2026,Scheduled,Scheduled,Preview,N,day,3.0,Regular Season,Nationals Park,121,New York Mets,NYM,,,120,Washington Nationals,WSH,,,
823164,2026-09-27,2026-09-27T19:05:00+00:00,2026-09-27 07:05 PM UTC,2026,Scheduled,Scheduled,Preview,N,day,3.0,Regular Season,Oracle Park,119,Los Angeles Dodgers,LAD,,,137,San Francisco Giants,SF,,,
823408,2026-09-27,2026-09-27T19:05:00+00:00,2026-09-27 07:05 PM UTC,2026,Scheduled,Scheduled,Preview,N,day,3.0,Regular Season,Citizens Bank Park,139,Tampa Bay Rays,TB,,,143,Philadelphia Phillies,PHI,,,
824703,2026-09-27,2026-09-27T19:05:00+00:00,2026-09-27 07:05 PM UTC,2026,Scheduled,Scheduled,Preview,N,day,3.0,Regular Season,Fenway Park,112,Chicago Cubs,CHC,,,111,Boston Red Sox,BOS,,,
824948,2026-09-27,2026-09-27T19:05:00+00:00,2026-09-27 07:05 PM UTC,2026,Scheduled,Scheduled,Preview,N,day,4.0,Regular Season,Sutter Health Park,117,Houston Astros,HOU,,,133,Athletics,ATH,,,
822761,2026-09-27,2026-09-27T19:07:00+00:00,2026-09-27 07:07 PM UTC,2026,Scheduled,Scheduled,Preview,N,day,3.0,Regular Season,Rogers Centre,113,Cincinnati Reds,CIN,,,141,Toronto Blue Jays,TOR,,,
823084,2026-09-27,2026-09-27T19:10:00+00:00,2026-09-27 07:10 PM UTC,2026,Scheduled,Scheduled,Preview,N,day,4.0,Regular Season,T-Mobile Park,108,Los Angeles Angels,LAA,,,136,Seattle Mariners,SEA,,,
823246,2026-09-27,2026-09-27T19:10:00+00:00,2026-09-27 07:10 PM UTC,2026,Scheduled,Scheduled,Preview,N,day,3.0,Regular Season,Petco Park,109,Arizona Diamondbacks,AZ,,,135,San Diego Padres,SD,,,
823650,2026-09-27,2026-09-27T19:10:00+00:00,2026-09-27 07:10 PM UTC,2026,Scheduled,Scheduled,Preview,N,day,3.0,Regular Season,Target Field,140,Texas Rangers,TEX,,,142,Minnesota Twins,MIN,,,
823731,2026-09-27,2026-09-27T19:10:00+00:00,2026-09-27 07:10 PM UTC,2026,Scheduled,Scheduled,Preview,N,day,3.0,Regular Season,American Family Field,138,St. Louis Cardinals,STL,,,158,Milwaukee Brewers,MIL,,,
823814,2026-09-27,2026-09-27T19:10:00+00:00,2026-09-27 07:10 PM UTC,2026,Scheduled,Scheduled,Preview,N,day,3.0,Regular Season,loanDepot park,144,Atlanta Braves,ATL,,,146,Miami Marlins,MIA,,,
824055,2026-09-27,2026-09-27T19:10:00+00:00,2026-09-27 07:10 PM UTC,2026,Scheduled,Scheduled,Preview,N,day,3.0,Regular Season,Kauffman Stadium,114,Cleveland Guardians,CLE,,,118,Kansas City Royals,KC,,,
824217,2026-09-27,2026-09-27T19:10:00+00:00,2026-09-27 07:10 PM UTC,2026,Scheduled,Scheduled,Preview,N,day,3.0,Regular Season,Comerica Park,134,Pittsburgh Pirates,PIT,,,116,Detroit Tigers,DET,,,
824542,2026-09-27,2026-09-27T19:10:00+00:00,2026-09-27 07:10 PM UTC,2026,Scheduled,Scheduled,Preview,N,day,3.0,Regular Season,Rate Field,115,Colorado Rockies,COL,,,145,Chicago White Sox,CWS,,,
823490,2026-09-27,2026-09-27T19:20:00+00:00,2026-09-27 07:20 PM UTC,2026,Scheduled,Scheduled,Preview,N,day,3.0,Regular Season,Yankee Stadium,110,Baltimore Orioles,BAL,,,147,New York Yankees,NYY,,,
