TEAM_ID,PLAYER_ID,PLAYER_NAME,JERSEY_NUMBER,POSITION,POSITION_TYPE,STATUS,TEAM_NAME,POSITION_GROUP,USE_NAME,NICKNAME,BATS,THROWS,BIRTH_DATE,AGE,HEIGHT,HEIGHT_IN,WEIGHT,BIRTH_CITY,BIRTH_STATE_PROVINCE,BIRTH_COUNTRY,G_HIT,AB,R,H,HR,RBI,SB,AVG,OBP,SLG,OPS,G_PIT,GS,IP,W,L,ERA,WHIP,SO,BB_ALLOWED,SV
108,624428,Adam Frazier,20,2B,Infielder,Active,Los Angeles Angels,Hitter,Adam,Fraz,L,R,1991-12-14,34,"5' 10""",70,190,Athens,GA,USA,11.0,22.0,7.0,7.0,1.0,3.0,0.0,.318,.464,.500,.964,,,,,,,,,,
108,669326,Bryce Teodosio,22,CF,Outfielder,Active,Los Angeles Angels,Hitter,Bryce,,R,L,1999-06-18,26,"6' 2""",74,220,Greenville,SC,USA,16.0,18.0,1.0,2.0,0.0,1.0,1.0,.111,.158,.111,.269,,,,,,,,,,
108,666176,Jo Adell,7,CF,Outfielder,Active,Los Angeles Angels,Hitter,Jo,Jo,R,R,1999-04-08,27,"6' 2""",74,215,Shelby,NC,USA,20.0,78.0,9.0,23.0,2.0,8.0,1.0,.295,.337,.385,.722,,,,,,,,,,
108,666139,Josh Lowe,3,RF,Outfielder,Active,Los Angeles Angels,Hitter,Josh,,L,R,1998-02-02,28,"6' 3""",75,220,Chesapeake,VA,USA,17.0,46.0,4.0,6.0,2.0,5.0,1.0,.130,.226,.283,.509,,,,,,,,,,
108,681351,Logan O'Hoppe,14,C,Catcher,Active,Los Angeles Angels,Hitter,Logan,,R,R,2000-02-09,26,"6' 2""",74,225,West Islip,NY,USA,18.0,55.0,5.0,12.0,1.0,8.0,0.0,.218,.333,.291,.624,,,,,,,,,,
108,545361,Mike Trout,27,RF,Outfielder,Active,Los Angeles Angels,Hitter,Mike,Kiiiiid,R,R,1991-08-07,34,"6' 1""",73,235,Vineland,NJ,USA,19.0,68.0,18.0,16.0,6.0,15.0,2.0,.235,.395,.544,.939,,,,,,,,,,
108,694384,Nolan Schanuel,18,1B,Infielder,Active,Los Angeles Angels,Hitter,Nolan,,L,R,2002-02-14,24,"6' 2""",74,220,Boca Raton,FL,USA,17.0,66.0,4.0,14.0,2.0,11.0,0.0,.212,.293,.333,.626,,,,,,,,,,
108,672724,Oswald Peraza,2,3B,Infielder,Active,Los Angeles Angels,Hitter,Oswald,,R,R,2000-06-15,25,"5' 11""",71,200,Barquisimeto,,Venezuela,18.0,49.0,5.0,13.0,4.0,7.0,2.0,.265,.333,.551,.884,,,,,,,,,,
108,518595,Travis d'Arnaud,25,C,Catcher,Active,Los Angeles Angels,Hitter,Travis,Little d',R,R,1989-02-10,37,"6' 0""",72,210,Long Beach,CA,USA,4.0,11.0,1.0,1.0,0.0,0.0,0.0,.091,.091,.182,.273,,,,,,,,,,
108,687093,Vaughn Grissom,5,2B,Infielder,Active,Los Angeles Angels,Hitter,Vaughn,,R,R,2001-01-05,25,"6' 2""",74,210,Orlando,FL,USA,4.0,11.0,2.0,3.0,0.0,0.0,0.0,.273,.429,.273,.702,,,,,,,,,,
108,660162,Yoán Moncada,10,3B,Infielder,Active,Los Angeles Angels,Hitter,Yoán,Yoyo,S,R,1995-05-27,30,"6' 0""",72,220,Cienfuegos,,Cuba,16.0,53.0,7.0,9.0,2.0,7.0,0.0,.170,.333,.321,.654,,,,,,,,,,
108,687263,Zach Neto,9,SS,Infielder,Active,Los Angeles Angels,Hitter,Zach,,R,R,2001-01-31,25,"5' 11""",71,185,Miami,FL,USA,20.0,77.0,17.0,18.0,5.0,9.0,1.0,.234,.359,.481,.840,,,,,,,,,,
108,608718,Brent Suter,37,P,Pitcher,Active,Los Angeles Angels,Pitcher,Brent,The Raptor,L,L,1989-08-29,36,"6' 4""",76,213,Chicago,IL,USA,,,,,,,,,,,,7.0,1.0,15.0,0.0,1.0,2.40,1.27,15.0,6.0,0.0
108,681217,Chase Silseth,63,P,Pitcher,Active,Los Angeles Angels,Pitcher,Chase,,R,R,2000-05-18,25,"6' 0""",72,217,Farmington,NM,USA,,,,,,,,,,,,9.0,0.0,6.1,0.0,0.0,2.84,1.58,8.0,6.0,0.0
108,519141,Drew Pomeranz,13,P,Pitcher,Active,Los Angeles Angels,Pitcher,Drew,Big Smooth,R,L,1988-11-22,37,"6' 5""",77,246,Memphis,TN,USA,,,,,,,,,,,,8.0,0.0,8.0,0.0,1.0,4.50,1.13,5.0,3.0,0.0
108,686799,Jack Kochanowicz,41,P,Pitcher,Active,Los Angeles Angels,Pitcher,Jack,,L,R,2000-12-22,25,"6' 7""",79,228,Philadelphia,PA,USA,,,,,,,,,,,,4.0,4.0,23.1,2.0,0.0,3.47,1.24,18.0,15.0,0.0
108,605447,Jordan Romano,68,P,Pitcher,Active,Los Angeles Angels,Pitcher,Jordan,,R,R,1993-04-21,32,"6' 5""",77,210,Markham,ON,Canada,,,,,,,,,,,,8.0,0.0,5.1,0.0,2.0,8.44,1.88,7.0,5.0,4.0
108,667755,José Soriano,59,P,Pitcher,Active,Los Angeles Angels,Pitcher,José,,R,R,1998-10-20,27,"6' 3""",75,220,Santo Domingo,,Dominican Republic,,,,,,,,,,,,4.0,4.0,27.0,4.0,0.0,0.33,0.67,31.0,9.0,0.0
108,680704,Nick Sandlin,52,P,Pitcher,Active,Los Angeles Angels,Pitcher,Nick,,R,R,1997-01-10,29,"5' 11""",71,175,Evans,GA,USA,,,,,,,,,,,,2.0,0.0,1.0,0.0,0.0,36.00,3.00,0.0,1.0,0.0
108,672282,Reid Detmers,48,P,Pitcher,Active,Los Angeles Angels,Pitcher,Reid,,L,L,1999-07-08,26,"6' 2""",74,210,Nokomis,IL,USA,,,,,,,,,,,,4.0,4.0,22.2,1.0,1.0,3.57,1.06,26.0,6.0,0.0
108,666171,Ryan Zeferjahn,56,P,Pitcher,Active,Los Angeles Angels,Pitcher,Ryan,,R,R,1998-02-28,28,"6' 5""",77,209,Topeka,KS,USA,,,,,,,,,,,,6.0,0.0,9.1,1.0,0.0,4.82,1.07,13.0,4.0,0.0
108,691951,Sam Aldegheri,61,P,Pitcher,Active,Los Angeles Angels,Pitcher,Sam,,L,L,2001-09-19,24,"6' 1""",73,210,Verona,,Italy,,,,,,,,,,,,,,,,,,,,,
108,696147,Sam Bachman,40,P,Pitcher,Active,Los Angeles Angels,Pitcher,Sam,,R,R,1999-09-30,26,"6' 1""",73,235,Indianapolis,IN,USA,,,,,,,,,,,,6.0,0.0,7.1,0.0,0.0,4.91,1.77,9.0,8.0,0.0
108,641312,Shaun Anderson,64,P,Pitcher,Active,Los Angeles Angels,Pitcher,Shaun,Bigg Shaun,R,R,1994-10-29,31,"6' 6""",78,228,Coral Springs,FL,USA,,,,,,,,,,,,4.0,0.0,10.1,1.0,0.0,6.97,1.55,7.0,5.0,0.0
108,579328,Yusei Kikuchi,16,P,Pitcher,Active,Los Angeles Angels,Pitcher,Yusei,U Say,L,L,1991-06-17,34,"6' 0""",72,210,Morioka,,Japan,,,,,,,,,,,,4.0,4.0,18.0,0.0,2.0,7.50,1.89,19.0,10.0,0.0
109,680728,Adrian Del Castillo,25,C,Catcher,Active,Arizona Diamondbacks,Hitter,Adrian,,L,R,1999-09-27,26,"5' 9""",69,208,Miami,FL,USA,7.0,26.0,3.0,9.0,1.0,10.0,0.0,.346,.346,.577,.923,,,,,,,,,,
109,677950,Alek Thomas,5,CF,Outfielder,Active,Arizona Diamondbacks,Hitter,Alek,,L,L,2000-04-28,25,"5' 9""",69,175,Chicago,IL,USA,15.0,54.0,5.0,7.0,0.0,6.0,3.0,.130,.175,.222,.397,,,,,,,,,,
109,605244,Aramis Garcia,35,C,Catcher,Active,Arizona Diamondbacks,Hitter,Aramis,,R,R,1993-01-12,33,"6' 1""",73,228,Hialeah,FL,USA,,,,,,,,,,,,,,,,,,,,,
109,682998,Corbin Carroll,7,RF,Outfielder,Active,Arizona Diamondbacks,Hitter,Corbin,,L,L,2000-08-21,25,"5' 10""",70,165,Seattle,WA,USA,17.0,61.0,12.0,19.0,2.0,11.0,1.0,.311,.394,.607,1.001,,,,,,,,,,
109,672695,Geraldo Perdomo,2,SS,Infielder,Active,Arizona Diamondbacks,Hitter,Geraldo,,S,R,1999-10-22,26,"6' 2""",74,203,Santo Domingo,,Dominican Republic,19.0,62.0,9.0,12.0,1.0,4.0,6.0,.194,.307,.274,.581,,,,,,,,,,
109,545121,Ildemaro Vargas,6,2B,Infielder,Active,Arizona Diamondbacks,Hitter,Ildemaro,,S,R,1991-07-16,34,"5' 11""",71,202,Caripito,,Venezuela,12.0,47.0,10.0,18.0,2.0,8.0,0.0,.383,.408,.660,1.068,,,,,,,,,,
109,543510,James McCann,8,C,Catcher,Active,Arizona Diamondbacks,Hitter,James,McCannon,R,R,1990-06-13,35,"6' 2""",74,235,Santa Barbara,CA,USA,9.0,24.0,2.0,6.0,0.0,3.0,0.0,.250,.280,.375,.655,1.0,0.0,1.0,0.0,0.0,45.00,7.00,0.0,0.0,0.0
109,678489,Jorge Barrosa,1,LF,Outfielder,Active,Arizona Diamondbacks,Hitter,Jorge,,S,L,2001-02-17,25,"5' 6""",66,165,Puerto Cabello,,Venezuela,13.0,45.0,5.0,11.0,0.0,4.0,0.0,.244,.292,.444,.736,,,,,,,,,,
109,699912,Jose Fernandez,11,SS,Infielder,Active,Arizona Diamondbacks,Hitter,Jose,,R,R,2003-09-22,22,"6' 3""",75,165,Cumana,,Venezuela,14.0,49.0,9.0,15.0,2.0,8.0,1.0,.306,.306,.469,.775,,,,,,,,,,
109,606466,Ketel Marte,4,2B,Infielder,Active,Arizona Diamondbacks,Hitter,Ketel,El Nino,S,R,1993-10-12,32,"6' 0""",72,210,Nizao,,Dominican Republic,18.0,71.0,10.0,15.0,4.0,9.0,0.0,.211,.273,.408,.681,,,,,,,,,,
109,663609,Luken Baker,21,1B,Infielder,Active,Arizona Diamondbacks,Hitter,Luken,,R,R,1997-03-10,29,"6' 4""",76,285,Houston,TX,USA,3.0,5.0,0.0,1.0,0.0,0.0,0.0,.200,.200,.200,.400,,,,,,,,,,
109,571448,Nolan Arenado,28,3B,Infielder,Active,Arizona Diamondbacks,Hitter,Nolan,Nado,R,R,1991-04-16,35,"6' 2""",74,215,Newport Beach,CA,USA,17.0,63.0,6.0,13.0,2.0,9.0,0.0,.206,.215,.317,.532,,,,,,,,,,
109,694374,Tim Tawa,13,2B,Infielder,Active,Arizona Diamondbacks,Hitter,Tim,,R,R,1999-04-07,27,"5' 11""",71,196,West Linn,OR,USA,12.0,32.0,1.0,3.0,0.0,1.0,0.0,.094,.189,.125,.314,,,,,,,,,,
109,694851,Andrew Hoffmann,56,P,Pitcher,Active,Arizona Diamondbacks,Pitcher,Andrew,,R,R,2000-02-02,26,"6' 5""",77,210,Joliet,IL,USA,,,,,,,,,,,,5.0,0.0,8.0,1.0,0.0,1.13,1.13,8.0,5.0,0.0
109,694297,Brandon Pfaadt,32,P,Pitcher,Active,Arizona Diamondbacks,Pitcher,Brandon,,R,R,1998-10-15,27,"6' 4""",76,220,Louisville,KY,USA,,,,,,,,,,,,3.0,3.0,16.2,0.0,1.0,5.94,1.38,11.0,6.0,0.0
109,593958,Eduardo Rodriguez,57,P,Pitcher,Active,Arizona Diamondbacks,Pitcher,Eduardo,El Gualo,L,L,1993-04-07,33,"6' 2""",74,231,Valencia,,Venezuela,,,,,,,,,,,,4.0,4.0,23.0,1.0,0.0,1.96,1.22,14.0,9.0,0.0
109,642528,Jonathan Loáisiga,43,P,Pitcher,Active,Arizona Diamondbacks,Pitcher,Jonathan,,R,R,1994-11-02,31,"5' 11""",71,195,Managua,,Nicaragua,,,,,,,,,,,,9.0,0.0,9.0,0.0,1.0,4.00,1.11,7.0,1.0,1.0
109,666661,Juan Morillo,62,P,Pitcher,Active,Arizona Diamondbacks,Pitcher,Juan,,R,R,1999-03-19,27,"6' 1""",73,150,Maracaibo,,Venezuela,,,,,,,,,,,,10.0,0.0,9.0,0.0,1.0,3.00,1.00,8.0,4.0,1.0
109,656464,Kevin Ginkel,37,P,Pitcher,Active,Arizona Diamondbacks,Pitcher,Kevin,,L,R,1994-03-24,32,"6' 4""",76,235,San Diego,CA,USA,,,,,,,,,,,,8.0,0.0,7.2,0.0,1.0,5.87,1.57,10.0,3.0,0.0
109,518876,Merrill Kelly,29,P,Pitcher,Active,Arizona Diamondbacks,Pitcher,Merrill,Mert,R,R,1988-10-14,37,"6' 2""",74,202,Houston,TX,USA,,,,,,,,,,,,1.0,1.0,5.1,1.0,0.0,3.38,1.69,3.0,4.0,0.0
109,647336,Michael Soroka,34,P,Pitcher,Active,Arizona Diamondbacks,Pitcher,Michael,Rock,R,R,1997-08-04,28,"6' 5""",77,250,Calgary,AB,Canada,,,,,,,,,,,,3.0,3.0,15.2,3.0,0.0,2.87,1.21,23.0,6.0,0.0
109,623149,Paul Sewald,38,P,Pitcher,Active,Arizona Diamondbacks,Pitcher,Paul,Paulie,R,R,1990-05-26,35,"6' 3""",75,219,Las Vegas,NV,USA,,,,,,,,,,,,9.0,0.0,7.1,0.0,2.0,2.45,0.55,10.0,0.0,6.0
109,657044,Ryan Thompson,81,P,Pitcher,Active,Arizona Diamondbacks,Pitcher,Ryan,,R,R,1992-06-26,33,"6' 5""",77,210,Turner,OR,USA,,,,,,,,,,,,11.0,0.0,7.2,1.0,0.0,0.00,0.65,5.0,3.0,0.0
109,669194,Ryne Nelson,19,P,Pitcher,Active,Arizona Diamondbacks,Pitcher,Ryne,,R,R,1998-02-01,28,"6' 3""",75,184,Henderson,NV,USA,,,,,,,,,,,,4.0,4.0,20.1,1.0,1.0,3.54,1.03,19.0,8.0,0.0
109,664199,Taylor Clarke,45,P,Pitcher,Active,Arizona Diamondbacks,Pitcher,Taylor,Clarkey,R,R,1993-05-13,32,"6' 3""",75,210,Ashburn,VA,USA,,,,,,,,,,,,10.0,0.0,10.1,1.0,0.0,3.48,0.68,6.0,0.0,0.0
109,668678,Zac Gallen,23,P,Pitcher,Active,Arizona Diamondbacks,Pitcher,Zac,Galls,R,R,1995-08-03,30,"6' 2""",74,189,Somerdale,NJ,USA,,,,,,,,,,,,4.0,4.0,20.0,1.0,1.0,3.60,1.45,11.0,7.0,0.0
110,677942,Blaze Alexander,23,SS,Infielder,Active,Baltimore Orioles,Hitter,Blaze,,R,R,1999-06-11,26,"5' 11""",71,200,Cape Coral,FL,USA,14.0,41.0,5.0,9.0,0.0,1.0,3.0,.220,.289,.244,.533,,,,,,,,,,
110,691723,Coby Mayo,16,1B,Infielder,Active,Baltimore Orioles,Hitter,Coby,,R,R,2001-12-10,24,"6' 5""",77,225,Coral Springs,FL,USA,13.0,42.0,4.0,7.0,0.0,4.0,1.0,.167,.271,.214,.485,,,,,,,,,,
110,681297,Colton Cowser,17,LF,Outfielder,Active,Baltimore Orioles,Hitter,Colton,,L,R,2000-03-20,26,"6' 3""",75,220,Houston,TX,USA,15.0,37.0,5.0,8.0,0.0,3.0,0.0,.216,.318,.243,.561,,,,,,,,,,
110,687637,Dylan Beavers,12,RF,Outfielder,Active,Baltimore Orioles,Hitter,Dylan,,L,R,2001-08-11,24,"6' 5""",77,220,San Luis Obispo,CA,USA,14.0,43.0,7.0,10.0,1.0,5.0,1.0,.233,.306,.326,.632,,,,,,,,,,
110,683002,Gunnar Henderson,2,SS,Infielder,Active,Baltimore Orioles,Hitter,Gunnar,,L,R,2001-06-29,24,"6' 3""",75,230,Montgomery,AL,USA,18.0,77.0,13.0,17.0,6.0,13.0,4.0,.221,.302,.519,.821,,,,,,,,,,
110,669236,Jeremiah Jackson,82,2B,Infielder,Active,Baltimore Orioles,Hitter,Jeremiah,,R,R,2000-03-26,26,"5' 11""",71,200,Antioch,TN,USA,16.0,53.0,5.0,18.0,4.0,14.0,0.0,.340,.345,.604,.949,,,,,,,,,,
110,671286,Johnathan Rodríguez,62,RF,Outfielder,Active,Baltimore Orioles,Hitter,Johnathan,,R,R,1999-11-04,26,"6' 2""",74,224,Toa Baja,,Puerto Rico,2.0,2.0,0.0,0.0,0.0,0.0,0.0,.000,.500,.000,.500,,,,,,,,,,
110,665750,Leody Taveras,30,OF,Outfielder,Active,Baltimore Orioles,Hitter,Leody,,S,R,1998-09-08,27,"6' 2""",74,210,Tenares,,Dominican Republic,14.0,30.0,4.0,11.0,0.0,8.0,0.0,.367,.472,.467,.939,,,,,,,,,,
110,668974,Maverick Handley,98,C,Catcher,Active,Baltimore Orioles,Hitter,Maverick,,R,R,1998-03-10,28,"5' 9""",69,210,Denver,CO,USA,,,,,,,,,,,,,,,,,,,,,
110,624413,Pete Alonso,25,1B,Infielder,Active,Baltimore Orioles,Hitter,Pete,Polar Bear,R,R,1994-12-07,31,"6' 3""",75,245,Tampa,FL,USA,18.0,66.0,9.0,13.0,2.0,7.0,1.0,.197,.329,.348,.677,,,,,,,,,,
110,669087,Sam Huff,31,C,Catcher,Active,Baltimore Orioles,Hitter,Sam,,R,R,1998-01-14,28,"6' 4""",76,242,Phoenix,AZ,USA,1.0,4.0,0.0,1.0,0.0,1.0,0.0,.250,.250,.500,.750,,,,,,,,,,
110,694212,Samuel Basallo,29,C,Catcher,Active,Baltimore Orioles,Hitter,Samuel,,L,R,2004-08-13,21,"6' 4""",76,250,Santo Domingo,,Dominican Republic,13.0,47.0,6.0,8.0,3.0,4.0,0.0,.170,.278,.362,.640,,,,,,,,,,
110,621493,Taylor Ward,3,LF,Outfielder,Active,Baltimore Orioles,Hitter,Taylor,,R,R,1993-12-14,32,"6' 0""",72,205,Dayton,OH,USA,18.0,73.0,9.0,22.0,0.0,8.0,1.0,.301,.388,.438,.826,,,,,,,,,,
110,642215,Weston Wilson,32,LF,Outfielder,Active,Baltimore Orioles,Hitter,Weston,,R,R,1994-09-11,31,"6' 3""",75,215,High Point,NC,USA,1.0,3.0,1.0,1.0,0.0,0.0,0.0,.333,.333,.333,.666,,,,,,,,,,
110,544150,Albert Suárez,49,P,Pitcher,Active,Baltimore Orioles,Pitcher,Albert,Chiguire,R,R,1989-10-08,36,"6' 3""",75,235,San Felix,,Venezuela,,,,,,,,,,,,3.0,0.0,7.0,1.0,0.0,5.14,1.29,3.0,2.0,1.0
110,689296,Anthony Nunez,66,P,Pitcher,Active,Baltimore Orioles,Pitcher,Anthony,,S,R,2001-07-10,24,"6' 2""",74,220,Miami,FL,USA,,,,,,,,,,,,8.0,0.0,8.2,0.0,0.0,1.04,0.58,11.0,1.0,0.0
110,605135,Chris Bassitt,40,P,Pitcher,Active,Baltimore Orioles,Pitcher,Chris,C Bass,R,R,1989-02-22,37,"6' 5""",77,220,Toledo,OH,USA,,,,,,,,,,,,3.0,3.0,11.0,0.0,2.0,9.00,2.36,5.0,7.0,0.0
110,665152,Dean Kremer,64,P,Pitcher,Active,Baltimore Orioles,Pitcher,Dean,,R,R,1996-01-07,30,"6' 2""",74,210,Stockton,CA,USA,,,,,,,,,,,,1.0,1.0,5.0,0.0,0.0,3.60,1.20,9.0,0.0,0.0
110,664991,Grant Wolfram,48,P,Pitcher,Active,Baltimore Orioles,Pitcher,Grant,,L,L,1996-12-12,29,"6' 7""",79,250,Holland,MI,USA,,,,,,,,,,,,8.0,0.0,8.0,1.0,0.0,3.38,1.00,13.0,0.0,0.0
110,680694,Kyle Bradish,38,P,Pitcher,Active,Baltimore Orioles,Pitcher,Kyle,,R,R,1996-09-12,29,"6' 3""",75,215,Peoria,AZ,USA,,,,,,,,,,,,4.0,4.0,19.2,1.0,2.0,5.49,1.63,21.0,10.0,0.0
110,670329,Rico Garcia,50,P,Pitcher,Active,Baltimore Orioles,Pitcher,Rico,,R,R,1994-01-10,32,"5' 9""",69,215,Honolulu,HI,USA,,,,,,,,,,,,9.0,0.0,9.0,1.0,0.0,0.00,0.33,10.0,3.0,1.0
110,664854,Ryan Helsley,21,P,Pitcher,Active,Baltimore Orioles,Pitcher,Ryan,Hellz Bellz,R,R,1994-07-18,31,"6' 2""",74,235,Tahlequah,OK,USA,,,,,,,,,,,,8.0,0.0,7.1,0.0,1.0,2.45,1.50,11.0,4.0,5.0
110,669358,Shane Baz,34,P,Pitcher,Active,Baltimore Orioles,Pitcher,Shane,,R,R,1999-06-17,26,"6' 3""",75,200,Houston,TX,USA,,,,,,,,,,,,3.0,3.0,16.0,0.0,1.0,4.50,1.56,13.0,5.0,0.0
110,669432,Trevor Rogers,28,P,Pitcher,Active,Baltimore Orioles,Pitcher,Trevor,,L,L,1997-11-13,28,"6' 5""",77,230,Carlsbad,NM,USA,,,,,,,,,,,,4.0,4.0,23.2,2.0,1.0,3.04,1.27,20.0,6.0,0.0
110,669330,Tyler Wells,68,P,Pitcher,Active,Baltimore Orioles,Pitcher,Tyler,,R,R,1994-08-26,31,"6' 8""",80,270,Tulsa,OK,USA,,,,,,,,,,,,8.0,0.0,10.2,0.0,1.0,5.06,1.50,10.0,4.0,0.0
110,666974,Yennier Cano,78,P,Pitcher,Active,Baltimore Orioles,Pitcher,Yennier,,R,R,1994-03-09,32,"6' 4""",76,245,Havana,,Cuba,,,,,,,,,,,,9.0,0.0,5.2,1.0,1.0,1.59,0.53,8.0,0.0,0.0
111,655316,Andruw Monasterio,32,SS,Infielder,Active,Boston Red Sox,Hitter,Andruw,,R,R,1997-05-30,28,"5' 11""",71,195,Caracas,,Venezuela,8.0,19.0,2.0,5.0,0.0,3.0,0.0,.263,.364,.368,.732,,,,,,,,,,
111,702332,Caleb Durbin,5,3B,Infielder,Active,Boston Red Sox,Hitter,Caleb,,R,R,2000-02-22,26,"5' 6""",66,183,Lake Forest,IL,USA,16.0,55.0,6.0,7.0,0.0,6.0,0.0,.127,.226,.164,.390,,,,,,,,,,
111,665966,Carlos Narváez,75,C,Catcher,Active,Boston Red Sox,Hitter,Carlos,,R,R,1998-11-26,27,"5' 11""",71,190,Maracay,,Venezuela,12.0,41.0,3.0,8.0,0.0,0.0,0.0,.195,.214,.195,.409,,,,,,,,,,
111,678882,Ceddanne Rafaela,3,CF,Outfielder,Active,Boston Red Sox,Hitter,Ceddanne,,R,R,2000-09-18,25,"5' 10""",70,165,Willemstad,,Curacao,17.0,50.0,9.0,15.0,1.0,5.0,0.0,.300,.386,.380,.766,,,,,,,,,,
111,657136,Connor Wong,12,C,Catcher,Active,Boston Red Sox,Hitter,Connor,,R,R,1996-05-19,29,"5' 10""",70,190,Houston,TX,USA,7.0,19.0,1.0,7.0,0.0,2.0,1.0,.368,.400,.526,.926,,,,,,,,,,
111,643396,Isiah Kiner-Falefa,2,SS,Infielder,Active,Boston Red Sox,Hitter,Isiah,Izzy,R,R,1995-03-23,31,"5' 10""",70,195,Honolulu,HI,USA,8.0,18.0,3.0,4.0,0.0,0.0,0.0,.222,.300,.222,.522,,,,,,,,,,
111,680776,Jarren Duran,16,LF,Outfielder,Active,Boston Red Sox,Hitter,Jarren,,L,R,1996-09-05,29,"6' 0""",72,205,Corona,CA,USA,15.0,60.0,11.0,10.0,1.0,10.0,2.0,.167,.254,.267,.521,,,,,,,,,,
111,691785,Marcelo Mayer,11,3B,Infielder,Active,Boston Red Sox,Hitter,Marcelo,,L,R,2002-12-12,23,"6' 3""",75,188,Chula Vista,CA,USA,16.0,48.0,5.0,9.0,1.0,3.0,1.0,.188,.259,.313,.572,,,,,,,,,,
111,807799,Masataka Yoshida,7,LF,Outfielder,Active,Boston Red Sox,Hitter,Masataka,,L,R,1993-07-15,32,"5' 8""",68,192,Fukui,,Japan,11.0,28.0,3.0,8.0,0.0,4.0,1.0,.286,.459,.393,.852,,,,,,,,,,
111,701350,Roman Anthony,19,RF,Outfielder,Active,Boston Red Sox,Hitter,Roman,,L,R,2004-05-13,21,"6' 3""",75,200,West Palm Beach,FL,USA,17.0,65.0,11.0,16.0,1.0,3.0,1.0,.246,.355,.369,.724,,,,,,,,,,
111,596115,Trevor Story,10,SS,Infielder,Active,Boston Red Sox,Hitter,Trevor,True,R,R,1992-11-15,33,"6' 1""",73,209,Irving,TX,USA,18.0,77.0,5.0,16.0,2.0,17.0,1.0,.208,.222,.338,.560,,,,,,,,,,
111,575929,Willson Contreras,40,1B,Infielder,Active,Boston Red Sox,Hitter,Willson,Venezuela,R,R,1992-05-13,33,"6' 0""",72,240,Puerto Cabello,,Venezuela,17.0,57.0,9.0,17.0,3.0,11.0,0.0,.298,.444,.491,.935,,,,,,,,,,
111,677800,Wilyer Abreu,52,RF,Outfielder,Active,Boston Red Sox,Hitter,Wilyer,,L,L,1999-06-24,26,"5' 10""",70,215,Maracaibo,,Venezuela,17.0,66.0,9.0,22.0,3.0,10.0,0.0,.333,.380,.561,.941,,,,,,,,,,
111,547973,Aroldis Chapman,44,P,Pitcher,Active,Boston Red Sox,Pitcher,Aroldis,The Missile,L,L,1988-02-28,38,"6' 4""",76,235,Holguin,,Cuba,6.0,0.0,0.0,0.0,0.0,0.0,0.0,.000,.000,.000,.000,6.0,0.0,6.0,0.0,1.0,1.50,0.67,6.0,2.0,3.0
111,678394,Brayan Bello,66,P,Pitcher,Active,Boston Red Sox,Pitcher,Brayan,,R,R,1999-05-17,26,"6' 1""",73,195,Samana,,Dominican Republic,,,,,,,,,,,,3.0,3.0,14.2,1.0,1.0,6.14,1.91,9.0,9.0,0.0
111,813349,Connelly Early,71,P,Pitcher,Active,Boston Red Sox,Pitcher,Connelly,,L,L,2002-04-03,24,"6' 3""",75,195,Midlothian,VA,USA,,,,,,,,,,,,4.0,4.0,19.2,1.0,0.0,2.29,1.27,20.0,10.0,0.0
111,543056,Danny Coulombe,67,P,Pitcher,Active,Boston Red Sox,Pitcher,Danny,Frenchie,L,L,1989-10-26,36,"5' 10""",70,190,St. Louis,MO,USA,,,,,,,,,,,,8.0,0.0,5.0,0.0,0.0,1.80,1.20,2.0,2.0,0.0
111,676979,Garrett Crochet,35,P,Pitcher,Active,Boston Red Sox,Pitcher,Garrett,,L,L,1999-06-21,26,"6' 6""",78,245,Ocean Springs,MS,USA,,,,,,,,,,,,4.0,4.0,19.0,2.0,2.0,7.58,1.58,22.0,7.0,0.0
111,676477,Garrett Whitlock,22,P,Pitcher,Active,Boston Red Sox,Pitcher,Garrett,,R,R,1996-06-11,29,"6' 5""",77,222,Snellville,GA,USA,,,,,,,,,,,,7.0,0.0,7.0,0.0,1.0,2.57,1.43,11.0,5.0,0.0
111,669711,Greg Weissert,57,P,Pitcher,Active,Boston Red Sox,Pitcher,Greg,,R,R,1995-02-04,31,"6' 2""",74,235,Bay Shore,NY,USA,,,,,,,,,,,,8.0,0.0,7.1,0.0,1.0,6.14,1.23,11.0,3.0,0.0
111,681252,Jack Anderson,77,P,Pitcher,Active,Boston Red Sox,Pitcher,Jack,,R,R,1999-11-23,26,"6' 3""",75,197,Tampa,FL,USA,,,,,,,,,,,,1.0,0.0,3.0,0.0,0.0,3.00,0.67,4.0,1.0,0.0
111,663558,Jovani Morán,47,P,Pitcher,Active,Boston Red Sox,Pitcher,Jovani,,L,L,1997-04-24,28,"6' 1""",73,167,Mayaguez,,Puerto Rico,,,,,,,,,,,,5.0,0.0,10.1,0.0,0.0,1.74,0.87,12.0,5.0,0.0
111,624133,Ranger Suarez,55,P,Pitcher,Active,Boston Red Sox,Pitcher,Ranger,,L,L,1995-08-26,30,"6' 1""",73,217,Pie de Cuesta,,Venezuela,,,,,,,,,,,,3.0,3.0,14.1,1.0,1.0,5.02,1.47,11.0,5.0,0.0
111,670245,Ryan Watson,56,P,Pitcher,Active,Boston Red Sox,Pitcher,Ryan,,R,R,1997-11-15,28,"6' 5""",77,225,Auburn,AL,USA,,,,,,,,,,,,8.0,0.0,11.0,0.0,0.0,7.36,1.64,6.0,7.0,0.0
111,543243,Sonny Gray,54,P,Pitcher,Active,Boston Red Sox,Pitcher,Sonny,Pickles,R,R,1989-11-07,36,"5' 10""",70,190,Smyrna,TN,USA,,,,,,,,,,,,4.0,4.0,20.1,2.0,1.0,4.43,1.28,11.0,4.0,0.0
111,677161,Zack Kelly,76,P,Pitcher,Active,Boston Red Sox,Pitcher,Zack,,R,R,1995-03-03,31,"6' 3""",75,231,Roanoke,VA,USA,,,,,,,,,,,,5.0,0.0,5.1,0.0,1.0,6.75,0.94,3.0,1.0,0.0
112,608324,Alex Bregman,3,3B,Infielder,Active,Chicago Cubs,Hitter,Alex,A-Breg,R,R,1994-03-30,32,"5' 10""",70,190,Albuquerque,NM,USA,18.0,74.0,4.0,18.0,2.0,9.0,1.0,.243,.321,.338,.659,,,,,,,,,,
112,608348,Carson Kelly,15,C,Catcher,Active,Chicago Cubs,Hitter,Carson,Cars,R,R,1994-07-14,31,"6' 1""",73,212,Chicago,IL,USA,15.0,45.0,7.0,15.0,1.0,7.0,0.0,.333,.455,.467,.922,,,,,,,,,,
112,621020,Dansby Swanson,7,SS,Infielder,Active,Chicago Cubs,Hitter,Dansby,Dans,R,R,1994-02-11,32,"6' 0""",72,190,Kennesaw,GA,USA,18.0,60.0,17.0,12.0,4.0,11.0,1.0,.200,.347,.417,.764,,,,,,,,,,
112,664023,Ian Happ,8,LF,Outfielder,Active,Chicago Cubs,Hitter,Ian,Happer,S,R,1994-08-12,31,"5' 10""",70,205,Pittsburgh,PA,USA,16.0,66.0,8.0,14.0,4.0,8.0,0.0,.212,.307,.455,.762,,,,,,,,,,
112,807713,Matt Shaw,6,3B,Infielder,Active,Chicago Cubs,Hitter,Matt,,R,R,2001-11-06,24,"5' 10""",70,185,Springfield,MA,USA,17.0,49.0,6.0,12.0,2.0,8.0,1.0,.245,.283,.449,.732,,,,,,,,,,
112,683737,Michael Busch,29,1B,Infielder,Active,Chicago Cubs,Hitter,Michael,,L,R,1997-11-09,28,"5' 11""",71,210,Inver Grove Heights,MN,USA,17.0,61.0,7.0,9.0,0.0,3.0,0.0,.148,.254,.180,.434,,,,,,,,,,
112,624424,Michael Conforto,20,LF,Outfielder,Active,Chicago Cubs,Hitter,Michael,Forto,L,R,1993-03-01,33,"5' 11""",71,215,Seattle,WA,USA,12.0,22.0,3.0,6.0,0.0,3.0,0.0,.273,.429,.364,.793,,,,,,,,,,
112,665804,Miguel Amaya,9,C,Catcher,Active,Chicago Cubs,Hitter,Miguel,,R,R,1999-03-09,27,"6' 1""",73,230,Herrera,,Panama,13.0,30.0,7.0,8.0,1.0,4.0,0.0,.267,.405,.400,.805,,,,,,,,,,
112,694208,Moisés Ballesteros,25,C,Catcher,Active,Chicago Cubs,Hitter,Moisés,,L,R,2003-11-08,22,"5' 8""",68,195,Los Teques,,Venezuela,15.0,38.0,6.0,13.0,2.0,7.0,0.0,.342,.381,.526,.907,,,,,,,,,,
112,663538,Nico Hoerner,2,2B,Infielder,Active,Chicago Cubs,Hitter,Nico,,R,R,1997-05-13,28,"5' 11""",71,200,Oakland,CA,USA,18.0,71.0,12.0,23.0,2.0,18.0,6.0,.324,.410,.507,.917,,,,,,,,,,
112,691718,Pete Crow-Armstrong,4,CF,Outfielder,Active,Chicago Cubs,Hitter,Pete,PCA,L,L,2002-03-25,24,"6' 0""",72,184,Sherman Oaks,CA,USA,18.0,72.0,12.0,17.0,1.0,5.0,4.0,.236,.276,.306,.582,,,,,,,,,,
112,664068,Scott Kingery,12,2B,Infielder,Active,Chicago Cubs,Hitter,Scott,Jetpax,R,R,1994-04-29,31,"5' 9""",69,180,Phoenix,AZ,USA,5.0,2.0,1.0,0.0,0.0,0.0,1.0,.000,.000,.000,.000,,,,,,,,,,
112,673548,Seiya Suzuki,27,RF,Outfielder,Active,Chicago Cubs,Hitter,Seiya,,R,R,1994-08-18,31,"5' 11""",71,182,Arakawa,,Japan,6.0,23.0,3.0,6.0,0.0,1.0,0.0,.261,.393,.261,.654,,,,,,,,,,
112,676962,Ben Brown,32,P,Pitcher,Active,Chicago Cubs,Pitcher,Ben,,R,R,1999-09-09,26,"6' 6""",78,210,East Setauket,NY,USA,,,,,,,,,,,,6.0,0.0,14.2,0.0,0.0,3.07,1.02,14.0,5.0,0.0
112,573204,Caleb Thielbar,24,P,Pitcher,Active,Chicago Cubs,Pitcher,Caleb,,R,L,1987-01-31,39,"6' 0""",72,205,Northfield,MN,USA,,,,,,,,,,,,7.0,0.0,6.0,1.0,2.0,3.00,1.33,8.0,4.0,0.0
112,607067,Colin Rea,53,P,Pitcher,Active,Chicago Cubs,Pitcher,Colin,,R,R,1990-07-01,35,"6' 5""",77,220,Cascade,IA,USA,,,,,,,,,,,,4.0,1.0,17.1,2.0,0.0,3.63,0.98,15.0,3.0,1.0
112,694037,Daniel Palencia,48,P,Pitcher,Active,Chicago Cubs,Pitcher,Daniel,,R,R,2000-02-05,26,"5' 11""",71,160,San Carlos,,Venezuela,,,,,,,,,,,,5.0,0.0,5.0,1.0,0.0,0.00,1.00,5.0,2.0,1.0
112,665795,Edward Cabrera,30,P,Pitcher,Active,Chicago Cubs,Pitcher,Edward,,R,R,1998-04-13,28,"6' 5""",77,217,Santiago,,Dominican Republic,,,,,,,,,,,,3.0,3.0,16.2,1.0,0.0,1.62,1.14,13.0,9.0,0.0
112,571948,Hoby Milner,41,P,Pitcher,Active,Chicago Cubs,Pitcher,Hoby,,L,L,1991-01-13,35,"6' 3""",75,187,Dallas,TX,USA,9.0,0.0,0.0,0.0,0.0,0.0,0.0,.000,.000,.000,.000,8.0,0.0,8.1,0.0,0.0,2.16,0.84,1.0,0.0,0.0
112,657097,Jacob Webb,71,P,Pitcher,Active,Chicago Cubs,Pitcher,Jacob,,R,R,1993-08-15,32,"6' 2""",74,210,Riverside,CA,USA,,,,,,,,,,,,8.0,0.0,6.2,0.0,1.0,5.40,1.95,7.0,5.0,0.0
112,592791,Jameson Taillon,50,P,Pitcher,Active,Chicago Cubs,Pitcher,Jameson,Jamo,R,R,1991-11-18,34,"6' 5""",77,230,Lakeland,FL,USA,,,,,,,,,,,,3.0,3.0,16.2,0.0,1.0,4.86,1.26,17.0,6.0,0.0
112,665871,Javier Assad,72,P,Pitcher,Active,Chicago Cubs,Pitcher,Javier,,R,R,1997-07-30,28,"6' 1""",73,200,Tijuana,-1,Mexico,,,,,,,,,,,,2.0,2.0,10.0,1.0,1.0,8.10,1.60,6.0,4.0,0.0
112,681432,Luke Little,43,P,Pitcher,Active,Chicago Cubs,Pitcher,Luke,,L,L,2000-08-30,25,"6' 8""",80,220,Charlotte,NC,USA,,,,,,,,,,,,1.0,0.0,1.0,0.0,0.0,9.00,2.00,1.0,0.0,0.0
112,702303,Riley Martin,51,P,Pitcher,Active,Chicago Cubs,Pitcher,Riley,,L,L,1998-03-19,28,"6' 1""",73,215,Salem,IL,USA,,,,,,,,,,,,4.0,1.0,4.1,0.0,0.0,0.00,0.46,4.0,0.0,0.0
112,669020,Ryan Rolison,33,P,Pitcher,Active,Chicago Cubs,Pitcher,Ryan,,R,L,1997-07-11,28,"6' 2""",74,213,Jackson,TN,USA,,,,,,,,,,,,1.0,0.0,1.0,0.0,0.0,0.00,1.00,0.0,0.0,0.0
112,684007,Shota Imanaga,18,P,Pitcher,Active,Chicago Cubs,Pitcher,Shota,,L,L,1993-09-01,32,"5' 10""",70,175,Kitakyushu,,Japan,,,,,,,,,,,,4.0,4.0,22.0,1.0,1.0,2.45,0.77,31.0,5.0,0.0
113,667472,Dane Myers,17,CF,Outfielder,Active,Cincinnati Reds,Hitter,Dane,,R,R,1996-03-08,30,"6' 0""",72,205,Columbus,TX,USA,16.0,23.0,2.0,6.0,0.0,1.0,1.0,.261,.320,.261,.581,,,,,,,,,,
113,682829,Elly De La Cruz,44,SS,Infielder,Active,Cincinnati Reds,Hitter,Elly,,S,R,2002-01-11,24,"6' 6""",78,200,Sabana Grande de Boya,,Dominican Republic,19.0,74.0,15.0,20.0,6.0,11.0,5.0,.270,.349,.554,.903,,,,,,,,,,
113,553993,Eugenio Suárez,28,3B,Infielder,Active,Cincinnati Reds,Hitter,Eugenio,Bolibomba Suarez,R,R,1991-07-18,34,"5' 11""",71,213,Puerto Ordaz,,Venezuela,19.0,66.0,6.0,16.0,3.0,9.0,0.0,.242,.324,.394,.718,,,,,,,,,,
113,663647,Ke'Bryan Hayes,3,3B,Infielder,Active,Cincinnati Reds,Hitter,Ke'Bryan,,R,R,1997-01-28,29,"5' 11""",71,215,Tomball,TX,USA,17.0,46.0,1.0,3.0,0.0,0.0,0.0,.065,.140,.065,.205,,,,,,,,,,
113,680574,Matt McLain,9,2B,Infielder,Active,Cincinnati Reds,Hitter,Matt,,R,R,1999-08-06,26,"5' 8""",68,180,Orange,CA,USA,19.0,67.0,8.0,13.0,0.0,3.0,3.0,.194,.341,.239,.580,,,,,,,,,,
113,663993,Nathaniel Lowe,31,1B,Infielder,Active,Cincinnati Reds,Hitter,Nathaniel,,L,R,1995-07-07,30,"6' 4""",76,220,Norfolk,VA,USA,10.0,19.0,0.0,4.0,0.0,5.0,0.0,.211,.348,.316,.664,,,,,,,,,,
113,664731,P.J. Higgins,65,C,Catcher,Active,Cincinnati Reds,Hitter,P.J.,,R,R,1993-05-10,32,"5' 10""",70,195,Bridgeport,CT,USA,4.0,7.0,0.0,2.0,0.0,0.0,0.0,.286,.375,.286,.661,1.0,0.0,1.0,0.0,0.0,0.00,0.00,1.0,0.0,0.0
113,677956,Rece Hinds,57,RF,Outfielder,Active,Cincinnati Reds,Hitter,Rece,,R,R,2000-09-05,25,"6' 3""",75,215,Niceville,FL,USA,3.0,9.0,0.0,0.0,0.0,0.0,0.0,.000,.000,.000,.000,,,,,,,,,,
113,701398,Sal Stewart,27,3B,Infielder,Active,Cincinnati Reds,Hitter,Sal,,R,R,2003-12-07,22,"6' 1""",73,224,Miami,FL,USA,19.0,65.0,13.0,20.0,7.0,17.0,3.0,.308,.418,.692,1.110,,,,,,,,,,
113,668715,Spencer Steer,7,1B,Infielder,Active,Cincinnati Reds,Hitter,Spencer,,R,R,1997-12-07,28,"5' 9""",69,185,Long Beach,CA,USA,17.0,60.0,6.0,12.0,3.0,5.0,0.0,.200,.246,.400,.646,,,,,,,,,,
113,670770,TJ Friedl,29,CF,Outfielder,Active,Cincinnati Reds,Hitter,TJ,,L,L,1995-08-14,30,"5' 8""",68,180,Sewickley,PA,USA,18.0,65.0,7.0,10.0,0.0,1.0,3.0,.154,.286,.154,.440,,,,,,,,,,
113,663886,Tyler Stephenson,37,C,Catcher,Active,Cincinnati Reds,Hitter,Tyler,,R,R,1996-08-16,29,"6' 3""",75,225,Atlanta,GA,USA,14.0,40.0,3.0,7.0,2.0,3.0,0.0,.175,.313,.325,.638,,,,,,,,,,
113,666181,Will Benson,30,LF,Outfielder,Active,Cincinnati Reds,Hitter,Will,,L,L,1998-06-16,27,"6' 4""",76,230,Atlanta,GA,USA,15.0,28.0,1.0,5.0,0.0,1.0,0.0,.179,.281,.286,.567,,,,,,,,,,
113,671096,Andrew Abbott,41,P,Pitcher,Active,Cincinnati Reds,Pitcher,Andrew,,L,L,1999-06-01,26,"6' 0""",72,192,Lynchburg,VA,USA,,,,,,,,,,,,4.0,4.0,20.0,0.0,2.0,5.85,1.70,12.0,8.0,0.0
113,663903,Brady Singer,51,P,Pitcher,Active,Cincinnati Reds,Pitcher,Brady,,R,R,1996-08-04,29,"6' 5""",77,215,Leesburg,FL,USA,,,,,,,,,,,,4.0,4.0,17.2,1.0,1.0,5.60,1.70,14.0,3.0,0.0
113,682227,Brandon Williamson,55,P,Pitcher,Active,Cincinnati Reds,Pitcher,Brandon,,R,L,1998-04-02,28,"6' 6""",78,210,Fairmont,MN,USA,,,,,,,,,,,,3.0,3.0,15.1,1.0,1.0,5.28,1.37,10.0,9.0,0.0
113,656271,Brock Burke,49,P,Pitcher,Active,Cincinnati Reds,Pitcher,Brock,,L,L,1996-08-04,29,"6' 4""",76,210,Chicago,IL,USA,,,,,,,,,,,,9.0,0.0,8.1,1.0,0.0,1.08,1.20,10.0,3.0,1.0
113,695505,Chase Burns,26,P,Pitcher,Active,Cincinnati Reds,Pitcher,Chase,,R,R,2003-01-16,23,"6' 3""",75,210,Naples,,Italy,,,,,,,,,,,,4.0,4.0,22.1,1.0,1.0,2.42,1.07,22.0,9.0,0.0
113,683175,Connor Phillips,34,P,Pitcher,Active,Cincinnati Reds,Pitcher,Connor,,R,R,2001-05-04,24,"6' 2""",74,209,Houston,TX,USA,,,,,,,,,,,,10.0,0.0,11.1,1.0,0.0,2.38,1.50,12.0,11.0,1.0
113,641941,Emilio Pagán,15,P,Pitcher,Active,Cincinnati Reds,Pitcher,Emilio,Emiliooooo,L,R,1991-05-07,34,"6' 2""",74,208,Simpsonville,SC,USA,,,,,,,,,,,,9.0,0.0,9.1,1.0,0.0,4.82,1.29,9.0,6.0,5.0
113,668933,Graham Ashcraft,23,P,Pitcher,Active,Cincinnati Reds,Pitcher,Graham,,L,R,1998-02-11,28,"6' 2""",74,248,Huntsville,AL,USA,,,,,,,,,,,,10.0,0.0,10.0,0.0,0.0,1.80,1.10,13.0,4.0,0.0
113,693312,Kyle Nicolas,62,P,Pitcher,Active,Cincinnati Reds,Pitcher,Kyle,,R,R,1999-02-22,27,"6' 3""",75,216,Massillon,OH,USA,,,,,,,,,,,,2.0,0.0,2.2,0.0,0.0,10.13,3.00,1.0,5.0,0.0
113,572955,Pierce Johnson,52,P,Pitcher,Active,Cincinnati Reds,Pitcher,Pierce,P.J.,R,R,1991-05-10,34,"6' 2""",74,202,Denver,CO,USA,,,,,,,,,,,,9.0,0.0,7.1,1.0,1.0,3.68,1.36,8.0,1.0,0.0
113,695076,Rhett Lowder,25,P,Pitcher,Active,Cincinnati Reds,Pitcher,Rhett,,R,R,2002-03-08,24,"6' 1""",73,200,Albemarle,NC,USA,,,,,,,,,,,,4.0,4.0,23.0,2.0,1.0,3.52,1.13,15.0,7.0,0.0
113,594580,Sam Moll,50,P,Pitcher,Active,Cincinnati Reds,Pitcher,Sam,,L,L,1992-01-03,34,"5' 9""",69,190,Lakeland,TN,USA,9.0,0.0,0.0,0.0,0.0,0.0,0.0,.000,.000,.000,.000,8.0,0.0,8.2,1.0,0.0,2.08,0.69,7.0,6.0,0.0
113,663574,Tony Santillan,64,P,Pitcher,Active,Cincinnati Reds,Pitcher,Tony,,R,R,1997-04-15,29,"6' 3""",75,285,Fort Worth,TX,USA,,,,,,,,,,,,8.0,0.0,8.0,1.0,0.0,0.00,1.00,10.0,6.0,0.0
114,682657,Angel Martínez,1,CF,Outfielder,Active,Cleveland Guardians,Hitter,Angel,,S,R,2002-01-27,24,"5' 11""",71,200,Santo Domingo,,Dominican Republic,17.0,53.0,8.0,16.0,2.0,9.0,4.0,.302,.362,.491,.853,,,,,,,,,,
114,595978,Austin Hedges,27,C,Catcher,Active,Cleveland Guardians,Hitter,Austin,Hedgey,R,R,1992-08-18,33,"6' 0""",72,220,San Juan Capistrano,CA,USA,7.0,20.0,5.0,7.0,0.0,2.0,0.0,.350,.391,.450,.841,1.0,0.0,0.1,0.0,0.0,0.00,0.00,0.0,0.0,0.0
114,666310,Bo Naylor,23,C,Catcher,Active,Cleveland Guardians,Hitter,Bo,Bo,L,R,2000-02-21,26,"5' 9""",69,205,Mississauga,ON,Canada,13.0,38.0,0.0,6.0,0.0,2.0,0.0,.158,.238,.184,.422,,,,,,,,,,
114,677587,Brayan Rocchio,4,SS,Infielder,Active,Cleveland Guardians,Hitter,Brayan,,S,R,2001-01-13,25,"5' 9""",69,170,Caracas,,Venezuela,19.0,57.0,7.0,12.0,2.0,8.0,0.0,.211,.338,.333,.671,,,,,,,,,,
114,800050,Chase DeLauter,24,RF,Outfielder,Active,Cleveland Guardians,Hitter,Chase,,L,L,2001-10-08,24,"6' 3""",75,235,Frederick,MD,USA,17.0,58.0,9.0,15.0,5.0,12.0,0.0,.259,.343,.586,.929,,,,,,,,,,
114,682177,Daniel Schneemann,10,2B,Infielder,Active,Cleveland Guardians,Hitter,Daniel,,L,R,1997-01-23,29,"6' 0""",72,185,San Diego,CA,USA,15.0,44.0,6.0,13.0,1.0,7.0,1.0,.295,.340,.500,.840,,,,,,,,,,
114,681807,David Fry,6,1B,Infielder,Active,Cleveland Guardians,Hitter,David,,R,R,1995-11-20,30,"6' 1""",73,215,Colleyville,TX,USA,13.0,26.0,3.0,5.0,0.0,0.0,0.0,.192,.323,.231,.554,,,,,,,,,,
114,671655,George Valera,7,RF,Outfielder,Active,Cleveland Guardians,Hitter,George,,L,L,2000-11-13,25,"5' 10""",70,195,Queens,NY,USA,2.0,6.0,0.0,2.0,0.0,1.0,0.0,.333,.333,.667,1.000,,,,,,,,,,
114,608070,José Ramírez,11,3B,Infielder,Active,Cleveland Guardians,Hitter,José,Enriquito,S,R,1992-09-17,33,"5' 8""",68,190,Bani,,Dominican Republic,19.0,73.0,9.0,15.0,3.0,8.0,8.0,.205,.301,.384,.685,,,,,,,,,,
114,682877,Juan Brito,34,SS,Infielder,Active,Cleveland Guardians,Hitter,Juan,,S,R,2001-09-24,24,"6' 0""",72,202,Santo Domingo,,Dominican Republic,8.0,27.0,4.0,6.0,0.0,1.0,0.0,.222,.276,.296,.572,,,,,,,,,,
114,700932,Kyle Manzardo,9,1B,Infielder,Active,Cleveland Guardians,Hitter,Kyle,,L,R,2000-07-18,25,"5' 11""",71,205,Coeur d'Alene,ID,USA,16.0,50.0,3.0,9.0,1.0,3.0,0.0,.180,.268,.260,.528,,,,,,,,,,
114,656555,Rhys Hoskins,8,1B,Infielder,Active,Cleveland Guardians,Hitter,Rhys,Big Fella,R,R,1993-03-17,33,"6' 3""",75,241,Sacramento,CA,USA,14.0,44.0,7.0,9.0,1.0,5.0,0.0,.205,.327,.386,.713,,,,,,,,,,
114,680757,Steven Kwan,38,LF,Outfielder,Active,Cleveland Guardians,Hitter,Steven,,L,L,1997-09-05,28,"5' 8""",68,170,Los Gatos,CA,USA,18.0,71.0,8.0,17.0,1.0,6.0,2.0,.239,.316,.324,.640,,,,,,,,,,
114,671922,Cade Smith,36,P,Pitcher,Active,Cleveland Guardians,Pitcher,Cade,,R,R,1999-05-09,26,"6' 5""",77,230,Vancouver,BC,Canada,,,,,,,,,,,,9.0,0.0,9.0,2.0,0.0,5.00,1.33,11.0,3.0,3.0
114,641401,Connor Brogdon,75,P,Pitcher,Active,Cleveland Guardians,Pitcher,Connor,,R,R,1995-01-29,31,"6' 6""",78,205,Clovis,CA,USA,,,,,,,,,,,,7.0,0.0,7.0,2.0,2.0,6.43,1.00,6.0,2.0,1.0
114,681870,Erik Sabrowski,62,P,Pitcher,Active,Cleveland Guardians,Pitcher,Erik,,R,L,1997-10-31,28,"6' 4""",76,230,Edmonton,AB,Canada,,,,,,,,,,,,10.0,0.0,9.0,0.0,0.0,2.00,0.78,14.0,3.0,0.0
114,668909,Gavin Williams,32,P,Pitcher,Active,Cleveland Guardians,Pitcher,Gavin,,L,R,1999-07-26,26,"6' 6""",78,250,Fayetteville,NC,USA,,,,,,,,,,,,4.0,4.0,22.2,2.0,1.0,2.38,1.15,29.0,16.0,0.0
114,683769,Hunter Gaddis,33,P,Pitcher,Active,Cleveland Guardians,Pitcher,Hunter,,R,R,1998-04-09,28,"6' 6""",78,260,Canton,GA,USA,,,,,,,,,,,,1.0,0.0,1.0,0.0,0.0,9.00,3.00,1.0,1.0,0.0
114,676282,Joey Cantillo,54,P,Pitcher,Active,Cleveland Guardians,Pitcher,Joey,,L,L,1999-12-18,26,"6' 4""",76,225,Honolulu,HI,USA,,,,,,,,,,,,4.0,4.0,20.2,1.0,0.0,2.61,1.21,24.0,9.0,0.0
114,670036,Matt Festa,52,P,Pitcher,Active,Cleveland Guardians,Pitcher,Matt,,R,R,1993-03-11,33,"6' 1""",73,195,Brooklyn,NY,USA,,,,,,,,,,,,7.0,0.0,9.0,0.0,0.0,7.00,1.44,8.0,1.0,1.0
114,800048,Parker Messick,77,P,Pitcher,Active,Cleveland Guardians,Pitcher,Parker,,L,L,2000-10-26,25,"6' 0""",72,225,Plant City,FL,USA,,,,,,,,,,,,3.0,3.0,17.2,2.0,0.0,0.51,0.91,16.0,5.0,0.0
114,688883,Peyton Pallette,41,P,Pitcher,Active,Cleveland Guardians,Pitcher,Peyton,,R,R,2001-05-09,24,"6' 1""",73,190,Little Rock,AR,USA,,,,,,,,,,,,5.0,0.0,7.2,0.0,1.0,4.70,1.30,9.0,3.0,0.0
114,542888,Shawn Armstrong,43,P,Pitcher,Active,Cleveland Guardians,Pitcher,Shawn,Armie,R,R,1990-09-11,35,"6' 2""",74,225,New Bern,NC,USA,,,,,,,,,,,,9.0,0.0,8.2,1.0,0.0,2.08,1.50,12.0,5.0,0.0
114,677944,Slade Cecconi,44,P,Pitcher,Active,Cleveland Guardians,Pitcher,Slade,,R,R,1999-06-24,26,"6' 4""",76,219,Oviedo,FL,USA,,,,,,,,,,,,4.0,4.0,19.2,0.0,2.0,5.03,1.37,18.0,10.0,0.0
114,676440,Tanner Bibee,28,P,Pitcher,Active,Cleveland Guardians,Pitcher,Tanner,,R,R,1999-03-05,27,"6' 2""",74,205,Mission Viejo,CA,USA,,,,,,,,,,,,4.0,4.0,18.1,0.0,2.0,6.38,1.64,18.0,6.0,0.0
114,682120,Tim Herrin,29,P,Pitcher,Active,Cleveland Guardians,Pitcher,Tim,,L,L,1996-10-08,29,"6' 6""",78,230,Terre Haute,IN,USA,,,,,,,,,,,,7.0,0.0,4.0,0.0,1.0,0.00,1.75,3.0,3.0,0.0
115,686668,Brenton Doyle,9,CF,Outfielder,Active,Colorado Rockies,Hitter,Brenton,,R,R,1998-05-14,27,"6' 3""",75,223,Warrenton,VA,USA,17.0,50.0,8.0,10.0,1.0,1.0,3.0,.200,.273,.280,.553,,,,,,,,,,
115,664954,Brett Sullivan,26,C,Catcher,Active,Colorado Rockies,Hitter,Brett,,L,R,1994-02-22,32,"5' 11""",71,190,Stockton,CA,USA,12.0,26.0,0.0,7.0,0.0,4.0,0.0,.269,.296,.385,.681,,,,,,,,,,
115,666397,Edouard Julien,6,2B,Infielder,Active,Colorado Rockies,Hitter,Edouard,,L,R,1999-04-30,26,"6' 1""",73,195,Quebec City,QC,Canada,16.0,39.0,5.0,11.0,1.0,5.0,2.0,.282,.364,.385,.749,,,,,,,,,,
115,678662,Ezequiel Tovar,14,SS,Infielder,Active,Colorado Rockies,Hitter,Ezequiel,,R,R,2001-08-01,24,"6' 0""",72,192,Maracay,,Venezuela,18.0,69.0,7.0,17.0,1.0,6.0,1.0,.246,.288,.391,.679,,,,,,,,,,
115,696100,Hunter Goodman,15,C,Catcher,Active,Colorado Rockies,Hitter,Hunter,,R,R,1999-10-08,26,"5' 11""",71,220,Arlington,TN,USA,18.0,63.0,12.0,15.0,4.0,7.0,1.0,.238,.314,.444,.758,,,,,,,,,,
115,664983,Jake McCarthy,31,CF,Outfielder,Active,Colorado Rockies,Hitter,Jake,,L,L,1997-07-30,28,"6' 0""",72,213,Scranton,PA,USA,15.0,35.0,1.0,6.0,0.0,3.0,5.0,.171,.275,.286,.561,,,,,,,,,,
115,687597,Jordan Beck,27,LF,Outfielder,Active,Colorado Rockies,Hitter,Jordan,,R,R,2001-04-19,24,"6' 2""",74,227,Hazel Green,AL,USA,13.0,38.0,3.0,5.0,1.0,6.0,2.0,.132,.195,.237,.432,,,,,,,,,,
115,691720,Kyle Karros,12,3B,Infielder,Active,Colorado Rockies,Hitter,Kyle,,R,R,2002-07-26,23,"6' 5""",77,225,Los Angeles,CA,USA,18.0,48.0,6.0,10.0,0.0,1.0,2.0,.208,.333,.229,.562,,,,,,,,,,
115,666160,Mickey Moniak,22,RF,Outfielder,Active,Colorado Rockies,Hitter,Mickey,,L,R,1998-05-13,27,"6' 1""",73,209,Encinitas,CA,USA,12.0,40.0,6.0,10.0,5.0,9.0,0.0,.250,.262,.650,.912,,,,,,,,,,
115,681198,TJ Rumfield,7,1B,Infielder,Active,Colorado Rockies,Hitter,TJ,,L,R,2000-05-17,25,"6' 5""",77,238,Richmond,VA,USA,18.0,60.0,6.0,17.0,2.0,8.0,0.0,.283,.343,.433,.776,,,,,,,,,,
115,687859,Troy Johnston,20,OF,Outfielder,Active,Colorado Rockies,Hitter,Troy,,L,L,1997-06-22,28,"5' 11""",71,206,Tacoma,WA,USA,15.0,47.0,6.0,14.0,2.0,7.0,0.0,.298,.365,.489,.854,,,,,,,,,,
115,671289,Tyler Freeman,2,RF,Outfielder,Active,Colorado Rockies,Hitter,Tyler,,R,R,1999-05-21,26,"5' 11""",71,200,Rancho Cucamonga,CA,USA,9.0,25.0,1.0,6.0,0.0,3.0,2.0,.240,.345,.240,.585,,,,,,,,,,
115,650489,Willi Castro,3,LF,Outfielder,Active,Colorado Rockies,Hitter,Willi,,S,R,1997-04-24,28,"6' 0""",72,209,Rio Piedras,,Puerto Rico,16.0,56.0,8.0,12.0,1.0,8.0,1.0,.214,.279,.339,.618,,,,,,,,,,
115,622608,Antonio Senzatela,49,P,Pitcher,Active,Colorado Rockies,Pitcher,Antonio,Senze,R,R,1995-01-21,31,"6' 1""",73,235,Valencia,,Venezuela,,,,,,,,,,,,5.0,0.0,12.1,0.0,0.0,0.00,0.57,15.0,3.0,1.0
115,657514,Brennan Bernardino,83,P,Pitcher,Active,Colorado Rockies,Pitcher,Brennan,,L,L,1992-01-15,34,"6' 4""",76,216,Valencia,CA,USA,,,,,,,,,,,,9.0,1.0,7.0,1.0,0.0,1.29,1.29,5.0,3.0,0.0
115,801403,Chase Dollander,32,P,Pitcher,Active,Colorado Rockies,Pitcher,Chase,,R,R,2001-10-26,24,"6' 2""",74,219,Evans,GA,USA,,,,,,,,,,,,4.0,0.0,13.2,1.0,1.0,4.61,1.32,14.0,4.0,0.0
115,677955,Jaden Hill,0,P,Pitcher,Active,Colorado Rockies,Pitcher,Jaden,,R,R,1999-12-22,26,"6' 4""",76,260,Ashdown,AR,USA,,,,,,,,,,,,8.0,0.0,6.2,0.0,1.0,1.35,0.90,6.0,3.0,0.0
115,623474,Jimmy Herget,44,P,Pitcher,Active,Colorado Rockies,Pitcher,Jimmy,,R,R,1993-09-09,32,"6' 3""",75,183,Tampa,FL,USA,,,,,,,,,,,,8.0,2.0,9.0,0.0,1.0,2.00,0.78,6.0,1.0,1.0
115,500779,Jose Quintana,62,P,Pitcher,Active,Colorado Rockies,Pitcher,Jose,Lelo,R,L,1989-01-24,37,"6' 2""",74,224,Arjona,,Colombia,,,,,,,,,,,,2.0,2.0,8.0,0.0,1.0,5.63,1.88,3.0,8.0,0.0
115,675848,Juan Mejia,47,P,Pitcher,Active,Colorado Rockies,Pitcher,Juan,,R,R,2000-07-04,25,"6' 3""",75,210,Santo Domingo,,Dominican Republic,,,,,,,,,,,,7.0,0.0,8.1,0.0,2.0,5.40,1.80,5.0,4.0,1.0
115,547179,Michael Lorenzen,24,P,Pitcher,Active,Colorado Rockies,Pitcher,Michael,Zen,R,R,1992-01-04,34,"6' 1""",73,210,Anaheim,CA,USA,,,,,,,,,,,,5.0,4.0,16.2,1.0,2.0,8.10,2.22,13.0,5.0,0.0
115,663372,Ryan Feltner,18,P,Pitcher,Active,Colorado Rockies,Pitcher,Ryan,,R,R,1996-09-02,29,"6' 4""",76,200,Orlando,FL,USA,,,,,,,,,,,,3.0,3.0,12.1,1.0,1.0,7.30,1.70,9.0,6.0,0.0
115,685299,Tanner Gordon,29,P,Pitcher,Active,Colorado Rockies,Pitcher,Tanner,,L,R,1997-10-26,28,"6' 5""",77,220,Champaign,IL,USA,,,,,,,,,,,,1.0,0.0,4.0,0.0,0.0,0.00,0.75,4.0,1.0,0.0
115,608372,Tomoyuki Sugano,11,P,Pitcher,Active,Colorado Rockies,Pitcher,Tomoyuki,,R,R,1989-10-11,36,"6' 1""",73,227,Kanagawa,,Japan,,,,,,,,,,,,3.0,3.0,16.2,1.0,0.0,2.16,0.78,12.0,3.0,0.0
115,680767,Victor Vodnik,38,P,Pitcher,Active,Colorado Rockies,Pitcher,Victor,,R,R,1999-10-09,26,"6' 0""",72,216,Whittier,CA,USA,6.0,0.0,0.0,0.0,0.0,0.0,0.0,.000,.000,.000,.000,6.0,0.0,7.0,0.0,1.0,2.57,1.57,5.0,3.0,1.0
115,688642,Zach Agnos,36,P,Pitcher,Active,Colorado Rockies,Pitcher,Zach,,R,R,2000-08-15,25,"6' 0""",72,225,Haymarket,VA,USA,,,,,,,,,,,,6.0,0.0,9.1,0.0,0.0,6.75,1.93,9.0,5.0,1.0
116,690993,Colt Keith,33,2B,Infielder,Active,Detroit Tigers,Hitter,Colt,,L,R,2001-08-14,24,"6' 2""",74,211,Zanesville,OH,USA,17.0,58.0,10.0,18.0,0.0,4.0,0.0,.310,.344,.431,.775,,,,,,,,,,
116,693307,Dillon Dingler,13,C,Catcher,Active,Detroit Tigers,Hitter,Dillon,,R,R,1998-09-17,27,"6' 1""",73,210,Massillon,OH,USA,16.0,49.0,8.0,13.0,3.0,12.0,0.0,.265,.357,.490,.847,,,,,,,,,,
116,650402,Gleyber Torres,25,2B,Infielder,Active,Detroit Tigers,Hitter,Gleyber,De Caracas,R,R,1996-12-13,29,"5' 10""",70,205,Caracas,,Venezuela,18.0,64.0,10.0,15.0,1.0,4.0,0.0,.234,.359,.297,.656,,,,,,,,,,
116,663330,Jahmai Jones,18,RF,Outfielder,Active,Detroit Tigers,Hitter,Jahmai,,R,R,1997-08-04,28,"5' 10""",70,210,Roswell,GA,USA,8.0,11.0,0.0,0.0,0.0,0.0,0.0,.000,.000,.000,.000,,,,,,,,,,
116,668670,Jake Rogers,34,C,Catcher,Active,Detroit Tigers,Hitter,Jake,Rog,R,R,1995-04-18,30,"5' 11""",71,201,Canyon,TX,USA,5.0,14.0,2.0,1.0,0.0,2.0,0.0,.071,.125,.143,.268,,,,,,,,,,
116,595879,Javier Báez,28,CF,Outfielder,Active,Detroit Tigers,Hitter,Javier,El Mago,R,R,1992-12-01,33,"5' 11""",71,190,Bayamon,,Puerto Rico,14.0,44.0,5.0,13.0,1.0,5.0,1.0,.295,.319,.455,.774,,,,,,,,,,
116,681481,Kerry Carpenter,30,RF,Outfielder,Active,Detroit Tigers,Hitter,Kerry,,L,R,1997-09-02,28,"6' 1""",73,220,Eustis,FL,USA,16.0,51.0,4.0,10.0,3.0,9.0,0.0,.196,.300,.392,.692,,,,,,,,,,
116,805808,Kevin McGonigle,7,SS,Infielder,Active,Detroit Tigers,Hitter,Kevin,,L,R,2004-08-18,21,"5' 9""",69,187,Media,PA,USA,19.0,65.0,12.0,20.0,1.0,8.0,1.0,.308,.416,.477,.893,,,,,,,,,,
116,663837,Matt Vierling,8,CF,Outfielder,Active,Detroit Tigers,Hitter,Matt,,R,R,1996-09-16,29,"6' 1""",73,205,St. Louis,MO,USA,13.0,23.0,1.0,4.0,1.0,3.0,0.0,.174,.200,.348,.548,,,,,,,,,,
116,682985,Riley Greene,31,LF,Outfielder,Active,Detroit Tigers,Hitter,Riley,,L,L,2000-09-28,25,"6' 2""",74,200,Orlando,FL,USA,19.0,66.0,11.0,15.0,1.0,10.0,1.0,.227,.320,.333,.653,,,,,,,,,,
116,679529,Spencer Torkelson,20,1B,Infielder,Active,Detroit Tigers,Hitter,Spencer,,R,R,1999-08-26,26,"6' 1""",73,220,Petaluma,CA,USA,18.0,51.0,5.0,10.0,0.0,5.0,0.0,.196,.369,.235,.604,,,,,,,,,,
116,672761,Wenceel Pérez,46,RF,Outfielder,Active,Detroit Tigers,Hitter,Wenceel,,S,R,1999-10-30,26,"5' 11""",71,203,Azua,,Dominican Republic,5.0,11.0,1.0,1.0,1.0,1.0,0.0,.091,.167,.364,.531,,,,,,,,,,
116,656716,Zach McKinstry,39,3B,Infielder,Active,Detroit Tigers,Hitter,Zach,,L,R,1995-04-29,30,"5' 11""",71,180,Toledo,OH,USA,14.0,43.0,2.0,9.0,1.0,5.0,0.0,.209,.261,.326,.587,,,,,,,,,,
116,676428,Brant Hurter,48,P,Pitcher,Active,Detroit Tigers,Pitcher,Brant,,L,L,1998-09-06,27,"6' 6""",78,250,Canton,GA,USA,7.0,0.0,0.0,0.0,0.0,0.0,0.0,.000,.000,.000,.000,6.0,0.0,6.0,1.0,0.0,3.00,1.33,4.0,3.0,0.0
116,663554,Casey Mize,12,P,Pitcher,Active,Detroit Tigers,Pitcher,Casey,,R,R,1997-05-01,28,"6' 3""",75,212,Springville,AL,USA,,,,,,,,,,,,3.0,3.0,16.0,1.0,1.0,3.94,1.44,18.0,6.0,0.0
116,657756,Connor Seabold,43,P,Pitcher,Active,Detroit Tigers,Pitcher,Connor,,R,R,1996-01-24,30,"6' 2""",74,190,Laguna Hills,CA,USA,,,,,,,,,,,,4.0,0.0,7.1,0.0,0.0,1.23,1.23,7.0,3.0,0.0
116,623454,Drew Anderson,38,P,Pitcher,Active,Detroit Tigers,Pitcher,Drew,,R,R,1994-03-22,32,"6' 3""",75,205,Reno,NV,USA,,,,,,,,,,,,5.0,0.0,9.2,0.0,0.0,4.66,1.34,9.0,6.0,1.0
116,646241,Enmanuel De Jesus,37,P,Pitcher,Active,Detroit Tigers,Pitcher,Enmanuel,,L,L,1996-12-10,29,"6' 3""",75,190,Valencia,,Venezuela,,,,,,,,,,,,4.0,0.0,5.2,1.0,0.0,6.35,1.94,7.0,4.0,0.0
116,664285,Framber Valdez,59,P,Pitcher,Active,Detroit Tigers,Pitcher,Framber,,R,L,1993-11-19,32,"5' 11""",71,230,Palenque,,Dominican Republic,,,,,,,,,,,,4.0,4.0,24.0,1.0,1.0,3.75,1.25,13.0,7.0,0.0
116,656427,Jack Flaherty,9,P,Pitcher,Active,Detroit Tigers,Pitcher,Jack,Flare,R,R,1995-10-15,30,"6' 4""",76,225,Burbank,CA,USA,,,,,,,,,,,,4.0,4.0,20.0,0.0,1.0,4.05,1.40,21.0,14.0,0.0
116,672456,Keider Montero,54,P,Pitcher,Active,Detroit Tigers,Pitcher,Keider,,R,R,2000-07-06,25,"6' 1""",73,145,Santa Teresa del Tuy,,Venezuela,,,,,,,,,,,,3.0,3.0,12.1,1.0,1.0,1.46,0.65,12.0,2.0,0.0
116,445276,Kenley Jansen,74,P,Pitcher,Active,Detroit Tigers,Pitcher,Kenley,Kenleyfornia,S,R,1987-09-30,38,"6' 5""",77,265,Willemstad,,Curacao,,,,,,,,,,,,6.0,0.0,4.2,0.0,0.0,1.93,0.86,7.0,1.0,4.0
116,640448,Kyle Finnegan,67,P,Pitcher,Active,Detroit Tigers,Pitcher,Kyle,,R,R,1991-09-04,34,"6' 2""",74,198,Detroit,MI,USA,,,,,,,,,,,,8.0,0.0,8.0,1.0,0.0,0.00,1.38,3.0,7.0,0.0
116,669373,Tarik Skubal,29,P,Pitcher,Active,Detroit Tigers,Pitcher,Tarik,,R,L,1996-11-20,29,"6' 3""",75,240,Hayward,CA,USA,,,,,,,,,,,,4.0,4.0,24.1,2.0,2.0,2.22,0.95,23.0,4.0,0.0
116,663947,Tyler Holton,87,P,Pitcher,Active,Detroit Tigers,Pitcher,Tyler,,L,L,1996-06-13,29,"6' 2""",74,200,Tallahassee,FL,USA,,,,,,,,,,,,7.0,0.0,7.0,0.0,0.0,0.00,1.14,5.0,4.0,0.0
116,676684,Will Vest,19,P,Pitcher,Active,Detroit Tigers,Pitcher,Will,,R,R,1995-06-06,30,"6' 0""",72,180,Houston,TX,USA,,,,,,,,,,,,8.0,0.0,6.2,1.0,2.0,6.75,1.35,9.0,3.0,0.0
117,694728,Brice Matthews,0,SS,Infielder,Active,Houston Astros,Hitter,Brice,,R,R,2002-03-16,24,"5' 10""",70,190,Houston,TX,USA,12.0,27.0,1.0,3.0,1.0,3.0,0.0,.111,.200,.259,.459,,,,,,,,,,
117,701358,Cam Smith,11,RF,Outfielder,Active,Houston Astros,Hitter,Cam,,R,R,2003-02-22,23,"6' 3""",75,224,Lake Worth,FL,USA,19.0,66.0,12.0,19.0,3.0,10.0,3.0,.288,.368,.500,.868,,,,,,,,,,
117,621043,Carlos Correa,1,SS,Infielder,Active,Houston Astros,Hitter,Carlos,I Am Groot,R,R,1994-09-22,31,"6' 3""",75,220,Ponce,,Puerto Rico,16.0,61.0,14.0,17.0,1.0,9.0,1.0,.279,.362,.377,.739,,,,,,,,,,
117,543877,Christian Vázquez,2,C,Catcher,Active,Houston Astros,Hitter,Christian,Colo,R,R,1990-08-21,35,"5' 8""",68,205,Bayamon,,Puerto Rico,8.0,27.0,4.0,10.0,1.0,9.0,0.0,.370,.393,.630,1.023,,,,,,,,,,
117,572233,Christian Walker,8,1B,Infielder,Active,Houston Astros,Hitter,Christian,C. Walk,R,R,1991-03-28,35,"5' 11""",71,208,Norristown,PA,USA,19.0,66.0,12.0,20.0,4.0,16.0,0.0,.303,.382,.576,.958,,,,,,,,,,
117,670623,Isaac Paredes,15,3B,Infielder,Active,Houston Astros,Hitter,Isaac,,R,R,1999-02-18,27,"5' 11""",71,213,Hermosillo,SO,Mexico,14.0,50.0,6.0,11.0,0.0,6.0,0.0,.220,.339,.300,.639,,,,,,,,,,
117,694388,Joey Loperfido,10,LF,Outfielder,Active,Houston Astros,Hitter,Joey,,L,R,1999-05-11,26,"6' 3""",75,220,Philadelphia,PA,USA,18.0,52.0,7.0,14.0,0.0,5.0,1.0,.269,.339,.365,.704,,,,,,,,,,
117,514888,Jose Altuve,27,LF,Outfielder,Active,Houston Astros,Hitter,Jose,Tuve,R,R,1990-05-06,35,"5' 6""",66,167,Maracay,,Venezuela,18.0,66.0,13.0,19.0,2.0,6.0,1.0,.288,.405,.455,.860,,,,,,,,,,
117,669397,Nick Allen,20,SS,Infielder,Active,Houston Astros,Hitter,Nick,,R,R,1998-10-08,27,"5' 7""",67,166,San Diego,CA,USA,12.0,19.0,5.0,5.0,0.0,0.0,0.0,.263,.333,.316,.649,,,,,,,,,,
117,694376,Shay Whitcomb,14,LF,Outfielder,Active,Houston Astros,Hitter,Shay,,R,R,1998-09-28,27,"6' 0""",72,202,Thousand Oaks,CA,USA,3.0,2.0,0.0,0.0,0.0,0.0,0.0,.000,.333,.000,.333,,,,,,,,,,
117,666211,Taylor Trammell,26,LF,Outfielder,Active,Houston Astros,Hitter,Taylor,,L,L,1997-09-13,28,"6' 1""",73,220,Powder Springs,GA,USA,5.0,13.0,2.0,4.0,0.0,3.0,0.0,.308,.400,.385,.785,,,,,,,,,,
117,673237,Yainer Diaz,21,C,Catcher,Active,Houston Astros,Hitter,Yainer,,R,R,1998-09-21,27,"5' 11""",71,195,Azua,,Dominican Republic,14.0,55.0,4.0,11.0,1.0,9.0,0.0,.200,.237,.273,.510,,,,,,,,,,
117,670541,Yordan Alvarez,44,LF,Outfielder,Active,Houston Astros,Hitter,Yordan,Yordan,L,R,1997-06-27,28,"6' 4""",76,237,Las Tunas,,Cuba,19.0,63.0,15.0,21.0,7.0,17.0,1.0,.333,.488,.762,1.250,,,,,,,,,,
117,805123,AJ Blubaugh,69,P,Pitcher,Active,Houston Astros,Pitcher,AJ,,R,R,2000-07-04,25,"6' 2""",74,190,Mansfield,OH,USA,,,,,,,,,,,,7.0,0.0,10.2,2.0,2.0,9.28,1.69,8.0,6.0,0.0
117,650556,Bryan Abreu,52,P,Pitcher,Active,Houston Astros,Pitcher,Bryan,,R,R,1997-04-22,28,"6' 1""",73,230,Santo Domingo Centro,,Dominican Republic,,,,,,,,,,,,8.0,0.0,6.1,0.0,2.0,12.79,3.00,12.0,12.0,1.0
117,687911,Bryan King,74,P,Pitcher,Active,Houston Astros,Pitcher,Bryan,,R,L,1996-11-05,29,"6' 1""",73,205,Littleton,CO,USA,,,,,,,,,,,,7.0,0.0,8.0,0.0,0.0,1.13,1.25,11.0,3.0,1.0
117,685005,Christian Roa,73,P,Pitcher,Active,Houston Astros,Pitcher,Christian,,R,R,1999-04-02,27,"6' 4""",76,220,Houston,TX,USA,,,,,,,,,,,,6.0,0.0,7.1,0.0,0.0,4.91,1.91,6.0,7.0,0.0
117,676467,Colton Gordon,61,P,Pitcher,Active,Houston Astros,Pitcher,Colton,,L,L,1998-12-20,27,"6' 4""",76,225,St. Petersburg,FL,USA,,,,,,,,,,,,1.0,1.0,3.2,0.0,0.0,9.82,2.18,5.0,0.0,0.0
117,660853,Enyel De Los Santos,65,P,Pitcher,Active,Houston Astros,Pitcher,Enyel,,R,R,1995-12-25,30,"6' 3""",75,235,San Pedro de Macoris,,Dominican Republic,,,,,,,,,,,,6.0,0.0,6.2,0.0,0.0,1.35,0.75,6.0,1.0,2.0
117,641585,J.P. France,68,P,Pitcher,Active,Houston Astros,Pitcher,J.P.,,R,R,1995-04-04,31,"6' 0""",72,198,New Orleans,LA,USA,,,,,,,,,,,,2.0,0.0,4.2,0.0,0.0,7.71,1.93,3.0,4.0,0.0
117,678906,Kai-Wei Teng,17,P,Pitcher,Active,Houston Astros,Pitcher,Kai-Wei,,R,R,1998-12-01,27,"6' 4""",76,241,Taichung,,Taiwan,,,,,,,,,,,,7.0,0.0,9.2,1.0,0.0,2.79,0.93,11.0,4.0,0.0
117,621121,Lance McCullers Jr.,43,P,Pitcher,Active,Houston Astros,Pitcher,Lance,Perdomo,L,R,1993-10-02,32,"6' 1""",73,200,Tampa,FL,USA,,,,,,,,,,,,3.0,3.0,15.1,1.0,0.0,5.87,1.30,17.0,6.0,0.0
117,681347,Mike Burrows,50,P,Pitcher,Active,Houston Astros,Pitcher,Mike,,R,R,1999-11-08,26,"6' 1""",73,200,Waterford,CT,USA,,,,,,,,,,,,4.0,4.0,22.0,1.0,3.0,6.55,1.82,18.0,7.0,0.0
117,680802,Ryan Weiss,51,P,Pitcher,Active,Houston Astros,Pitcher,Ryan,,R,R,1996-12-10,29,"6' 4""",76,210,South Elgin,IL,USA,,,,,,,,,,,,5.0,0.0,11.0,0.0,2.0,7.36,2.09,15.0,6.0,0.0
117,681293,Spencer Arrighetti,41,P,Pitcher,Active,Houston Astros,Pitcher,Spencer,,R,R,2000-01-02,26,"6' 2""",74,186,Albuquerque,NM,USA,,,,,,,,,,,,1.0,1.0,6.0,1.0,0.0,1.50,1.00,10.0,4.0,0.0
117,595345,Steven Okert,48,P,Pitcher,Active,Houston Astros,Pitcher,Steven,O,L,L,1991-07-09,34,"6' 2""",74,202,Riverside,CA,USA,,,,,,,,,,,,9.0,0.0,9.0,0.0,0.0,4.00,0.89,8.0,4.0,0.0
118,677951,Bobby Witt Jr.,7,SS,Infielder,Active,Kansas City Royals,Hitter,Bobby,,R,R,2000-06-14,25,"6' 1""",73,200,Colleyville,TX,USA,19.0,68.0,1.0,17.0,0.0,7.0,8.0,.250,.342,.294,.636,,,,,,,,,,
118,695600,Carter Jensen,22,C,Catcher,Active,Kansas City Royals,Hitter,Carter,,L,R,2003-07-03,22,"6' 0""",72,210,Kansas City,MO,USA,18.0,50.0,6.0,10.0,4.0,9.0,0.0,.200,.241,.460,.701,,,,,,,,,,
118,686555,Isaac Collins,1,LF,Outfielder,Active,Kansas City Royals,Hitter,Isaac,,S,R,1997-07-22,28,"5' 8""",68,188,Maple Grove,MN,USA,16.0,42.0,7.0,9.0,1.0,4.0,0.0,.214,.327,.310,.637,,,,,,,,,,
118,695506,Jac Caglianone,14,RF,Outfielder,Active,Kansas City Royals,Hitter,Jac,,L,L,2003-02-09,23,"6' 4""",76,250,Tampa,FL,USA,17.0,52.0,4.0,14.0,0.0,0.0,0.0,.269,.356,.385,.741,,,,,,,,,,
118,663697,Jonathan India,6,2B,Infielder,Active,Kansas City Royals,Hitter,Jonathan,,R,R,1996-12-15,29,"5' 10""",70,200,Ft. Lauderdale,FL,USA,15.0,43.0,7.0,7.0,2.0,8.0,0.0,.163,.321,.302,.623,,,,,,,,,,
118,664728,Kyle Isbel,28,CF,Outfielder,Active,Kansas City Royals,Hitter,Kyle,,L,R,1997-03-03,29,"5' 10""",70,190,Fontana,CA,USA,16.0,41.0,6.0,13.0,2.0,6.0,4.0,.317,.391,.488,.879,,,,,,,,,,
118,657041,Lane Thomas,15,CF,Outfielder,Active,Kansas City Royals,Hitter,Lane,Laner,R,R,1995-08-23,30,"5' 11""",71,195,Knoxville,TN,USA,14.0,30.0,2.0,5.0,0.0,1.0,2.0,.167,.306,.200,.506,,,,,,,,,,
118,672580,Maikel Garcia,11,3B,Infielder,Active,Kansas City Royals,Hitter,Maikel,,R,R,2000-03-03,26,"6' 1""",73,180,La Sabana,,Venezuela,19.0,71.0,10.0,19.0,2.0,8.0,1.0,.268,.338,.423,.761,,,,,,,,,,
118,686681,Michael Massey,19,2B,Infielder,Active,Kansas City Royals,Hitter,Michael,,L,R,1998-03-22,28,"6' 0""",72,195,Palos Park,IL,USA,8.0,12.0,1.0,2.0,0.0,0.0,0.0,.167,.231,.250,.481,,,,,,,,,,
118,521692,Salvador Perez,13,C,Catcher,Active,Kansas City Royals,Hitter,Salvador,El Nino,R,R,1990-05-10,35,"6' 2""",74,255,Valencia,,Venezuela,19.0,68.0,4.0,11.0,2.0,2.0,0.0,.162,.219,.279,.498,,,,,,,,,,
118,516782,Starling Marte,0,LF,Outfielder,Active,Kansas City Royals,Hitter,Starling,Tato,R,R,1988-10-09,37,"6' 0""",72,195,Santo Domingo,,Dominican Republic,6.0,19.0,1.0,4.0,0.0,0.0,0.0,.211,.211,.316,.527,,,,,,,,,,
118,686475,Tyler Tolbert,2,2B,Infielder,Active,Kansas City Royals,Hitter,Tyler,,R,R,1998-01-27,28,"5' 10""",70,185,Birmingham,AL,USA,7.0,4.0,0.0,0.0,0.0,0.0,1.0,.000,.000,.000,.000,1.0,0.0,0.2,0.0,0.0,0.00,1.50,0.0,0.0,0.0
118,686469,Vinnie Pasquantino,9,1B,Infielder,Active,Kansas City Royals,Hitter,Vinnie,,L,L,1997-10-10,28,"6' 3""",75,245,Richmond,VA,USA,19.0,67.0,4.0,10.0,0.0,7.0,0.0,.149,.244,.194,.438,,,,,,,,,,
118,656638,Alex Lange,56,P,Pitcher,Active,Kansas City Royals,Pitcher,Alex,,R,R,1995-10-02,30,"6' 3""",75,202,Riverside,CA,USA,,,,,,,,,,,,5.0,0.0,6.2,0.0,0.0,4.05,1.50,10.0,5.0,0.0
118,666142,Cole Ragans,55,P,Pitcher,Active,Kansas City Royals,Pitcher,Cole,,L,L,1997-12-12,28,"6' 4""",76,190,Crawfordville,FL,USA,,,,,,,,,,,,4.0,4.0,16.2,0.0,3.0,3.78,1.38,16.0,10.0,0.0
118,663738,Daniel Lynch IV,41,P,Pitcher,Active,Kansas City Royals,Pitcher,Daniel,,L,L,1996-11-17,29,"6' 6""",78,200,Richmond,VA,USA,,,,,,,,,,,,6.0,0.0,6.2,0.0,0.0,1.35,0.75,9.0,3.0,0.0
118,669212,Eli Morgan,34,P,Pitcher,Active,Kansas City Royals,Pitcher,Eli,,R,R,1996-05-13,29,"5' 10""",70,190,Rancho Palos Verdes,CA,USA,,,,,,,,,,,,3.0,0.0,6.0,0.0,1.0,1.50,1.17,7.0,3.0,1.0
118,670167,John Schreiber,46,P,Pitcher,Active,Kansas City Royals,Pitcher,John,,R,R,1994-03-05,32,"6' 2""",74,224,Wyandotte,MI,USA,,,,,,,,,,,,7.0,0.0,6.0,0.0,2.0,6.00,2.00,3.0,6.0,1.0
118,663460,Kris Bubic,50,P,Pitcher,Active,Kansas City Royals,Pitcher,Kris,,L,L,1997-08-19,28,"6' 3""",75,220,Cupertino,CA,USA,,,,,,,,,,,,4.0,4.0,19.1,2.0,1.0,2.33,0.83,23.0,8.0,0.0
118,668674,Lucas Erceg,60,P,Pitcher,Active,Kansas City Royals,Pitcher,Lucas,,L,R,1995-05-01,30,"6' 2""",74,214,San Jose,CA,USA,,,,,,,,,,,,7.0,0.0,6.2,0.0,0.0,2.70,1.05,4.0,2.0,5.0
118,621381,Matt Strahm,25,P,Pitcher,Active,Kansas City Royals,Pitcher,Matt,Strahmy,R,L,1991-11-12,34,"6' 2""",74,190,West Fargo,ND,USA,,,,,,,,,,,,7.0,0.0,6.2,0.0,0.0,4.05,1.20,6.0,3.0,0.0
118,608379,Michael Wacha,52,P,Pitcher,Active,Kansas City Royals,Pitcher,Michael,Wachamole,R,R,1991-07-01,34,"6' 6""",78,215,Iowa City,IA,USA,,,,,,,,,,,,3.0,3.0,21.0,2.0,0.0,0.43,0.71,17.0,5.0,0.0
118,687765,Mitch Spence,54,P,Pitcher,Active,Kansas City Royals,Pitcher,Mitch,,R,R,1998-05-06,27,"6' 1""",73,185,Kirkland,WA,USA,,,,,,,,,,,,,,,,,,,,,
118,683232,Nick Mears,31,P,Pitcher,Active,Kansas City Royals,Pitcher,Nick,,R,R,1996-10-07,29,"6' 3""",75,217,Sacramento,CA,USA,,,,,,,,,,,,7.0,0.0,6.2,1.0,1.0,2.70,1.20,6.0,4.0,0.0
118,702070,Noah Cameron,65,P,Pitcher,Active,Kansas City Royals,Pitcher,Noah,,L,L,1999-07-17,26,"6' 3""",75,220,St. Joseph,MO,USA,,,,,,,,,,,,3.0,3.0,16.0,1.0,0.0,3.94,1.25,14.0,4.0,0.0
118,607625,Seth Lugo,67,P,Pitcher,Active,Kansas City Royals,Pitcher,Seth,Quarterrican,R,R,1989-11-17,36,"6' 4""",76,225,Shreveport,LA,USA,,,,,,,,,,,,4.0,4.0,24.1,1.0,1.0,1.48,0.99,21.0,6.0,0.0
119,669743,Alex Call,12,RF,Outfielder,Active,Los Angeles Dodgers,Hitter,Alex,,R,R,1994-09-27,31,"5' 11""",71,189,Burnsville,MN,USA,5.0,12.0,4.0,5.0,0.0,1.0,0.0,.417,.563,.583,1.146,,,,,,,,,,
119,690976,Alex Freeland,76,2B,Infielder,Active,Los Angeles Dodgers,Hitter,Alex,,S,R,2001-08-24,24,"5' 11""",71,200,Louisville,KY,USA,15.0,46.0,5.0,9.0,1.0,2.0,0.0,.196,.260,.304,.564,,,,,,,,,,
119,681624,Andy Pages,44,CF,Outfielder,Active,Los Angeles Dodgers,Hitter,Andy,,R,R,2000-12-08,25,"6' 1""",73,212,Havana,,Cuba,18.0,66.0,10.0,27.0,5.0,20.0,3.0,.409,.451,.697,1.148,,,,,,,,,,
119,687221,Dalton Rushing,68,C,Catcher,Active,Los Angeles Dodgers,Hitter,Dalton,,L,R,2001-02-21,25,"6' 0""",72,220,Memphis,TN,USA,5.0,17.0,7.0,9.0,4.0,8.0,0.0,.529,.556,1.353,1.909,,,,,,,,,,
119,518692,Freddie Freeman,5,1B,Infielder,Active,Los Angeles Dodgers,Hitter,Freddie,Phillip,L,R,1989-09-12,36,"6' 4""",76,220,Villa Park,CA,USA,18.0,74.0,8.0,20.0,3.0,14.0,0.0,.270,.325,.473,.798,,,,,,,,,,
119,808975,Hyeseong Kim,6,2B,Infielder,Active,Los Angeles Dodgers,Hitter,Hyeseong,,L,R,1999-01-27,27,"5' 10""",70,175,Goyang,,Republic of Korea,8.0,18.0,4.0,5.0,1.0,3.0,1.0,.278,.391,.500,.891,,,,,,,,,,
119,663656,Kyle Tucker,23,RF,Outfielder,Active,Los Angeles Dodgers,Hitter,Kyle,,L,R,1997-01-17,29,"6' 3""",75,212,Tampa,FL,USA,18.0,67.0,14.0,16.0,2.0,11.0,3.0,.239,.350,.343,.693,,,,,,,,,,
119,571970,Max Muncy,13,3B,Infielder,Active,Los Angeles Dodgers,Hitter,Max,Funky Muncy,L,R,1990-08-25,35,"5' 10""",70,215,Midland,TX,USA,17.0,59.0,12.0,13.0,4.0,4.0,0.0,.220,.313,.424,.737,,,,,,,,,,
119,500743,Miguel Rojas,72,2B,Infielder,Active,Los Angeles Dodgers,Hitter,Miguel,Miggy Ro,R,R,1989-02-24,37,"5' 10""",70,188,Los Teques,,Venezuela,12.0,28.0,3.0,10.0,0.0,1.0,0.0,.357,.406,.429,.835,1.0,0.0,1.0,0.0,0.0,9.00,2.00,0.0,1.0,0.0
119,669289,Santiago Espinal,21,3B,Infielder,Active,Los Angeles Dodgers,Hitter,Santiago,,R,R,1994-11-13,31,"5' 9""",69,185,Santiago,,Dominican Republic,7.0,13.0,1.0,2.0,0.0,2.0,0.0,.154,.154,.231,.385,,,,,,,,,,
119,606192,Teoscar Hernández,37,RF,Outfielder,Active,Los Angeles Dodgers,Hitter,Teoscar,Mr. Seeds,R,R,1992-10-15,33,"6' 0""",72,215,Cotui,,Dominican Republic,16.0,58.0,12.0,18.0,4.0,12.0,1.0,.310,.349,.569,.918,,,,,,,,,,
119,669257,Will Smith,16,C,Catcher,Active,Los Angeles Dodgers,Hitter,Will,Smitty,R,R,1995-03-28,31,"5' 10""",70,195,Louisville,KY,USA,17.0,56.0,8.0,16.0,2.0,8.0,0.0,.286,.375,.411,.786,,,,,,,,,,
119,681911,Alex Vesia,51,P,Pitcher,Active,Los Angeles Dodgers,Pitcher,Alex,,L,L,1996-04-11,30,"6' 1""",73,209,Alpine,CA,USA,,,,,,,,,,,,8.0,0.0,7.1,0.0,0.0,0.00,0.68,9.0,3.0,2.0
119,595014,Blake Treinen,49,P,Pitcher,Active,Los Angeles Dodgers,Pitcher,Blake,Train,R,R,1988-06-30,37,"6' 5""",77,225,Wichita,KS,USA,,,,,,,,,,,,8.0,0.0,6.2,1.0,0.0,0.00,0.90,6.0,3.0,0.0
119,683618,Edgardo Henriquez,60,P,Pitcher,Active,Los Angeles Dodgers,Pitcher,Edgardo,,R,R,2002-06-24,23,"6' 4""",76,200,Cumana,,Venezuela,,,,,,,,,,,,5.0,0.0,5.0,1.0,0.0,5.40,1.60,4.0,3.0,0.0
119,621242,Edwin Díaz,3,P,Pitcher,Active,Los Angeles Dodgers,Pitcher,Edwin,Sugar,R,R,1994-03-22,32,"6' 3""",75,165,Naguabo,,Puerto Rico,,,,,,,,,,,,6.0,0.0,6.0,1.0,0.0,6.00,1.67,10.0,4.0,4.0
119,686218,Emmet Sheehan,80,P,Pitcher,Active,Los Angeles Dodgers,Pitcher,Emmet,,R,R,1999-11-15,26,"6' 5""",77,220,New York,NY,USA,,,,,,,,,,,,3.0,3.0,15.0,2.0,0.0,6.60,1.47,14.0,6.0,0.0
119,676263,Jack Dreyer,86,P,Pitcher,Active,Los Angeles Dodgers,Pitcher,Jack,,R,L,1999-02-27,27,"6' 2""",74,205,Salt Lake City,UT,USA,,,,,,,,,,,,7.0,0.0,6.1,1.0,0.0,2.84,1.11,7.0,3.0,0.0
119,680736,Justin Wrobleski,70,P,Pitcher,Active,Los Angeles Dodgers,Pitcher,Justin,,L,L,2000-07-14,25,"6' 1""",73,194,Hoffman Estates,IL,USA,,,,,,,,,,,,3.0,2.0,17.0,2.0,0.0,2.12,0.76,6.0,5.0,0.0
119,669165,Kyle Hurt,63,P,Pitcher,Active,Los Angeles Dodgers,Pitcher,Kyle,,R,R,1998-05-30,27,"6' 3""",75,240,Rancho Santa Fe,CA,USA,,,,,,,,,,,,1.0,0.0,1.0,0.0,0.0,9.00,2.00,3.0,0.0,0.0
119,808963,Roki Sasaki,11,P,Pitcher,Active,Los Angeles Dodgers,Pitcher,Roki,,R,R,2001-11-03,24,"6' 2""",74,187,Rikuzentakata,,Japan,,,,,,,,,,,,3.0,3.0,13.0,0.0,2.0,6.23,1.85,15.0,10.0,0.0
119,656945,Tanner Scott,66,P,Pitcher,Active,Los Angeles Dodgers,Pitcher,Tanner,Scottie,R,L,1994-07-22,31,"6' 0""",72,235,Warren,OH,USA,,,,,,,,,,,,10.0,0.0,8.2,0.0,0.0,1.04,0.58,8.0,0.0,0.0
119,607192,Tyler Glasnow,31,P,Pitcher,Active,Los Angeles Dodgers,Pitcher,Tyler,Baby Giraffe,L,R,1993-08-23,32,"6' 8""",80,225,Newhall,CA,USA,,,,,,,,,,,,3.0,3.0,18.0,1.0,0.0,4.00,0.94,22.0,4.0,0.0
119,694361,Will Klein,61,P,Pitcher,Active,Los Angeles Dodgers,Pitcher,Will,,R,R,1999-11-28,26,"6' 5""",77,230,Bloomington,IN,USA,,,,,,,,,,,,5.0,0.0,7.2,1.0,0.0,1.17,1.17,9.0,3.0,0.0
119,808967,Yoshinobu Yamamoto,18,P,Pitcher,Active,Los Angeles Dodgers,Pitcher,Yoshinobu,,R,R,1998-08-17,27,"5' 10""",70,176,Bizen,,Japan,,,,,,,,,,,,4.0,4.0,25.2,2.0,1.0,2.10,0.82,21.0,3.0,0.0
119,660271,Shohei Ohtani,17,TWP,Two-Way Player,Active,Los Angeles Dodgers,Two-Way,Shohei,Showtime,L,R,1994-07-05,31,"6' 4""",76,210,Oshu,,Japan,18.0,63.0,10.0,16.0,5.0,10.0,0.0,.254,.402,.508,.910,3.0,3.0,18.0,2.0,0.0,0.50,0.72,18.0,6.0,0.0
120,691781,Brady House,12,3B,Infielder,Active,Washington Nationals,Hitter,Brady,,R,R,2003-06-04,22,"6' 4""",76,208,Winder,GA,USA,18.0,67.0,8.0,17.0,2.0,7.0,0.0,.254,.306,.403,.709,,,,,,,,,,
120,682928,CJ Abrams,5,SS,Infielder,Active,Washington Nationals,Hitter,CJ,,L,R,2000-10-03,25,"6' 0""",72,191,Alpharetta,GA,USA,18.0,62.0,12.0,23.0,6.0,19.0,4.0,.371,.467,.710,1.177,,,,,,,,,,
120,678554,Curtis Mead,45,1B,Infielder,Active,Washington Nationals,Hitter,Curtis,,R,R,2000-10-26,25,"6' 1""",73,225,Adelaide,,Australia,12.0,33.0,4.0,8.0,1.0,5.0,2.0,.242,.324,.424,.748,,,,,,,,,,
120,695734,Daylen Lile,4,RF,Outfielder,Active,Washington Nationals,Hitter,Daylen,,L,R,2002-11-30,23,"5' 11""",71,195,Louisville,KY,USA,19.0,81.0,10.0,21.0,0.0,6.0,1.0,.259,.294,.309,.603,,,,,,,,,,
120,686452,Drew Millas,14,C,Catcher,Active,Washington Nationals,Hitter,Drew,,S,R,1998-01-15,28,"6' 0""",72,204,St. Louis,MO,USA,14.0,29.0,2.0,6.0,0.0,4.0,0.0,.207,.303,.276,.579,,,,,,,,,,
120,696285,Jacob Young,30,CF,Outfielder,Active,Washington Nationals,Hitter,Jacob,,R,R,1999-07-27,26,"5' 11""",71,192,Ponte Vedra,FL,USA,17.0,52.0,8.0,13.0,2.0,7.0,1.0,.250,.278,.442,.720,,,,,,,,,,
120,695578,James Wood,29,LF,Outfielder,Active,Washington Nationals,Hitter,James,,L,R,2002-09-17,23,"6' 6""",78,234,Rockville,MD,USA,19.0,76.0,15.0,19.0,5.0,14.0,3.0,.250,.374,.526,.900,,,,,,,,,,
120,686894,Joey Wiemer,21,LF,Outfielder,Active,Washington Nationals,Hitter,Joey,,R,R,1999-02-11,27,"6' 4""",76,226,Sylvania,OH,USA,13.0,36.0,9.0,12.0,2.0,4.0,0.0,.333,.429,.556,.985,1.0,0.0,1.0,0.0,0.0,9.00,3.00,0.0,1.0,0.0
120,678391,Jorbit Vivas,84,2B,Infielder,Active,Washington Nationals,Hitter,Jorbit,,L,R,2001-03-09,25,"5' 9""",69,171,Puerto Cabello,,Venezuela,15.0,35.0,8.0,12.0,0.0,2.0,0.0,.343,.455,.371,.826,,,,,,,,,,
120,677588,José Tena,8,3B,Infielder,Active,Washington Nationals,Hitter,José,,L,R,2001-03-20,25,"5' 10""",70,195,San Cristobal,,Dominican Republic,13.0,27.0,6.0,8.0,0.0,4.0,0.0,.296,.345,.296,.641,,,,,,,,,,
120,660688,Keibert Ruiz,20,C,Catcher,Active,Washington Nationals,Hitter,Keibert,,S,R,1998-07-20,27,"5' 11""",71,238,Valencia,,Venezuela,13.0,33.0,3.0,6.0,1.0,8.0,0.0,.182,.200,.333,.533,,,,,,,,,,
120,671277,Luis García Jr.,2,2B,Infielder,Active,Washington Nationals,Hitter,Luis,,L,R,2000-05-16,25,"6' 1""",73,216,New York,NY,USA,18.0,60.0,9.0,14.0,1.0,10.0,1.0,.233,.270,.367,.637,,,,,,,,,,
120,683083,Nasim Nuñez,26,SS,Infielder,Active,Washington Nationals,Hitter,Nasim,,S,R,2000-08-18,25,"5' 8""",68,165,Bronx,NY,USA,17.0,54.0,9.0,11.0,0.0,5.0,7.0,.204,.295,.222,.517,,,,,,,,,,
120,695418,Brad Lord,41,P,Pitcher,Active,Washington Nationals,Pitcher,Brad,,R,R,2000-02-14,26,"6' 3""",75,210,Tallahassee,FL,USA,,,,,,,,,,,,7.0,0.0,15.2,1.0,0.0,4.60,1.21,12.0,4.0,0.0
120,676917,Cade Cavalli,24,P,Pitcher,Active,Washington Nationals,Pitcher,Cade,,R,R,1998-08-14,27,"6' 4""",76,223,Tulsa,OK,USA,,,,,,,,,,,,4.0,4.0,15.2,0.0,1.0,4.60,1.72,13.0,12.0,0.0
120,672335,Cionel Pérez,51,P,Pitcher,Active,Washington Nationals,Pitcher,Cionel,,R,L,1996-04-21,29,"6' 0""",72,175,Matanzas,,Cuba,,,,,,,,,,,,9.0,0.0,7.2,1.0,1.0,8.22,1.83,5.0,5.0,0.0
120,690925,Clayton Beeter,39,P,Pitcher,Active,Washington Nationals,Pitcher,Clayton,,R,R,1998-10-09,27,"6' 2""",74,220,Fort Worth,TX,USA,,,,,,,,,,,,8.0,0.0,8.1,0.0,0.0,3.24,1.08,6.0,6.0,2.0
120,656492,Foster Griffin,22,P,Pitcher,Active,Washington Nationals,Pitcher,Foster,,R,L,1995-07-27,30,"6' 3""",75,225,Orlando,FL,USA,,,,,,,,,,,,4.0,4.0,20.2,2.0,0.0,3.05,1.26,19.0,7.0,0.0
120,681402,Gus Varland,47,P,Pitcher,Active,Washington Nationals,Pitcher,Gus,,L,R,1996-11-06,29,"6' 1""",73,225,Maplewood,MN,USA,,,,,,,,,,,,6.0,0.0,6.0,0.0,0.0,4.50,1.50,7.0,3.0,2.0
120,663623,Jake Irvin,27,P,Pitcher,Active,Washington Nationals,Pitcher,Jake,,R,R,1997-02-18,29,"6' 6""",78,234,Bloomington,MN,USA,,,,,,,,,,,,4.0,4.0,19.0,1.0,2.0,6.16,1.47,21.0,11.0,0.0
120,571945,Miles Mikolas,36,P,Pitcher,Active,Washington Nationals,Pitcher,Miles,5280's,R,R,1988-08-23,37,"6' 4""",76,230,Jupiter,FL,USA,,,,,,,,,,,,4.0,3.0,15.2,0.0,3.0,11.49,2.17,11.0,9.0,0.0
120,680730,Mitchell Parker,70,P,Pitcher,Active,Washington Nationals,Pitcher,Mitchell,,L,L,1999-09-27,26,"6' 4""",76,239,Albuquerque,NM,USA,,,,,,,,,,,,1.0,0.0,2.0,1.0,0.0,0.00,1.00,5.0,0.0,0.0
120,687377,Orlando Ribalta,64,P,Pitcher,Active,Washington Nationals,Pitcher,Orlando,,R,R,1998-03-05,28,"6' 7""",79,245,Santa Clara,,Cuba,,,,,,,,,,,,1.0,0.0,1.0,0.0,0.0,0.00,0.00,0.0,0.0,0.0
120,676571,PJ Poulin,50,P,Pitcher,Active,Washington Nationals,Pitcher,PJ,,R,L,1996-07-25,29,"6' 1""",73,195,Marion,MA,USA,,,,,,,,,,,,11.0,2.0,10.1,2.0,0.0,4.35,1.65,7.0,7.0,0.0
120,687606,Paxton Schultz,75,P,Pitcher,Active,Washington Nationals,Pitcher,Paxton,,L,R,1998-01-05,28,"6' 3""",75,205,Orem,UT,USA,,,,,,,,,,,,4.0,0.0,5.0,0.0,0.0,5.40,1.40,6.0,1.0,0.0
120,641793,Zack Littell,18,P,Pitcher,Active,Washington Nationals,Pitcher,Zack,Lit,R,R,1995-10-05,30,"6' 4""",76,250,Burlington,NC,USA,,,,,,,,,,,,3.0,2.0,15.0,0.0,1.0,4.20,1.40,10.0,5.0,0.0
121,666182,Bo Bichette,19,SS,Infielder,Active,New York Mets,Hitter,Bo,,R,R,1998-03-05,28,"5' 11""",71,190,Orlando,FL,USA,19.0,79.0,7.0,18.0,1.0,9.0,0.0,.228,.271,.304,.575,,,,,,,,,,
121,683146,Brett Baty,7,3B,Infielder,Active,New York Mets,Hitter,Brett,,L,R,1999-11-13,26,"6' 3""",75,210,Austin,TX,USA,16.0,59.0,6.0,12.0,0.0,7.0,2.0,.203,.197,.288,.485,,,,,,,,,,
121,701807,Carson Benge,3,OF,Outfielder,Active,New York Mets,Hitter,Carson,,L,R,2003-01-20,23,"6' 1""",73,184,Oklahoma City,OK,USA,16.0,53.0,5.0,8.0,1.0,3.0,5.0,.151,.237,.226,.463,,,,,,,,,,
121,682626,Francisco Alvarez,4,C,Catcher,Active,New York Mets,Hitter,Francisco,,R,R,2001-11-19,24,"5' 10""",70,233,Guatire,,Venezuela,17.0,48.0,7.0,13.0,4.0,4.0,0.0,.271,.386,.542,.928,,,,,,,,,,
121,596019,Francisco Lindor,12,SS,Infielder,Active,New York Mets,Hitter,Francisco,Mr. Smile,S,R,1993-11-14,32,"5' 10""",70,190,Caguas,,Puerto Rico,19.0,76.0,11.0,14.0,1.0,1.0,2.0,.184,.287,.289,.576,,,,,,,,,,
121,593871,Jorge Polanco,11,2B,Infielder,Active,New York Mets,Hitter,Jorge,Chulo,S,R,1993-07-05,32,"6' 0""",72,208,San Pedro de Macoris,,Dominican Republic,14.0,56.0,3.0,10.0,1.0,2.0,0.0,.179,.246,.286,.532,,,,,,,,,,
121,673357,Luis Robert Jr.,88,CF,Outfielder,Active,New York Mets,Hitter,Luis,,R,R,1997-08-03,28,"6' 2""",74,225,Ciego de Avila,,Cuba,17.0,58.0,9.0,14.0,2.0,7.0,2.0,.241,.371,.345,.716,,,,,,,,,,
121,620443,Luis Torrens,13,C,Catcher,Active,New York Mets,Hitter,Luis,Churro,R,R,1996-05-02,29,"5' 11""",71,217,Valencia,,Venezuela,7.0,19.0,2.0,5.0,0.0,4.0,0.0,.263,.263,.316,.579,,,,,,,,,,
121,669004,MJ Melendez,1,LF,Outfielder,Active,New York Mets,Hitter,MJ,,L,R,1998-11-29,27,"6' 0""",72,190,Daytona Beach,FL,USA,1.0,4.0,0.0,2.0,0.0,1.0,0.0,.500,.500,1.000,1.500,,,,,,,,,,
121,543760,Marcus Semien,10,2B,Infielder,Active,New York Mets,Hitter,Marcus,Simmy,R,R,1990-09-17,35,"6' 0""",72,195,San Francisco,CA,USA,19.0,67.0,2.0,13.0,1.0,7.0,0.0,.194,.257,.269,.526,,,,,,,,,,
121,668901,Mark Vientos,27,3B,Infielder,Active,New York Mets,Hitter,Mark,,R,R,1999-12-11,26,"6' 3""",75,185,Norwalk,CT,USA,14.0,44.0,5.0,10.0,1.0,5.0,0.0,.227,.255,.341,.596,,,,,,,,,,
121,502054,Tommy Pham,39,LF,Outfielder,Active,New York Mets,Hitter,Tommy,Phamtastic,R,R,1988-03-08,38,"6' 1""",73,225,Las Vegas,NV,USA,2.0,6.0,0.0,0.0,0.0,0.0,0.0,.000,.000,.000,.000,,,,,,,,,,
121,621438,Tyrone Taylor,28,CF,Outfielder,Active,New York Mets,Hitter,Tyrone,,R,R,1994-01-22,32,"6' 0""",72,218,Torrance,CA,USA,11.0,22.0,3.0,4.0,1.0,4.0,0.0,.182,.217,.364,.581,,,,,,,,,,
121,681810,Austin Warren,44,P,Pitcher,Active,New York Mets,Pitcher,Austin,,R,R,1996-02-05,30,"6' 0""",72,170,Fayetteville,NC,USA,,,,,,,,,,,,1.0,0.0,0.2,0.0,0.0,13.50,3.00,1.0,0.0,0.0
121,548384,Brooks Raley,25,P,Pitcher,Active,New York Mets,Pitcher,Brooks,,L,L,1988-06-29,37,"6' 3""",75,200,San Antonio,TX,USA,,,,,,,,,,,,7.0,0.0,6.2,0.0,1.0,1.35,0.90,9.0,3.0,0.0
121,605280,Clay Holmes,35,P,Pitcher,Active,New York Mets,Pitcher,Clay,,R,R,1993-03-27,33,"6' 5""",77,245,Dothan,AL,USA,,,,,,,,,,,,4.0,4.0,23.0,2.0,2.0,1.96,1.09,16.0,9.0,0.0
121,518886,Craig Kimbrel,46,P,Pitcher,Active,New York Mets,Pitcher,Craig,Dirty Craig,R,R,1988-05-28,37,"6' 0""",72,215,Huntsville,AL,USA,,,,,,,,,,,,2.0,0.0,2.0,0.0,0.0,0.00,1.00,2.0,0.0,0.0
121,656849,David Peterson,23,P,Pitcher,Active,New York Mets,Pitcher,David,,L,L,1995-09-03,30,"6' 6""",78,240,Denver,CO,USA,,,,,,,,,,,,4.0,4.0,19.2,0.0,3.0,6.41,1.83,21.0,10.0,0.0
121,642207,Devin Williams,38,P,Pitcher,Active,New York Mets,Pitcher,Devin,Dave,R,R,1994-09-21,31,"6' 2""",74,193,St. Louis,MO,USA,6.0,0.0,0.0,0.0,0.0,0.0,0.0,.000,.000,.000,.000,6.0,0.0,5.1,0.0,0.0,6.75,2.06,8.0,3.0,2.0
121,642547,Freddy Peralta,51,P,Pitcher,Active,New York Mets,Pitcher,Freddy,Kacike,R,R,1996-06-04,29,"6' 0""",72,198,Moca,,Dominican Republic,,,,,,,,,,,,4.0,4.0,21.0,1.0,1.0,3.86,1.14,25.0,8.0,0.0
121,623211,Huascar Brazobán,43,P,Pitcher,Active,New York Mets,Pitcher,Huascar,,R,R,1989-10-15,36,"6' 3""",75,155,Villa Mella,,Dominican Republic,,,,,,,,,,,,7.0,0.0,8.1,1.0,0.0,0.00,0.72,6.0,0.0,0.0
121,673540,Kodai Senga,34,P,Pitcher,Active,New York Mets,Pitcher,Kodai,,L,R,1993-01-30,33,"6' 1""",73,202,Gamagori,,Japan,,,,,,,,,,,,3.0,3.0,14.0,0.0,2.0,7.07,1.71,19.0,7.0,0.0
121,596133,Luke Weaver,30,P,Pitcher,Active,New York Mets,Pitcher,Luke,Dream,R,R,1993-08-21,32,"6' 2""",74,180,DeLand,FL,USA,7.0,0.0,0.0,0.0,0.0,0.0,0.0,.000,.000,.000,.000,7.0,0.0,6.2,1.0,0.0,8.10,1.35,4.0,3.0,0.0
121,690997,Nolan McLean,26,P,Pitcher,Active,New York Mets,Pitcher,Nolan,,R,R,2001-07-24,24,"6' 2""",74,214,Willow Spring,NC,USA,,,,,,,,,,,,4.0,4.0,23.2,1.0,1.0,2.28,0.76,28.0,8.0,0.0
121,640455,Sean Manaea,59,P,Pitcher,Active,New York Mets,Pitcher,Sean,The Manaealator,R,L,1992-02-01,34,"6' 5""",77,245,Valparaiso,IN,USA,,,,,,,,,,,,4.0,0.0,12.0,0.0,0.0,2.25,1.33,10.0,6.0,0.0
121,668964,Tobias Myers,32,P,Pitcher,Active,New York Mets,Pitcher,Tobias,,R,R,1998-08-05,27,"6' 1""",73,223,Winter Haven,FL,USA,,,,,,,,,,,,6.0,0.0,13.0,0.0,1.0,3.46,0.77,9.0,1.0,0.0
133,628451,Andy Ibáñez,77,3B,Infielder,Active,Athletics,Hitter,Andy,,R,R,1993-04-03,33,"5' 10""",70,205,Havana,,Cuba,8.0,13.0,1.0,2.0,0.0,2.0,0.0,.154,.214,.154,.368,,,,,,,,,,
133,642851,Austin Wynns,29,C,Catcher,Active,Athletics,Hitter,Austin,Winnie,R,R,1990-12-10,35,"6' 1""",73,190,San Diego,CA,USA,6.0,12.0,0.0,2.0,0.0,0.0,0.0,.167,.231,.167,.398,,,,,,,,,,
133,666126,Carlos Cortes,26,LF,Outfielder,Active,Athletics,Hitter,Carlos,,L,S,1997-06-30,28,"5' 7""",67,197,Orlando,FL,USA,12.0,27.0,4.0,7.0,1.0,5.0,0.0,.259,.375,.444,.819,,,,,,,,,,
133,687231,Darell Hernaiz,2,3B,Infielder,Active,Athletics,Hitter,Darell,,R,R,2001-08-03,24,"5' 11""",71,190,San Juan,,Puerto Rico,10.0,16.0,0.0,3.0,0.0,0.0,1.0,.188,.235,.188,.423,,,,,,,,,,
133,672016,Denzel Clarke,1,CF,Outfielder,Active,Athletics,Hitter,Denzel,,R,R,2000-05-01,25,"6' 3""",75,220,Toronto,ON,Canada,17.0,46.0,4.0,8.0,0.0,6.0,1.0,.174,.224,.196,.420,,,,,,,,,,
133,805779,Jacob Wilson,5,SS,Infielder,Active,Athletics,Hitter,Jacob,,R,R,2002-03-30,24,"6' 2""",74,190,Los Angeles,CA,USA,17.0,71.0,6.0,18.0,1.0,7.0,0.0,.254,.264,.338,.602,,,,,,,,,,
133,643446,Jeff McNeil,22,2B,Infielder,Active,Athletics,Hitter,Jeff,Flying Squirrel,L,R,1992-04-08,34,"6' 0""",72,195,Santa Barbara,CA,USA,17.0,54.0,5.0,15.0,0.0,3.0,1.0,.278,.350,.333,.683,,,,,,,,,,
133,671732,Lawrence Butler,4,RF,Outfielder,Active,Athletics,Hitter,Lawrence,,L,R,2000-07-10,25,"6' 3""",75,210,Burlington,NJ,USA,17.0,55.0,7.0,10.0,2.0,6.0,1.0,.182,.250,.309,.559,,,,,,,,,,
133,691777,Max Muncy,3,3B,Infielder,Active,Athletics,Hitter,Max,,R,R,2002-08-25,23,"6' 0""",72,180,Camarillo,CA,USA,18.0,66.0,13.0,19.0,2.0,5.0,2.0,.288,.338,.485,.823,,,,,,,,,,
133,701762,Nick Kurtz,16,1B,Infielder,Active,Athletics,Hitter,Nick,,L,L,2003-03-12,23,"6' 5""",77,240,Lancaster,PA,USA,17.0,59.0,8.0,11.0,1.0,3.0,2.0,.186,.368,.271,.639,,,,,,,,,,
133,669127,Shea Langeliers,23,C,Catcher,Active,Athletics,Hitter,Shea,,R,R,1997-11-18,28,"5' 11""",71,205,Portland,OR,USA,17.0,69.0,11.0,21.0,6.0,12.0,0.0,.304,.351,.609,.960,,,,,,,,,,
133,691016,Tyler Soderstrom,21,LF,Outfielder,Active,Athletics,Hitter,Tyler,,L,R,2001-11-24,24,"6' 2""",74,200,Turlock,CA,USA,18.0,66.0,8.0,14.0,2.0,14.0,1.0,.212,.316,.394,.710,,,,,,,,,,
133,680869,Zack Gelof,20,2B,Infielder,Active,Athletics,Hitter,Zack,,R,R,1999-10-19,26,"6' 2""",74,205,Rehoboth Beach,DE,USA,3.0,3.0,1.0,0.0,0.0,0.0,0.0,.000,.000,.000,.000,,,,,,,,,,
133,650644,Aaron Civale,45,P,Pitcher,Active,Athletics,Pitcher,Aaron,,R,R,1995-06-12,30,"6' 1""",73,245,East Windsor,CT,USA,,,,,,,,,,,,3.0,3.0,15.2,2.0,0.0,1.72,0.96,12.0,5.0,0.0
133,665660,Elvis Alvarado,37,P,Pitcher,Active,Athletics,Pitcher,Elvis,,R,R,1999-02-23,27,"6' 6""",78,253,Sabaneta,,Dominican Republic,,,,,,,,,,,,9.0,0.0,7.2,2.0,0.0,5.87,1.57,6.0,4.0,0.0
133,663687,Hogan Harris,36,P,Pitcher,Active,Athletics,Pitcher,Hogan,,R,L,1996-12-26,29,"6' 3""",75,230,Lafayette,LA,USA,,,,,,,,,,,,11.0,0.0,11.1,1.0,0.0,2.38,1.68,11.0,12.0,1.0
133,669372,J.T. Ginn,35,P,Pitcher,Active,Athletics,Pitcher,J.T.,,R,R,1999-05-20,26,"6' 2""",74,200,Flowood,MS,USA,5.0,0.0,0.0,0.0,0.0,0.0,0.0,.000,.000,.000,.000,5.0,2.0,16.1,0.0,0.0,3.31,0.98,11.0,7.0,0.0
133,678022,Jack Perkins,50,P,Pitcher,Active,Athletics,Pitcher,Jack,,R,R,1999-12-26,26,"6' 1""",73,220,Kokomo,IN,USA,,,,,,,,,,,,2.0,0.0,4.0,1.0,0.0,9.00,2.25,7.0,1.0,0.0
133,682052,Jacob Lopez,57,P,Pitcher,Active,Athletics,Pitcher,Jacob,,L,L,1998-03-11,28,"6' 4""",76,220,Granada Hills,CA,USA,,,,,,,,,,,,3.0,3.0,13.1,1.0,1.0,7.43,2.18,11.0,13.0,0.0
133,605488,Jeffrey Springs,59,P,Pitcher,Active,Athletics,Pitcher,Jeffrey,,L,L,1992-09-20,33,"6' 3""",75,218,Belmont,NC,USA,,,,,,,,,,,,4.0,4.0,24.2,3.0,0.0,1.46,0.77,20.0,8.0,0.0
133,669270,Joel Kuhnel,47,P,Pitcher,Active,Athletics,Pitcher,Joel,,R,R,1995-02-19,31,"6' 5""",77,290,Goldsboro,NC,USA,,,,,,,,,,,,5.0,0.0,4.2,0.0,0.0,0.00,0.21,3.0,0.0,3.0
133,686993,Justin Sterner,60,P,Pitcher,Active,Athletics,Pitcher,Justin,,R,R,1996-08-29,29,"6' 1""",73,215,La Jolla,CA,USA,,,,,,,,,,,,8.0,0.0,8.2,0.0,1.0,2.08,1.62,9.0,4.0,0.0
133,665622,Luis Medina,46,P,Pitcher,Active,Athletics,Pitcher,Luis,,R,R,1999-05-03,26,"6' 1""",73,175,Nagua,,Dominican Republic,,,,,,,,,,,,5.0,0.0,6.2,0.0,1.0,1.35,1.20,8.0,4.0,0.0
133,622663,Luis Severino,40,P,Pitcher,Active,Athletics,Pitcher,Luis,Pena,R,R,1994-02-20,32,"6' 2""",74,218,Sabana de la Mar,,Dominican Republic,,,,,,,,,,,,4.0,4.0,19.1,0.0,2.0,5.59,1.71,24.0,16.0,0.0
133,643410,Mark Leiter Jr.,38,P,Pitcher,Active,Athletics,Pitcher,Mark,Junior,R,R,1991-03-13,35,"6' 0""",72,210,Fort Lauderdale,FL,USA,,,,,,,,,,,,9.0,0.0,8.0,0.0,1.0,9.00,2.00,8.0,2.0,2.0
133,605130,Scott Barlow,58,P,Pitcher,Active,Athletics,Pitcher,Scott,Scoots McGoots,R,R,1992-12-18,33,"6' 3""",75,210,New London,CT,USA,,,,,,,,,,,,8.0,0.0,8.0,0.0,0.0,4.50,1.13,7.0,4.0,0.0
134,695257,Billy Cook,25,OF,Outfielder,Active,Pittsburgh Pirates,Hitter,Billy,,R,R,1999-01-07,27,"6' 0""",72,204,Layton,UT,USA,11.0,6.0,2.0,2.0,0.0,0.0,0.0,.333,.333,.333,.666,,,,,,,,,,
134,664040,Brandon Lowe,5,2B,Infielder,Active,Pittsburgh Pirates,Hitter,Brandon,Bamm-Bamm,L,R,1994-07-06,31,"5' 9""",69,181,Suffolk,VA,USA,17.0,63.0,11.0,15.0,7.0,15.0,0.0,.238,.360,.603,.963,,,,,,,,,,
134,668804,Bryan Reynolds,10,RF,Outfielder,Active,Pittsburgh Pirates,Hitter,Bryan,B-Rey,S,R,1995-01-27,31,"6' 2""",74,210,Baltimore,MD,USA,18.0,66.0,14.0,19.0,3.0,12.0,1.0,.288,.400,.470,.870,,,,,,,,,,
134,680779,Henry Davis,32,C,Catcher,Active,Pittsburgh Pirates,Hitter,Henry,,R,R,1999-09-21,26,"5' 11""",71,225,Bedford,NY,USA,14.0,37.0,5.0,8.0,0.0,3.0,1.0,.216,.326,.297,.623,,,,,,,,,,
134,663968,Jake Mangum,28,LF,Outfielder,Active,Pittsburgh Pirates,Hitter,Jake,,S,L,1996-03-08,30,"5' 11""",71,191,Flowood,MS,USA,15.0,39.0,7.0,11.0,0.0,1.0,1.0,.282,.333,.308,.641,,,,,,,,,,
134,663698,Joey Bart,14,C,Catcher,Active,Pittsburgh Pirates,Hitter,Joey,,R,R,1996-12-15,29,"6' 2""",74,242,Buford,GA,USA,10.0,25.0,3.0,4.0,1.0,3.0,0.0,.160,.241,.280,.521,,,,,,,,,,
134,804606,Konnor Griffin,6,SS,Infielder,Active,Pittsburgh Pirates,Hitter,Konnor,,R,R,2006-04-24,19,"6' 3""",75,222,Jackson,MS,USA,13.0,40.0,5.0,8.0,0.0,6.0,1.0,.200,.283,.300,.583,,,,,,,,,,
134,542303,Marcell Ozuna,24,DH,Hitter,Active,Pittsburgh Pirates,Hitter,Marcell,The Big Bear,R,R,1990-11-12,35,"6' 1""",73,251,Santo Domingo,,Dominican Republic,14.0,53.0,4.0,7.0,1.0,5.0,0.0,.132,.220,.208,.428,,,,,,,,,,
134,693304,Nick Gonzales,3,2B,Infielder,Active,Pittsburgh Pirates,Hitter,Nick,,R,R,1999-05-27,26,"5' 8""",68,193,Tucson,AZ,USA,16.0,57.0,7.0,15.0,0.0,10.0,1.0,.263,.311,.316,.627,,,,,,,,,,
134,694377,Nick Yorke,38,2B,Infielder,Active,Pittsburgh Pirates,Hitter,Nick,,R,R,2002-04-02,24,"5' 11""",71,220,Newport Beach,CA,USA,15.0,46.0,3.0,12.0,0.0,2.0,0.0,.261,.364,.326,.690,,,,,,,,,,
134,665833,Oneil Cruz,15,CF,Outfielder,Active,Pittsburgh Pirates,Hitter,Oneil,,L,R,1998-10-04,27,"6' 7""",79,248,Nizao,,Dominican Republic,19.0,74.0,15.0,24.0,5.0,17.0,8.0,.324,.390,.581,.971,,,,,,,,,,
134,656811,Ryan O'Hearn,29,1B,Infielder,Active,Pittsburgh Pirates,Hitter,Ryan,Brohearn,L,L,1993-07-26,32,"6' 2""",74,220,Dunedin,FL,USA,17.0,63.0,9.0,21.0,3.0,13.0,1.0,.333,.413,.524,.937,,,,,,,,,,
134,687462,Spencer Horwitz,2,1B,Infielder,Active,Pittsburgh Pirates,Hitter,Spencer,,L,R,1997-11-14,28,"5' 10""",70,204,Timonium,MD,USA,17.0,46.0,7.0,10.0,1.0,3.0,0.0,.217,.339,.304,.643,,,,,,,,,,
134,677952,Braxton Ashcraft,35,P,Pitcher,Active,Pittsburgh Pirates,Pitcher,Braxton,,L,R,1999-10-05,26,"6' 5""",77,218,Waco,TX,USA,,,,,,,,,,,,4.0,4.0,22.2,1.0,1.0,2.38,1.06,27.0,7.0,0.0
134,696149,Bubba Chandler,36,P,Pitcher,Active,Pittsburgh Pirates,Pitcher,Bubba,,S,R,2002-09-14,23,"6' 3""",75,206,Lawrenceville,GA,USA,,,,,,,,,,,,3.0,3.0,14.0,0.0,1.0,3.86,1.57,14.0,12.0,0.0
134,669387,Carmen Mlodzinski,50,P,Pitcher,Active,Pittsburgh Pirates,Pitcher,Carmen,,R,R,1999-02-19,27,"6' 2""",74,210,Hilton Head Island,SC,USA,,,,,,,,,,,,4.0,3.0,20.1,1.0,0.0,1.77,1.33,20.0,8.0,0.0
134,642701,Dennis Santana,60,P,Pitcher,Active,Pittsburgh Pirates,Pitcher,Dennis,Anfernee,R,R,1996-04-12,30,"6' 2""",74,202,San Pedro de Macoris,,Dominican Republic,,,,,,,,,,,,9.0,0.0,9.0,2.0,0.0,1.00,0.67,6.0,4.0,2.0
134,681895,Evan Sisk,48,P,Pitcher,Active,Pittsburgh Pirates,Pitcher,Evan,,L,L,1997-04-23,28,"6' 2""",74,214,Chester,SC,USA,,,,,,,,,,,,2.0,0.0,2.1,0.0,0.0,0.00,1.71,4.0,1.0,0.0
134,642397,Gregory Soto,31,P,Pitcher,Active,Pittsburgh Pirates,Pitcher,Gregory,Capiro,L,L,1995-02-11,31,"6' 1""",73,247,Haina,,Dominican Republic,,,,,,,,,,,,10.0,0.0,9.2,0.0,0.0,0.93,0.72,15.0,5.0,1.0
134,676755,Isaac Mattson,72,P,Pitcher,Active,Pittsburgh Pirates,Pitcher,Isaac,,R,R,1995-07-14,30,"6' 2""",74,214,Erie,PA,USA,,,,,,,,,,,,10.0,0.0,10.2,0.0,0.0,1.69,1.59,9.0,5.0,0.0
134,664353,José Urquidy,65,P,Pitcher,Active,Pittsburgh Pirates,Pitcher,José,,R,R,1995-05-01,30,"6' 0""",72,225,Mazatlan,SI,Mexico,,,,,,,,,,,,5.0,0.0,6.1,0.0,1.0,8.53,2.68,6.0,2.0,1.0
134,664875,Justin Lawrence,61,P,Pitcher,Active,Pittsburgh Pirates,Pitcher,Justin,,R,R,1994-11-25,31,"6' 3""",75,211,Panama City,,Panama,,,,,,,,,,,,8.0,0.0,7.1,0.0,1.0,9.82,1.91,12.0,5.0,0.0
134,682254,Mason Montgomery,46,P,Pitcher,Active,Pittsburgh Pirates,Pitcher,Mason,,L,L,2000-06-17,25,"6' 2""",74,205,Austin,TX,USA,,,,,,,,,,,,9.0,1.0,8.1,1.0,0.0,5.40,1.80,17.0,5.0,0.0
134,656605,Mitch Keller,23,P,Pitcher,Active,Pittsburgh Pirates,Pitcher,Mitch,,R,R,1996-04-04,30,"6' 3""",75,213,Cedar Rapids,IA,USA,,,,,,,,,,,,4.0,4.0,22.0,1.0,1.0,2.86,1.23,14.0,9.0,0.0
134,694973,Paul Skenes,30,P,Pitcher,Active,Pittsburgh Pirates,Pitcher,Paul,,R,R,2002-05-29,23,"6' 6""",78,260,Fullerton,CA,USA,,,,,,,,,,,,4.0,4.0,18.0,3.0,1.0,4.00,0.94,18.0,7.0,0.0
134,670990,Yohan Ramírez,49,P,Pitcher,Active,Pittsburgh Pirates,Pitcher,Yohan,,R,R,1995-05-06,30,"6' 3""",75,205,Villa Mella,,Dominican Republic,,,,,,,,,,,,8.0,0.0,11.2,2.0,0.0,1.54,0.94,13.0,6.0,0.0
135,669369,Bryce Johnson,29,CF,Outfielder,Active,San Diego Padres,Hitter,Bryce,,S,R,1995-10-27,30,"5' 11""",71,190,Cypress,TX,USA,10.0,11.0,1.0,1.0,0.0,1.0,1.0,.091,.167,.182,.349,,,,,,,,,,
135,665487,Fernando Tatis Jr.,23,RF,Outfielder,Active,San Diego Padres,Hitter,Fernando,El Nino,R,R,1999-01-02,27,"6' 3""",75,217,San Pedro De Macoris,,Dominican Republic,18.0,66.0,7.0,16.0,0.0,8.0,4.0,.242,.312,.303,.615,,,,,,,,,,
135,666023,Freddy Fermin,54,C,Catcher,Active,San Diego Padres,Hitter,Freddy,,R,R,1995-05-16,30,"5' 10""",70,200,Puerto Ordaz,,Venezuela,15.0,31.0,7.0,5.0,0.0,2.0,0.0,.161,.270,.226,.496,,,,,,,,,,
135,657757,Gavin Sheets,30,LF,Outfielder,Active,San Diego Padres,Hitter,Gavin,,L,L,1996-04-23,29,"6' 3""",75,235,Lutherville,MD,USA,16.0,54.0,7.0,13.0,2.0,6.0,1.0,.241,.268,.481,.749,,,,,,,,,,
135,701538,Jackson Merrill,3,CF,Outfielder,Active,San Diego Padres,Hitter,Jackson,,L,R,2003-04-19,22,"6' 2""",74,195,Baltimore,MD,USA,18.0,69.0,15.0,18.0,3.0,13.0,4.0,.261,.320,.464,.784,,,,,,,,,,
135,630105,Jake Cronenworth,9,2B,Infielder,Active,San Diego Padres,Hitter,Jake,,L,R,1994-01-21,32,"5' 11""",71,187,St. Clair,MI,USA,17.0,57.0,8.0,8.0,1.0,3.0,0.0,.140,.246,.211,.457,,,,,,,,,,
135,669134,Luis Campusano,12,C,Catcher,Active,San Diego Padres,Hitter,Luis,,R,R,1998-09-29,27,"5' 10""",70,232,Augusta,GA,USA,9.0,25.0,4.0,8.0,1.0,5.0,0.0,.320,.346,.600,.946,,,,,,,,,,
135,592518,Manny Machado,13,3B,Infielder,Active,San Diego Padres,Hitter,Manny,El Ministro,R,R,1992-07-06,33,"6' 2""",74,218,Miami,FL,USA,17.0,54.0,10.0,10.0,2.0,9.0,1.0,.185,.361,.333,.694,,,,,,,,,,
135,609280,Miguel Andujar,41,LF,Outfielder,Active,San Diego Padres,Hitter,Miguel,Papa,R,R,1995-03-02,31,"6' 0""",72,211,San Cristobal,,Dominican Republic,12.0,37.0,4.0,11.0,0.0,2.0,1.0,.297,.350,.432,.782,,,,,,,,,,
135,592206,Nick Castellanos,21,RF,Outfielder,Active,San Diego Padres,Hitter,Nick,Artist,R,R,1992-03-04,34,"6' 3""",75,203,Hialeah,FL,USA,13.0,39.0,1.0,7.0,0.0,5.0,0.0,.179,.238,.256,.494,,,,,,,,,,
135,657656,Ramón Laureano,5,RF,Outfielder,Active,San Diego Padres,Hitter,Ramón,Ramoncito,R,R,1994-07-15,31,"5' 9""",69,203,Santo Domingo,,Dominican Republic,17.0,65.0,12.0,19.0,4.0,12.0,3.0,.292,.352,.569,.921,,,,,,,,,,
135,664034,Ty France,25,1B,Infielder,Active,San Diego Padres,Hitter,Ty,,R,R,1994-07-13,31,"5' 10""",70,215,Downey,CA,USA,8.0,22.0,4.0,6.0,1.0,1.0,0.0,.273,.333,.455,.788,,,,,,,,,,
135,593428,Xander Bogaerts,2,SS,Infielder,Active,San Diego Padres,Hitter,Xander,X-Man,R,R,1992-10-01,33,"6' 2""",74,218,Oranjestad,,Aruba,17.0,67.0,5.0,19.0,3.0,13.0,2.0,.284,.342,.448,.790,,,,,,,,,,
135,670970,Adrian Morejon,50,P,Pitcher,Active,San Diego Padres,Pitcher,Adrian,More,L,L,1999-02-27,27,"5' 11""",71,224,Havana,,Cuba,,,,,,,,,,,,7.0,0.0,7.2,1.0,0.0,9.39,2.09,6.0,1.0,0.0
135,689690,Alek Jacob,37,P,Pitcher,Active,San Diego Padres,Pitcher,Alek,,L,R,1998-06-16,27,"6' 3""",75,190,Spokane,WA,USA,,,,,,,,,,,,1.0,0.0,2.0,1.0,0.0,0.00,1.00,3.0,1.0,0.0
135,699134,Bradgley Rodriguez,72,P,Pitcher,Active,San Diego Padres,Pitcher,Bradgley,,R,R,2003-11-16,22,"6' 1""",73,160,Petare,,Venezuela,,,,,,,,,,,,7.0,0.0,9.1,0.0,0.0,0.96,1.07,10.0,1.0,0.0
135,688158,David Morgan,66,P,Pitcher,Active,San Diego Padres,Pitcher,David,,R,R,1999-10-26,26,"6' 0""",72,185,Mission Viejo,CA,USA,,,,,,,,,,,,7.0,0.0,10.1,2.0,0.0,0.00,1.16,10.0,7.0,0.0
135,608566,Germán Márquez,33,P,Pitcher,Active,San Diego Padres,Pitcher,Germán,Marquee,R,R,1995-02-22,31,"6' 1""",73,230,San Felix,,Venezuela,,,,,,,,,,,,3.0,3.0,13.0,2.0,1.0,5.54,1.69,10.0,4.0,0.0
135,592094,Jason Adam,40,P,Pitcher,Active,San Diego Padres,Pitcher,Jason,,R,R,1991-08-04,34,"6' 3""",75,229,Omaha,NE,USA,,,,,,,,,,,,3.0,0.0,1.2,0.0,0.0,0.00,0.60,0.0,1.0,1.0
135,606996,Kyle Hart,68,P,Pitcher,Active,San Diego Padres,Pitcher,Kyle,,L,L,1992-11-23,33,"6' 5""",77,200,Cincinnati,OH,USA,,,,,,,,,,,,6.0,0.0,11.0,0.0,0.0,4.91,1.18,6.0,5.0,0.0
135,695243,Mason Miller,22,P,Pitcher,Active,San Diego Padres,Pitcher,Mason,,R,R,1998-08-24,27,"6' 5""",77,200,Pittsburgh,PA,USA,,,,,,,,,,,,8.0,0.0,8.1,1.0,0.0,0.00,0.24,20.0,1.0,5.0
135,650633,Michael King,34,P,Pitcher,Active,San Diego Padres,Pitcher,Michael,,R,R,1995-05-25,30,"6' 3""",75,210,Rochester,NY,USA,,,,,,,,,,,,4.0,4.0,22.2,2.0,1.0,2.78,1.15,20.0,10.0,0.0
135,681190,Randy Vásquez,98,P,Pitcher,Active,San Diego Padres,Pitcher,Randy,,R,R,1998-11-03,27,"6' 0""",72,165,Navarette,,Dominican Republic,,,,,,,,,,,,4.0,4.0,21.2,1.0,0.0,2.49,1.29,25.0,8.0,0.0
135,676760,Ron Marinaccio,97,P,Pitcher,Active,San Diego Padres,Pitcher,Ron,,R,R,1995-07-01,30,"6' 2""",74,205,Toms River,NJ,USA,,,,,,,,,,,,7.0,0.0,11.1,0.0,0.0,3.97,0.97,10.0,2.0,0.0
135,621111,Walker Buehler,10,P,Pitcher,Active,San Diego Padres,Pitcher,Walker,Buetane,R,R,1994-07-28,31,"6' 2""",74,185,Lexington,KY,USA,,,,,,,,,,,,3.0,3.0,12.2,0.0,1.0,4.97,1.26,11.0,5.0,0.0
135,593974,Wandy Peralta,58,P,Pitcher,Active,San Diego Padres,Pitcher,Wandy,La Grasa,L,L,1991-07-27,34,"6' 0""",72,227,San Francisco de Macoris,,Dominican Republic,,,,,,,,,,,,9.0,0.0,8.1,0.0,0.0,2.16,1.56,7.0,3.0,0.0
136,680977,Brendan Donovan,33,2B,Infielder,Active,Seattle Mariners,Hitter,Brendan,,L,R,1997-01-16,29,"5' 11""",71,210,Wurzberg,,Germany,16.0,51.0,6.0,15.0,3.0,8.0,1.0,.294,.431,.529,.960,,,,,,,,,,
136,663728,Cal Raleigh,29,C,Catcher,Active,Seattle Mariners,Hitter,Cal,,S,R,1996-11-26,29,"6' 2""",74,235,Harrisonburg,VA,USA,19.0,73.0,6.0,11.0,2.0,10.0,1.0,.151,.241,.274,.515,,,,,,,,,,
136,702284,Cole Young,2,2B,Infielder,Active,Seattle Mariners,Hitter,Cole,,L,R,2003-07-29,22,"5' 10""",70,180,Pittsburgh,PA,USA,19.0,65.0,12.0,14.0,2.0,9.0,0.0,.215,.311,.369,.680,,,,,,,,,,
136,656582,Connor Joe,9,1B,Infielder,Active,Seattle Mariners,Hitter,Connor,,R,R,1992-08-16,33,"5' 11""",71,205,San Diego,CA,USA,1.0,3.0,0.0,0.0,0.0,0.0,0.0,.000,.000,.000,.000,,,,,,,,,,
136,686527,Dominic Canzone,8,RF,Outfielder,Active,Seattle Mariners,Hitter,Dominic,,L,R,1997-08-16,28,"6' 0""",72,190,Cleveland,OH,USA,15.0,39.0,7.0,8.0,2.0,7.0,1.0,.205,.289,.462,.751,,,,,,,,,,
136,641487,J.P. Crawford,3,SS,Infielder,Active,Seattle Mariners,Hitter,J.P.,Crawdaddy,L,R,1995-01-11,31,"6' 0""",72,202,Long Beach,CA,USA,11.0,31.0,5.0,6.0,0.0,4.0,0.0,.194,.419,.226,.645,,,,,,,,,,
136,647304,Josh Naylor,12,1B,Infielder,Active,Seattle Mariners,Hitter,Josh,Naylz,L,L,1997-06-22,28,"5' 10""",70,235,Mississauga,ON,Canada,18.0,72.0,4.0,9.0,2.0,7.0,0.0,.125,.203,.208,.411,,,,,,,,,,
136,677594,Julio Rodríguez,44,CF,Outfielder,Active,Seattle Mariners,Hitter,Julio,,R,R,2000-12-29,25,"6' 4""",76,228,Loma de Cabrera,,Dominican Republic,19.0,72.0,8.0,14.0,1.0,5.0,1.0,.194,.301,.264,.565,,,,,,,,,,
136,660844,Leo Rivas,76,2B,Infielder,Active,Seattle Mariners,Hitter,Leo,,S,R,1997-10-10,28,"5' 7""",67,150,Maracay,,Venezuela,14.0,41.0,4.0,7.0,0.0,3.0,0.0,.171,.333,.220,.553,,,,,,,,,,
136,670042,Luke Raley,20,RF,Outfielder,Active,Seattle Mariners,Hitter,Luke,,L,R,1994-09-19,31,"6' 3""",75,235,Hinckley,OH,USA,17.0,59.0,8.0,20.0,4.0,12.0,0.0,.339,.391,.644,1.035,,,,,,,,,,
136,641598,Mitch Garver,18,C,Catcher,Active,Seattle Mariners,Hitter,Mitch,Garv Sauce,R,R,1991-01-15,35,"6' 1""",73,220,Albuquerque,NM,USA,4.0,12.0,0.0,2.0,0.0,0.0,0.0,.167,.333,.167,.500,,,,,,,,,,
136,621550,Patrick Wisdom,35,1B,Infielder,Active,Seattle Mariners,Hitter,Patrick,,R,R,1991-08-27,34,"6' 2""",74,220,Murrieta,CA,USA,1.0,1.0,0.0,0.0,0.0,0.0,0.0,.000,.000,.000,.000,,,,,,,,,,
136,668227,Randy Arozarena,56,LF,Outfielder,Active,Seattle Mariners,Hitter,Randy,,R,R,1995-02-28,31,"5' 10""",70,185,Havana,,Cuba,19.0,67.0,16.0,20.0,1.0,7.0,5.0,.299,.420,.403,.823,,,,,,,,,,
136,662253,Andrés Muñoz,75,P,Pitcher,Active,Seattle Mariners,Pitcher,Andrés,El Plebe,R,R,1999-01-16,27,"6' 2""",74,222,Los Mochis,SI,Mexico,,,,,,,,,,,,7.0,0.0,6.2,2.0,2.0,9.45,1.95,10.0,5.0,1.0
136,693433,Bryan Woo,22,P,Pitcher,Active,Seattle Mariners,Pitcher,Bryan,,R,R,2000-01-30,26,"6' 2""",74,205,Oakland,CA,USA,,,,,,,,,,,,4.0,4.0,25.0,0.0,2.0,2.16,0.92,20.0,5.0,0.0
136,668984,Casey Legumina,64,P,Pitcher,Active,Seattle Mariners,Pitcher,Casey,,R,R,1997-06-19,28,"6' 2""",74,195,Dallas,TX,USA,,,,,,,,,,,,6.0,0.0,8.1,0.0,0.0,1.08,1.08,7.0,1.0,0.0
136,677961,Cole Wilcox,43,P,Pitcher,Active,Seattle Mariners,Pitcher,Cole,,R,R,1999-07-14,26,"6' 5""",77,232,Chattanooga,TN,USA,,,,,,,,,,,,5.0,0.0,5.2,0.0,0.0,4.76,1.24,6.0,2.0,0.0
136,681867,Cooper Criswell,88,P,Pitcher,Active,Seattle Mariners,Pitcher,Cooper,,R,R,1996-07-24,29,"6' 6""",78,200,Carrollton,GA,USA,,,,,,,,,,,,5.0,0.0,8.0,0.0,0.0,2.25,1.13,8.0,3.0,1.0
136,660825,Eduard Bazardo,83,P,Pitcher,Active,Seattle Mariners,Pitcher,Eduard,,R,R,1995-09-01,30,"6' 0""",72,190,Maracay,,Venezuela,,,,,,,,,,,,8.0,0.0,7.2,0.0,0.0,1.17,1.04,6.0,3.0,0.0
136,676106,Emerson Hancock,26,P,Pitcher,Active,Seattle Mariners,Pitcher,Emerson,,R,R,1999-05-31,26,"6' 4""",76,213,Cairo,GA,USA,,,,,,,,,,,,4.0,4.0,23.2,2.0,1.0,2.28,0.76,25.0,4.0,0.0
136,642100,Gabe Speier,55,P,Pitcher,Active,Seattle Mariners,Pitcher,Gabe,,L,L,1995-04-12,31,"5' 11""",71,200,Santa Barbara,CA,USA,8.0,0.0,0.0,0.0,0.0,0.0,0.0,.000,.000,.000,.000,8.0,0.0,7.0,0.0,2.0,2.57,1.00,6.0,1.0,1.0
136,669923,George Kirby,68,P,Pitcher,Active,Seattle Mariners,Pitcher,George,,R,R,1998-02-04,28,"6' 4""",76,215,Rye,NY,USA,,,,,,,,,,,,4.0,4.0,27.2,2.0,2.0,3.25,0.94,22.0,6.0,0.0
136,678606,Jose A. Ferrer,45,P,Pitcher,Active,Seattle Mariners,Pitcher,Jose A.,,L,L,2000-03-03,26,"6' 1""",73,233,Maimon,,Dominican Republic,,,,,,,,,,,,9.0,0.0,7.0,0.0,0.0,2.57,1.43,6.0,1.0,0.0
136,669302,Logan Gilbert,36,P,Pitcher,Active,Seattle Mariners,Pitcher,Logan,,R,R,1997-05-05,28,"6' 6""",78,215,Winter Park,FL,USA,,,,,,,,,,,,4.0,4.0,23.2,1.0,2.0,4.18,1.10,25.0,4.0,0.0
136,622491,Luis Castillo,58,P,Pitcher,Active,Seattle Mariners,Pitcher,Luis,La Piedra,R,R,1992-12-12,33,"6' 2""",74,200,Bani,-1,Dominican Republic,,,,,,,,,,,,3.0,3.0,13.0,0.0,0.0,6.92,1.77,14.0,4.0,0.0
136,666374,Matt Brash,47,P,Pitcher,Active,Seattle Mariners,Pitcher,Matt,,R,R,1998-05-12,27,"6' 1""",73,173,Kingston,ON,Canada,,,,,,,,,,,,7.0,0.0,6.0,1.0,0.0,0.00,0.67,4.0,1.0,0.0
137,669477,Casey Schmitt,10,3B,Infielder,Active,San Francisco Giants,Hitter,Casey,,R,R,1999-03-01,27,"6' 0""",72,215,San Diego,CA,USA,14.0,48.0,5.0,15.0,1.0,5.0,1.0,.313,.377,.479,.856,,,,,,,,,,
137,683766,Christian Koss,50,2B,Infielder,Active,San Francisco Giants,Hitter,Christian,,R,R,1998-01-27,28,"6' 1""",73,185,Riverside,CA,USA,5.0,7.0,0.0,1.0,0.0,0.0,0.0,.143,.143,.286,.429,1.0,0.0,1.0,0.0,0.0,0.00,0.00,0.0,0.0,0.0
137,691740,Daniel Susac,6,C,Catcher,Active,San Francisco Giants,Hitter,Daniel,,R,R,2001-05-14,24,"6' 5""",77,210,Roseville,CA,USA,8.0,16.0,1.0,9.0,0.0,5.0,0.0,.563,.588,.750,1.338,,,,,,,,,,
137,687551,Drew Gilbert,0,CF,Outfielder,Active,San Francisco Giants,Hitter,Drew,,L,L,2000-09-27,25,"5' 9""",69,195,St. Paul,MN,USA,2.0,4.0,0.0,0.0,0.0,0.0,0.0,.000,.200,.000,.200,,,,,,,,,,
137,671218,Heliot Ramos,17,LF,Outfielder,Active,San Francisco Giants,Hitter,Heliot,,R,R,1999-09-07,26,"5' 11""",71,235,Humacao,,Puerto Rico,18.0,64.0,5.0,15.0,0.0,7.0,0.0,.234,.269,.266,.535,,,,,,,,,,
137,666464,Jerar Encarnacion,19,RF,Outfielder,Active,San Francisco Giants,Hitter,Jerar,,R,R,1997-10-22,28,"6' 4""",76,265,Bayaguana,,Dominican Republic,9.0,24.0,1.0,6.0,0.0,0.0,0.0,.250,.250,.292,.542,,,,,,,,,,
137,808982,Jung Hoo Lee,51,CF,Outfielder,Active,San Francisco Giants,Hitter,Jung Hoo,,L,R,1998-08-20,27,"6' 0""",72,196,Seoul,,Republic of Korea,19.0,64.0,6.0,15.0,1.0,8.0,0.0,.234,.292,.375,.667,,,,,,,,,,
137,650333,Luis Arraez,1,IF,Infielder,Active,San Francisco Giants,Hitter,Luis,La Regadera,L,R,1997-04-09,29,"5' 10""",70,186,San Felipe,,Venezuela,18.0,67.0,7.0,21.0,0.0,6.0,2.0,.313,.351,.388,.739,,,,,,,,,,
137,656305,Matt Chapman,26,3B,Infielder,Active,San Francisco Giants,Hitter,Matt,Hurtado,R,R,1993-04-28,32,"6' 1""",73,220,Victorville,CA,USA,19.0,73.0,10.0,20.0,1.0,8.0,0.0,.274,.321,.397,.718,,,,,,,,,,
137,672275,Patrick Bailey,14,C,Catcher,Active,San Francisco Giants,Hitter,Patrick,,S,R,1999-05-29,26,"6' 0""",72,223,Greensboro,NC,USA,15.0,47.0,3.0,6.0,0.0,1.0,1.0,.128,.180,.128,.308,,,,,,,,,,
137,646240,Rafael Devers,16,DH,Hitter,Active,San Francisco Giants,Hitter,Rafael,Carita,L,R,1996-10-24,29,"6' 0""",72,235,Sanchez,,Dominican Republic,19.0,74.0,7.0,16.0,2.0,6.0,0.0,.216,.266,.311,.577,,,,,,,,,,
137,686823,Will Brennan,7,RF,Outfielder,Active,San Francisco Giants,Hitter,Will,,L,L,1998-02-02,28,"5' 11""",71,205,Colorado Springs,CO,USA,2.0,4.0,0.0,0.0,0.0,0.0,0.0,.000,.000,.000,.000,,,,,,,,,,
137,642715,Willy Adames,2,SS,Infielder,Active,San Francisco Giants,Hitter,Willy,The Kid,R,R,1995-09-02,30,"6' 0""",72,216,Santiago,,Dominican Republic,19.0,73.0,8.0,19.0,3.0,6.0,0.0,.260,.316,.507,.823,,,,,,,,,,
137,605288,Adrian Houser,12,P,Pitcher,Active,San Francisco Giants,Pitcher,Adrian,Doogy,R,R,1993-02-02,33,"6' 4""",76,227,Tahlequah,OK,USA,,,,,,,,,,,,3.0,3.0,16.0,0.0,2.0,5.06,1.56,10.0,5.0,0.0
137,694918,Blade Tidwell,46,P,Pitcher,Active,San Francisco Giants,Pitcher,Blade,,R,R,2001-06-08,24,"6' 3""",75,244,Columbia,TN,USA,,,,,,,,,,,,5.0,0.0,7.0,0.0,0.0,2.57,0.86,6.0,1.0,1.0
137,668873,Caleb Kilian,45,P,Pitcher,Active,San Francisco Giants,Pitcher,Caleb,,R,R,1997-06-02,28,"6' 4""",76,206,Anaheim,CA,USA,,,,,,,,,,,,8.0,0.0,7.0,0.0,0.0,1.29,0.86,10.0,4.0,0.0
137,669062,Erik Miller,68,P,Pitcher,Active,San Francisco Giants,Pitcher,Erik,,L,L,1998-02-13,28,"6' 5""",77,269,St. Louis,MO,USA,,,,,,,,,,,,6.0,0.0,5.0,0.0,0.0,7.20,2.00,7.0,3.0,0.0
137,664141,JT Brubaker,34,P,Pitcher,Active,San Francisco Giants,Pitcher,JT,,R,R,1993-11-17,32,"6' 4""",76,197,Springfield,OH,USA,,,,,,,,,,,,8.0,0.0,10.1,0.0,0.0,2.61,1.74,8.0,8.0,0.0
137,676775,Keaton Winn,67,P,Pitcher,Active,San Francisco Giants,Pitcher,Keaton,,R,R,1998-02-20,28,"6' 4""",76,230,Ollie,IA,USA,9.0,0.0,0.0,0.0,0.0,0.0,0.0,.000,.000,.000,.000,8.0,0.0,7.1,0.0,1.0,3.68,0.82,9.0,2.0,0.0
137,694738,Landen Roupp,65,P,Pitcher,Active,San Francisco Giants,Pitcher,Landen,,R,R,1998-09-10,27,"6' 2""",74,220,Rocky Mount,NC,USA,,,,,,,,,,,,4.0,4.0,22.2,2.0,1.0,2.38,0.97,24.0,7.0,0.0
137,657277,Logan Webb,62,P,Pitcher,Active,San Francisco Giants,Pitcher,Logan,,R,R,1996-11-18,29,"6' 2""",74,221,Rocklin,CA,USA,,,,,,,,,,,,4.0,4.0,24.0,1.0,2.0,5.25,1.38,21.0,9.0,0.0
137,657424,Matt Gage,93,P,Pitcher,Active,San Francisco Giants,Pitcher,Matt,,L,L,1993-02-11,33,"6' 4""",76,261,Johnstown,NY,USA,,,,,,,,,,,,8.0,0.0,7.1,1.0,0.0,1.23,1.09,6.0,4.0,0.0
137,592662,Robbie Ray,38,P,Pitcher,Active,San Francisco Giants,Pitcher,Robbie,Bob,L,L,1991-10-01,34,"6' 2""",74,220,Brentwood,TN,USA,,,,,,,,,,,,4.0,4.0,22.1,2.0,2.0,2.42,1.03,24.0,10.0,0.0
137,621366,Ryan Borucki,47,P,Pitcher,Active,San Francisco Giants,Pitcher,Ryan,,L,L,1994-03-31,32,"6' 4""",76,210,Mundelein,IL,USA,,,,,,,,,,,,7.0,0.0,6.1,0.0,1.0,7.11,1.74,6.0,2.0,0.0
137,676254,Ryan Walker,74,P,Pitcher,Active,San Francisco Giants,Pitcher,Ryan,,R,R,1995-11-26,30,"6' 2""",74,215,Arlington,WA,USA,,,,,,,,,,,,8.0,0.0,7.0,0.0,0.0,3.86,1.29,8.0,3.0,1.0
137,641816,Tyler Mahle,54,P,Pitcher,Active,San Francisco Giants,Pitcher,Tyler,Mal,R,R,1994-09-29,31,"6' 3""",75,212,Newport Beach,CA,USA,,,,,,,,,,,,4.0,4.0,18.2,0.0,3.0,7.23,1.93,21.0,12.0,0.0
138,676475,Alec Burleson,41,1B,Infielder,Active,St. Louis Cardinals,Hitter,Alec,,L,L,1998-11-25,27,"6' 0""",72,225,Charlotte,NC,USA,18.0,68.0,7.0,19.0,2.0,14.0,1.0,.279,.375,.412,.787,,,,,,,,,,
138,671056,Iván Herrera,48,C,Catcher,Active,St. Louis Cardinals,Hitter,Iván,,R,R,2000-06-01,25,"5' 11""",71,220,Panama City,,Panama,18.0,62.0,5.0,12.0,1.0,7.0,0.0,.194,.386,.290,.676,,,,,,,,,,
138,802139,JJ Wetherholt,26,SS,Infielder,Active,St. Louis Cardinals,Hitter,JJ,,L,R,2002-09-10,23,"5' 9""",69,190,Baltimore,MD,USA,18.0,66.0,13.0,15.0,3.0,9.0,4.0,.227,.354,.379,.733,,,,,,,,,,
138,691023,Jordan Walker,18,RF,Outfielder,Active,St. Louis Cardinals,Hitter,Jordan,,R,R,2002-05-22,23,"6' 6""",78,250,Stone Mountain,GA,USA,18.0,69.0,15.0,22.0,8.0,15.0,2.0,.319,.373,.710,1.083,,,,,,,,,,
138,665877,José Fermín,15,2B,Infielder,Active,St. Louis Cardinals,Hitter,José,,R,R,1999-03-29,27,"5' 10""",70,198,Puerto Plata,,Dominican Republic,7.0,13.0,1.0,3.0,0.0,1.0,0.0,.231,.313,.231,.544,,,,,,,,,,
138,691026,Masyn Winn,0,SS,Infielder,Active,St. Louis Cardinals,Hitter,Masyn,,R,R,2002-03-21,24,"5' 9""",69,185,Katy,TX,USA,14.0,48.0,7.0,9.0,0.0,1.0,2.0,.188,.339,.250,.589,,,,,,,,,,
138,701675,Nathan Church,27,LF,Outfielder,Active,St. Louis Cardinals,Hitter,Nathan,,L,L,2000-07-12,25,"5' 10""",70,180,Newport Beach,CA,USA,16.0,39.0,7.0,8.0,1.0,6.0,1.0,.205,.238,.308,.546,,,,,,,,,,
138,669357,Nolan Gorman,16,2B,Infielder,Active,St. Louis Cardinals,Hitter,Nolan,,L,R,2000-05-10,25,"6' 0""",72,225,Phoenix,AZ,USA,17.0,53.0,6.0,11.0,2.0,9.0,0.0,.208,.290,.321,.611,,,,,,,,,,
138,686780,Pedro Pagés,43,C,Catcher,Active,St. Louis Cardinals,Hitter,Pedro,,R,R,1998-09-17,27,"5' 11""",71,245,Maracay,,Venezuela,12.0,34.0,3.0,7.0,1.0,5.0,1.0,.206,.263,.324,.587,,,,,,,,,,
138,602104,Ramón Urías,29,3B,Infielder,Active,St. Louis Cardinals,Hitter,Ramón,,R,R,1994-06-03,31,"5' 9""",69,185,Magdalena de Kino,SO,Mexico,15.0,33.0,6.0,7.0,2.0,4.0,0.0,.212,.316,.485,.801,,,,,,,,,,
138,695336,Thomas Saggese,25,2B,Infielder,Active,St. Louis Cardinals,Hitter,Thomas,,R,R,2002-04-10,24,"5' 10""",70,185,Carlsbad,CA,USA,13.0,43.0,5.0,9.0,0.0,2.0,0.0,.209,.277,.256,.533,,,,,,,,,,
138,687363,Victor Scott II,11,CF,Outfielder,Active,St. Louis Cardinals,Hitter,Victor,,L,L,2001-02-12,25,"5' 10""",70,190,Atlanta,GA,USA,18.0,47.0,5.0,12.0,0.0,3.0,3.0,.255,.294,.277,.571,,,,,,,,,,
138,650968,Yohel Pozo,63,C,Catcher,Active,St. Louis Cardinals,Hitter,Yohel,,R,R,1997-06-14,28,"5' 11""",71,201,Maracaibo,,Venezuela,6.0,15.0,0.0,2.0,0.0,3.0,0.0,.133,.133,.200,.333,,,,,,,,,,
138,669467,Andre Pallante,53,P,Pitcher,Active,St. Louis Cardinals,Pitcher,Andre,,R,R,1998-09-18,27,"6' 0""",72,215,Mission Viejo,CA,USA,,,,,,,,,,,,3.0,3.0,15.0,1.0,1.0,4.80,1.53,7.0,8.0,0.0
138,669160,Dustin May,3,P,Pitcher,Active,St. Louis Cardinals,Pitcher,Dustin,Big Red,R,R,1997-09-06,28,"6' 6""",78,180,Justin,TX,USA,,,,,,,,,,,,4.0,4.0,19.1,2.0,2.0,6.98,1.60,15.0,4.0,0.0
138,666277,George Soriano,65,P,Pitcher,Active,St. Louis Cardinals,Pitcher,George,,R,R,1999-03-24,27,"6' 2""",74,210,San Pedro de Macoris,,Dominican Republic,,,,,,,,,,,,7.0,0.0,8.0,1.0,0.0,2.25,0.88,5.0,4.0,0.0
138,700669,Gordon Graceffo,44,P,Pitcher,Active,St. Louis Cardinals,Pitcher,Gordon,,R,R,2000-03-17,26,"6' 4""",76,220,Wayne,NJ,USA,,,,,,,,,,,,6.0,0.0,8.1,1.0,0.0,1.08,0.96,5.0,6.0,0.0
138,668941,JoJo Romero,59,P,Pitcher,Active,St. Louis Cardinals,Pitcher,JoJo,,L,L,1996-09-09,29,"5' 11""",71,215,Camarillo,CA,USA,,,,,,,,,,,,9.0,0.0,10.1,0.0,0.0,0.00,0.87,6.0,3.0,0.0
138,677865,Justin Bruihl,47,P,Pitcher,Active,St. Louis Cardinals,Pitcher,Justin,,L,L,1997-06-26,28,"6' 2""",74,215,Petaluma,CA,USA,,,,,,,,,,,,10.0,0.0,9.0,0.0,0.0,8.00,1.78,6.0,8.0,0.0
138,681517,Kyle Leahy,62,P,Pitcher,Active,St. Louis Cardinals,Pitcher,Kyle,,S,R,1997-06-04,28,"6' 5""",77,225,Boulder,CO,USA,,,,,,,,,,,,3.0,3.0,14.0,1.0,2.0,5.14,1.71,7.0,8.0,0.0
138,694335,Matt Svanson,49,P,Pitcher,Active,St. Louis Cardinals,Pitcher,Matt,,R,R,1999-01-31,27,"6' 5""",77,235,Lake Zurich,IL,USA,,,,,,,,,,,,8.0,0.0,9.2,0.0,1.0,13.97,2.48,9.0,6.0,0.0
138,669461,Matthew Liberatore,32,P,Pitcher,Active,St. Louis Cardinals,Pitcher,Matthew,,L,L,1999-11-06,26,"6' 4""",76,215,Peoria,AZ,USA,,,,,,,,,,,,4.0,4.0,21.0,0.0,1.0,4.29,1.57,12.0,8.0,0.0
138,700241,Michael McGreevy,36,P,Pitcher,Active,St. Louis Cardinals,Pitcher,Michael,,L,R,2000-07-08,25,"6' 4""",76,220,San Clemente,CA,USA,,,,,,,,,,,,4.0,4.0,21.2,1.0,1.0,2.49,0.83,12.0,3.0,0.0
138,676617,Riley O'Brien,61,P,Pitcher,Active,St. Louis Cardinals,Pitcher,Riley,,R,R,1995-02-06,31,"6' 4""",76,180,Seattle,WA,USA,,,,,,,,,,,,10.0,0.0,10.1,2.0,0.0,0.00,0.39,11.0,0.0,5.0
138,681676,Ryan Fernandez,64,P,Pitcher,Active,St. Louis Cardinals,Pitcher,Ryan,,R,R,1998-06-11,27,"6' 0""",72,200,Tampa,FL,USA,,,,,,,,,,,,1.0,0.0,1.2,0.0,0.0,0.00,2.40,2.0,0.0,0.0
138,592773,Ryne Stanek,55,P,Pitcher,Active,St. Louis Cardinals,Pitcher,Ryne,Stanny,R,R,1991-07-26,34,"6' 4""",76,226,St. Louis,MO,USA,,,,,,,,,,,,8.0,0.0,7.1,1.0,0.0,8.59,2.18,9.0,5.0,1.0
139,810938,Ben Williamson,15,3B,Infielder,Active,Tampa Bay Rays,Hitter,Ben,,R,R,2000-11-05,25,"6' 0""",72,210,Fairfax,VA,USA,17.0,50.0,11.0,13.0,0.0,6.0,2.0,.260,.327,.340,.667,,,,,,,,,,
139,656775,Cedric Mullins,31,CF,Outfielder,Active,Tampa Bay Rays,Hitter,Cedric,,L,L,1994-10-01,31,"5' 7""",67,175,Greensboro,NC,USA,16.0,56.0,5.0,8.0,1.0,5.0,3.0,.143,.183,.250,.433,,,,,,,,,,
139,802415,Chandler Simpson,14,LF,Outfielder,Active,Tampa Bay Rays,Hitter,Chandler,,L,R,2000-11-18,25,"5' 11""",71,170,Atlanta,GA,USA,18.0,64.0,9.0,24.0,0.0,4.0,7.0,.375,.403,.438,.841,,,,,,,,,,
139,676439,Hunter Feduccia,9,C,Catcher,Active,Tampa Bay Rays,Hitter,Hunter,,L,R,1997-06-05,28,"6' 1""",73,215,Lake Charles,LA,USA,9.0,19.0,2.0,4.0,0.0,1.0,0.0,.211,.318,.211,.529,,,,,,,,,,
139,641584,Jake Fraley,17,RF,Outfielder,Active,Tampa Bay Rays,Hitter,Jake,,L,L,1995-05-25,30,"5' 11""",71,206,Frederick,MD,USA,12.0,35.0,3.0,8.0,1.0,2.0,1.0,.229,.308,.400,.708,,,,,,,,,,
139,666018,Jonathan Aranda,8,1B,Infielder,Active,Tampa Bay Rays,Hitter,Jonathan,,L,R,1998-05-23,27,"6' 0""",72,215,Tijuana,BC,Mexico,17.0,66.0,9.0,15.0,3.0,15.0,0.0,.227,.316,.424,.740,,,,,,,,,,
139,676356,Jonny DeLuca,21,CF,Outfielder,Active,Tampa Bay Rays,Hitter,Jonny,,R,R,1998-07-10,27,"5' 10""",70,195,Thousand Oaks,CA,USA,14.0,36.0,6.0,10.0,2.0,9.0,1.0,.278,.297,.500,.797,,,,,,,,,,
139,691406,Junior Caminero,13,3B,Infielder,Active,Tampa Bay Rays,Hitter,Junior,,R,R,2003-07-05,22,"6' 1""",73,220,Santo Domingo,,Dominican Republic,18.0,65.0,9.0,15.0,3.0,6.0,0.0,.231,.346,.400,.746,,,,,,,,,,
139,663743,Nick Fortes,40,C,Catcher,Active,Tampa Bay Rays,Hitter,Nick,,R,R,1996-11-11,29,"5' 11""",71,198,Miami,FL,USA,15.0,46.0,4.0,14.0,1.0,7.0,0.0,.304,.333,.457,.790,,,,,,,,,,
139,680700,Richie Palacios,1,LF,Outfielder,Active,Tampa Bay Rays,Hitter,Richie,,L,R,1997-05-16,28,"5' 8""",68,185,Brooklyn,NY,USA,10.0,22.0,5.0,5.0,1.0,3.0,3.0,.227,.414,.364,.778,,,,,,,,,,
139,668723,Ryan Vilade,26,RF,Outfielder,Active,Tampa Bay Rays,Hitter,Ryan,,R,R,1999-02-18,27,"6' 1""",73,226,Grapevine,TX,USA,10.0,20.0,3.0,5.0,0.0,2.0,1.0,.250,.318,.300,.618,,,,,,,,,,
139,670764,Taylor Walls,6,SS,Infielder,Active,Tampa Bay Rays,Hitter,Taylor,,S,R,1996-07-10,29,"5' 9""",69,185,Cordele,GA,USA,9.0,25.0,6.0,8.0,0.0,2.0,2.0,.320,.370,.360,.730,,,,,,,,,,
139,650490,Yandy Díaz,2,1B,Infielder,Active,Tampa Bay Rays,Hitter,Yandy,Aranita Diaz,R,R,1991-08-08,34,"6' 0""",72,235,Sagua la Grande,,Cuba,18.0,66.0,10.0,24.0,3.0,16.0,1.0,.364,.462,.561,1.023,,,,,,,,,,
139,641329,Bryan Baker,47,P,Pitcher,Active,Tampa Bay Rays,Pitcher,Bryan,,R,R,1994-12-02,31,"6' 6""",78,235,Fort Walton Beach,FL,USA,,,,,,,,,,,,7.0,0.0,6.1,1.0,0.0,4.26,0.95,7.0,1.0,3.0
139,642121,Cole Sulser,71,P,Pitcher,Active,Tampa Bay Rays,Pitcher,Cole,,R,R,1990-03-12,36,"6' 0""",72,200,Santa Ysabel,CA,USA,,,,,,,,,,,,7.0,1.0,11.0,1.0,0.0,4.91,2.00,8.0,6.0,0.0
139,656876,Drew Rasmussen,57,P,Pitcher,Active,Tampa Bay Rays,Pitcher,Drew,,R,R,1995-07-27,30,"6' 1""",73,240,Puyallup,WA,USA,,,,,,,,,,,,3.0,3.0,16.0,1.0,0.0,1.13,0.56,17.0,1.0,0.0
139,643377,Griffin Jax,22,P,Pitcher,Active,Tampa Bay Rays,Pitcher,Griffin,Griff,R,R,1994-11-22,31,"6' 2""",74,195,Phoenix,AZ,USA,,,,,,,,,,,,7.0,0.0,5.1,0.0,2.0,8.44,2.06,4.0,4.0,0.0
139,685801,Hunter Bigge,43,P,Pitcher,Active,Tampa Bay Rays,Pitcher,Hunter,,R,R,1998-06-12,27,"6' 0""",72,215,Los Gatos,CA,USA,,,,,,,,,,,,5.0,0.0,5.1,0.0,0.0,1.69,1.13,2.0,5.0,0.0
139,693855,Ian Seymour,61,P,Pitcher,Active,Tampa Bay Rays,Pitcher,Ian,,L,L,1998-12-13,27,"6' 0""",72,215,Madison,CT,USA,,,,,,,,,,,,7.0,0.0,7.2,0.0,0.0,10.57,1.57,9.0,2.0,0.0
139,669947,Jesse Scholtens,65,P,Pitcher,Active,Tampa Bay Rays,Pitcher,Jesse,,R,R,1994-04-06,32,"6' 4""",76,240,Fairfield,CA,USA,,,,,,,,,,,,2.0,0.0,9.2,1.0,0.0,0.00,0.83,7.0,3.0,0.0
139,687330,Kevin Kelly,49,P,Pitcher,Active,Tampa Bay Rays,Pitcher,Kevin,,R,R,1997-11-28,28,"6' 2""",74,195,Springfield,VA,USA,,,,,,,,,,,,7.0,0.0,5.2,1.0,1.0,7.94,1.06,5.0,2.0,2.0
139,669438,Mason Englert,59,P,Pitcher,Active,Tampa Bay Rays,Pitcher,Mason,,S,R,1999-11-01,26,"6' 4""",76,205,Forney,TX,USA,,,,,,,,,,,,7.0,1.0,9.2,0.0,1.0,8.38,1.97,7.0,2.0,1.0
139,607259,Nick Martinez,28,P,Pitcher,Active,Tampa Bay Rays,Pitcher,Nick,Tricky,L,R,1990-08-05,35,"6' 1""",73,200,Miami,FL,USA,,,,,,,,,,,,3.0,3.0,16.2,0.0,0.0,2.16,0.96,11.0,4.0,0.0
139,663556,Shane McClanahan,18,P,Pitcher,Active,Tampa Bay Rays,Pitcher,Shane,,L,L,1997-04-28,28,"6' 3""",75,210,Baltimore,MD,USA,,,,,,,,,,,,3.0,3.0,13.2,1.0,1.0,3.95,1.17,13.0,11.0,0.0
139,571927,Steven Matz,32,P,Pitcher,Active,Tampa Bay Rays,Pitcher,Steven,Matzy,R,L,1991-05-29,34,"6' 2""",74,205,Stony Brook,NY,USA,,,,,,,,,,,,4.0,4.0,17.1,3.0,0.0,3.63,0.98,17.0,5.0,0.0
139,672782,Yoendrys Gómez,94,P,Pitcher,Active,Tampa Bay Rays,Pitcher,Yoendrys,,R,R,1999-10-15,26,"6' 3""",75,212,Nirgua,,Venezuela,,,,,,,,,,,,5.0,0.0,10.1,0.0,0.0,6.97,1.65,6.0,5.0,0.0
140,457705,Andrew McCutchen,4,RF,Outfielder,Active,Texas Rangers,Hitter,Andrew,Drusneeze,R,R,1986-10-10,39,"5' 10""",70,190,Fort Meade,FL,USA,12.0,27.0,3.0,6.0,1.0,4.0,0.0,.222,.250,.407,.657,,,,,,,,,,
140,607043,Brandon Nimmo,24,LF,Outfielder,Active,Texas Rangers,Hitter,Brandon,Tater,L,R,1993-03-27,33,"6' 1""",73,206,Cheyenne,WY,USA,18.0,72.0,12.0,23.0,3.0,9.0,1.0,.319,.388,.528,.916,,,,,,,,,,
140,608369,Corey Seager,5,SS,Infielder,Active,Texas Rangers,Hitter,Corey,Seags,L,R,1994-04-27,31,"6' 4""",76,215,Charlotte,NC,USA,18.0,64.0,12.0,13.0,5.0,12.0,1.0,.203,.321,.453,.774,,,,,,,,,,
140,643376,Danny Jansen,9,C,Catcher,Active,Texas Rangers,Hitter,Danny,Jano,R,R,1995-04-15,31,"6' 2""",74,240,Elmhurst,IL,USA,13.0,43.0,3.0,10.0,1.0,6.0,0.0,.233,.298,.349,.647,,,,,,,,,,
140,694497,Evan Carter,32,CF,Outfielder,Active,Texas Rangers,Hitter,Evan,,L,R,2002-08-29,23,"6' 2""",74,190,Elizabethton,TN,USA,18.0,51.0,8.0,10.0,2.0,4.0,3.0,.196,.339,.373,.712,,,,,,,,,,
140,677649,Ezequiel Duran,20,SS,Infielder,Active,Texas Rangers,Hitter,Ezequiel,,R,R,1999-05-22,26,"5' 10""",70,185,San Juan de la Maguana,,Dominican Republic,15.0,36.0,4.0,8.0,1.0,4.0,2.0,.222,.282,.333,.615,,,,,,,,,,
140,669394,Jake Burger,21,1B,Infielder,Active,Texas Rangers,Hitter,Jake,,R,R,1996-04-10,30,"6' 0""",72,230,St. Louis,MO,USA,18.0,71.0,8.0,18.0,5.0,15.0,0.0,.254,.284,.521,.805,,,,,,,,,,
140,592626,Joc Pederson,3,1B,Infielder,Active,Texas Rangers,Hitter,Joc,King,L,L,1992-04-21,33,"6' 1""",73,220,Palo Alto,CA,USA,16.0,40.0,5.0,8.0,1.0,2.0,0.0,.200,.267,.300,.567,,,,,,,,,,
140,673962,Josh Jung,6,3B,Infielder,Active,Texas Rangers,Hitter,Josh,,R,R,1998-02-12,28,"6' 1""",73,214,San Antonio,TX,USA,15.0,52.0,4.0,12.0,0.0,3.0,0.0,.231,.298,.288,.586,,,,,,,,,,
140,669701,Josh Smith,8,SS,Infielder,Active,Texas Rangers,Hitter,Josh,,L,R,1997-08-07,28,"5' 9""",69,172,Baton Rouge,LA,USA,17.0,53.0,3.0,9.0,0.0,4.0,1.0,.170,.254,.170,.424,,,,,,,,,,
140,543309,Kyle Higashioka,11,C,Catcher,Active,Texas Rangers,Hitter,Kyle,Higgy,R,R,1990-04-20,35,"6' 1""",73,202,Huntington Beach,CA,USA,7.0,21.0,4.0,7.0,1.0,3.0,0.0,.333,.417,.476,.893,,,,,,,,,,
140,664059,Sam Haggerty,0,CF,Outfielder,Active,Texas Rangers,Hitter,Sam,,S,R,1994-05-26,31,"5' 11""",71,175,Phoenix,AZ,USA,8.0,10.0,2.0,2.0,0.0,0.0,1.0,.200,.273,.200,.473,,,,,,,,,,
140,694671,Wyatt Langford,36,LF,Outfielder,Active,Texas Rangers,Hitter,Wyatt,,R,R,2001-11-15,24,"6' 0""",72,225,Trenton,FL,USA,15.0,60.0,5.0,11.0,1.0,3.0,1.0,.183,.210,.333,.543,,,,,,,,,,
140,615698,Cal Quantrill,44,P,Pitcher,Active,Texas Rangers,Pitcher,Cal,Quan,L,R,1995-02-10,31,"6' 3""",75,195,Port Hope,ON,Canada,,,,,,,,,,,,,,,,,,,,,
140,668390,Cole Winn,60,P,Pitcher,Active,Texas Rangers,Pitcher,Cole,,R,R,1999-11-25,26,"6' 2""",74,190,Longmont,CO,USA,,,,,,,,,,,,9.0,0.0,8.2,1.0,0.0,3.12,1.27,9.0,4.0,1.0
140,686560,Gavin Collyer,65,P,Pitcher,Active,Texas Rangers,Pitcher,Gavin,,R,R,2001-05-12,24,"6' 1""",73,165,Lawrenceville,GA,USA,,,,,,,,,,,,1.0,0.0,0.1,0.0,0.0,0.00,0.00,1.0,0.0,0.0
140,683004,Jack Leiter,22,P,Pitcher,Active,Texas Rangers,Pitcher,Jack,,R,R,2000-04-21,25,"6' 1""",73,205,Plantation,FL,USA,,,,,,,,,,,,3.0,3.0,14.2,1.0,1.0,4.91,1.36,21.0,6.0,0.0
140,656641,Jacob Latz,67,P,Pitcher,Active,Texas Rangers,Pitcher,Jacob,,R,L,1996-04-08,30,"6' 2""",74,185,Lemont,IL,USA,,,,,,,,,,,,8.0,1.0,11.1,0.0,1.0,1.59,0.53,10.0,3.0,0.0
140,594798,Jacob deGrom,48,P,Pitcher,Active,Texas Rangers,Pitcher,Jacob,Jake,L,R,1988-06-19,37,"6' 4""",76,180,DeLand,FL,USA,,,,,,,,,,,,3.0,3.0,15.2,1.0,0.0,2.87,0.96,22.0,4.0,0.0
140,596001,Jakob Junis,16,P,Pitcher,Active,Texas Rangers,Pitcher,Jakob,June Bug,R,R,1992-09-16,33,"6' 3""",75,238,Jacksonville,AR,USA,,,,,,,,,,,,7.0,0.0,8.0,0.0,0.0,0.00,0.50,6.0,1.0,3.0
140,656222,Jalen Beeks,68,P,Pitcher,Active,Texas Rangers,Pitcher,Jalen,Beeker,L,L,1993-07-10,32,"5' 11""",71,215,Fayetteville,AR,USA,,,,,,,,,,,,8.0,0.0,7.2,1.0,1.0,1.17,1.17,6.0,2.0,0.0
140,677958,Kumar Rocker,80,P,Pitcher,Active,Texas Rangers,Pitcher,Kumar,,R,R,1999-11-22,26,"6' 5""",77,245,Watkinsville,GA,USA,,,,,,,,,,,,3.0,3.0,14.2,0.0,1.0,4.30,1.50,14.0,7.0,0.0
140,669022,MacKenzie Gore,1,P,Pitcher,Active,Texas Rangers,Pitcher,MacKenzie,,L,L,1999-02-24,27,"6' 2""",74,193,Wilmington,NC,USA,,,,,,,,,,,,4.0,4.0,21.0,2.0,1.0,3.00,1.10,30.0,11.0,0.0
140,543135,Nathan Eovaldi,17,P,Pitcher,Active,Texas Rangers,Pitcher,Nathan,Nitro,R,R,1990-02-13,36,"6' 2""",74,217,Houston,TX,USA,,,,,,,,,,,,4.0,4.0,21.2,2.0,2.0,5.40,1.48,26.0,7.0,0.0
140,676395,Robert Garcia,62,P,Pitcher,Active,Texas Rangers,Pitcher,Robert,,R,L,1996-06-14,29,"6' 4""",76,236,Manteca,CA,USA,,,,,,,,,,,,8.0,0.0,7.2,0.0,1.0,3.52,1.57,6.0,7.0,0.0
140,641302,Tyler Alexander,13,P,Pitcher,Active,Texas Rangers,Pitcher,Tyler,Todd The Painter,R,L,1994-07-14,31,"6' 1""",73,214,Chicago,IL,USA,,,,,,,,,,,,8.0,0.0,9.1,0.0,0.0,0.96,1.18,9.0,3.0,2.0
141,665926,Andrés Giménez,0,2B,Infielder,Active,Toronto Blue Jays,Hitter,Andrés,,L,R,1998-09-04,27,"5' 11""",71,161,Barquisimeto,,Venezuela,18.0,64.0,6.0,18.0,3.0,11.0,3.0,.281,.324,.484,.808,,,,,,,,,,
141,678218,Brandon Valenzuela,59,C,Catcher,Active,Toronto Blue Jays,Hitter,Brandon,,S,R,2000-10-02,25,"6' 0""",72,225,Hermosillo,Sonora,Mexico,9.0,23.0,2.0,4.0,1.0,2.0,0.0,.174,.208,.304,.512,,,,,,,,,,
141,662139,Daulton Varsho,5,CF,Outfielder,Active,Toronto Blue Jays,Hitter,Daulton,,L,R,1996-07-02,29,"5' 8""",68,207,Marshfield,WI,USA,18.0,62.0,8.0,16.0,3.0,7.0,1.0,.258,.333,.468,.801,,,,,,,,,,
141,676914,Davis Schneider,36,LF,Outfielder,Active,Toronto Blue Jays,Hitter,Davis,,R,R,1999-01-26,27,"5' 8""",68,190,Berlin,NJ,USA,13.0,27.0,8.0,6.0,1.0,5.0,0.0,.222,.364,.407,.771,,,,,,,,,,
141,650391,Eloy Jiménez,74,OF,Outfielder,Active,Toronto Blue Jays,Hitter,Eloy,The Big Baby,R,R,1996-11-27,29,"6' 4""",76,250,Santo Domingo,,Dominican Republic,2.0,7.0,0.0,2.0,0.0,0.0,0.0,.286,.375,.286,.661,,,,,,,,,,
141,676391,Ernie Clement,22,3B,Infielder,Active,Toronto Blue Jays,Hitter,Ernie,,R,R,1996-03-22,30,"6' 0""",72,170,Rochester,NY,USA,18.0,72.0,6.0,21.0,0.0,5.0,1.0,.292,.301,.361,.662,,,,,,,,,,
141,660821,Jesús Sánchez,12,RF,Outfielder,Active,Toronto Blue Jays,Hitter,Jesús,,L,R,1997-10-07,28,"6' 3""",75,222,Higuey,,Dominican Republic,17.0,52.0,7.0,14.0,2.0,10.0,0.0,.269,.322,.442,.764,,,,,,,,,,
141,672960,Kazuma Okamoto,7,3B,Infielder,Active,Toronto Blue Jays,Hitter,Kazuma,,R,R,1996-06-30,29,"6' 1""",73,220,Gojo,,Japan,17.0,63.0,5.0,13.0,2.0,4.0,0.0,.206,.286,.317,.603,,,,,,,,,,
141,672820,Lenyn Sosa,50,2B,Infielder,Active,Toronto Blue Jays,Hitter,Lenyn,,R,R,2000-01-25,26,"5' 11""",71,210,Puerto Ordaz,,Venezuela,15.0,39.0,3.0,10.0,0.0,3.0,0.0,.256,.256,.359,.615,,,,,,,,,,
141,664702,Myles Straw,3,CF,Outfielder,Active,Toronto Blue Jays,Hitter,Myles,,R,R,1994-10-17,31,"5' 9""",69,178,Garden Grove,CA,USA,13.0,17.0,6.0,6.0,0.0,2.0,0.0,.353,.389,.412,.801,,,,,,,,,,
141,664770,Nathan Lukes,38,RF,Outfielder,Active,Toronto Blue Jays,Hitter,Nathan,,L,R,1994-07-12,31,"5' 11""",71,180,Sacramento,CA,USA,13.0,31.0,2.0,2.0,0.0,2.0,0.0,.065,.118,.065,.183,,,,,,,,,,
141,623168,Tyler Heineman,55,C,Catcher,Active,Toronto Blue Jays,Hitter,Tyler,,S,R,1991-06-19,34,"5' 10""",70,190,Pacific Palisades,CA,USA,11.0,18.0,3.0,6.0,0.0,1.0,0.0,.333,.400,.333,.733,2.0,0.0,3.0,0.0,0.0,15.00,2.67,0.0,1.0,0.0
141,665489,Vladimir Guerrero Jr.,27,1B,Infielder,Active,Toronto Blue Jays,Hitter,Vladimir,El K,R,R,1999-03-16,27,"6' 0""",72,245,Montreal,QC,Canada,18.0,63.0,7.0,20.0,1.0,7.0,1.0,.317,.434,.429,.863,,,,,,,,,,
141,680755,Braydon Fisher,63,P,Pitcher,Active,Toronto Blue Jays,Pitcher,Braydon,,R,R,2000-07-26,25,"6' 4""",76,180,League City,TX,USA,,,,,,,,,,,,8.0,0.0,9.2,0.0,0.0,0.93,0.72,12.0,1.0,0.0
141,656302,Dylan Cease,84,P,Pitcher,Active,Toronto Blue Jays,Pitcher,Dylan,Cease,R,R,1995-12-28,30,"6' 2""",74,200,Milton,GA,USA,,,,,,,,,,,,4.0,4.0,20.2,0.0,0.0,1.74,1.26,32.0,12.0,0.0
141,641778,Eric Lauer,56,P,Pitcher,Active,Toronto Blue Jays,Pitcher,Eric,Gomer,R,L,1995-06-03,30,"6' 3""",75,209,Elyria,OH,USA,,,,,,,,,,,,3.0,3.0,12.2,1.0,2.0,7.82,1.58,12.0,9.0,0.0
141,656546,Jeff Hoffman,23,P,Pitcher,Active,Toronto Blue Jays,Pitcher,Jeff,Hoff,R,R,1993-01-08,33,"6' 5""",77,235,Latham,NY,USA,,,,,,,,,,,,9.0,0.0,8.1,1.0,1.0,4.32,1.80,18.0,5.0,2.0
141,573009,Joe Mantiply,35,P,Pitcher,Active,Toronto Blue Jays,Pitcher,Joe,,R,L,1991-03-01,35,"6' 4""",76,219,Danville,VA,USA,,,,,,,,,,,,4.0,0.0,4.2,1.0,0.0,5.79,1.07,8.0,2.0,0.0
141,592332,Kevin Gausman,34,P,Pitcher,Active,Toronto Blue Jays,Pitcher,Kevin,Gausy,L,R,1991-01-06,35,"6' 2""",74,205,Centennial,CO,USA,,,,,,,,,,,,4.0,4.0,22.1,0.0,1.0,2.42,0.85,31.0,5.0,0.0
141,686973,Louis Varland,77,P,Pitcher,Active,Toronto Blue Jays,Pitcher,Louis,,L,R,1997-12-09,28,"6' 1""",73,205,St. Paul,MN,USA,,,,,,,,,,,,9.0,0.0,10.1,1.0,1.0,0.00,0.97,15.0,3.0,0.0
141,689254,Mason Fluharty,68,P,Pitcher,Active,Toronto Blue Jays,Pitcher,Mason,,R,L,2001-08-13,24,"6' 2""",74,215,Lewes,DE,USA,,,,,,,,,,,,10.0,1.0,7.0,0.0,0.0,5.14,1.57,10.0,4.0,0.0
141,453286,Max Scherzer,31,P,Pitcher,Active,Toronto Blue Jays,Pitcher,Max,Brown Eye,R,R,1984-07-27,41,"6' 3""",75,208,St. Louis,MO,USA,,,,,,,,,,,,3.0,3.0,10.1,1.0,2.0,9.58,1.45,9.0,4.0,0.0
141,571578,Patrick Corbin,46,P,Pitcher,Active,Toronto Blue Jays,Pitcher,Patrick,Corby,L,L,1989-07-19,36,"6' 4""",76,225,Clay,NY,USA,,,,,,,,,,,,2.0,2.0,8.0,0.0,0.0,5.63,1.38,6.0,2.0,0.0
141,693686,Spencer Miles,62,P,Pitcher,Active,Toronto Blue Jays,Pitcher,Spencer,,L,R,2000-07-26,25,"6' 3""",75,180,Columbia,MO,USA,,,,,,,,,,,,5.0,0.0,9.1,1.0,0.0,3.86,1.18,8.0,3.0,0.0
141,667297,Tommy Nance,45,P,Pitcher,Active,Toronto Blue Jays,Pitcher,Tommy,,R,R,1991-03-19,35,"6' 6""",78,235,Long Beach,CA,USA,,,,,,,,,,,,7.0,0.0,7.0,0.0,0.0,6.43,1.57,9.0,2.0,0.0
141,643511,Tyler Rogers,71,P,Pitcher,Active,Toronto Blue Jays,Pitcher,Tyler,,R,R,1990-12-17,35,"6' 3""",75,180,Denver,CO,USA,,,,,,,,,,,,9.0,0.0,9.2,1.0,1.0,0.93,1.24,5.0,4.0,0.0
142,668885,Austin Martin,16,CF,Outfielder,Active,Minnesota Twins,Hitter,Austin,,R,R,1999-03-23,27,"5' 10""",70,185,DeLand,FL,USA,17.0,38.0,9.0,12.0,1.0,3.0,2.0,.316,.500,.447,.947,,,,,,,,,,
142,686797,Brooks Lee,22,3B,Infielder,Active,Minnesota Twins,Hitter,Brooks,,S,R,2001-02-14,25,"6' 0""",72,205,San Luis Obispo,CA,USA,17.0,54.0,5.0,13.0,3.0,11.0,0.0,.241,.281,.426,.707,,,,,,,,,,
142,621439,Byron Buxton,25,CF,Outfielder,Active,Minnesota Twins,Hitter,Byron,Buck,R,R,1993-12-18,32,"6' 1""",73,190,Baxley,GA,USA,17.0,68.0,15.0,16.0,3.0,4.0,0.0,.235,.293,.441,.734,,,,,,,,,,
142,681546,James Outman,30,CF,Outfielder,Active,Minnesota Twins,Hitter,James,,L,R,1997-05-14,28,"6' 2""",74,215,Redwood City,CA,USA,15.0,18.0,1.0,0.0,0.0,0.0,2.0,.000,.100,.000,.100,,,,,,,,,,
142,605137,Josh Bell,56,1B,Infielder,Active,Minnesota Twins,Hitter,Josh,JB,S,R,1992-08-14,33,"6' 3""",75,261,Irving,TX,USA,19.0,63.0,15.0,15.0,3.0,14.0,0.0,.238,.347,.460,.807,,,,,,,,,,
142,665019,Kody Clemens,2,2B,Infielder,Active,Minnesota Twins,Hitter,Kody,,L,R,1996-05-15,29,"6' 0""",72,200,Houston,TX,USA,11.0,33.0,3.0,5.0,2.0,3.0,4.0,.152,.282,.333,.615,,,,,,,,,,
142,807712,Luke Keaschall,15,2B,Infielder,Active,Minnesota Twins,Hitter,Luke,,R,R,2002-08-15,23,"6' 0""",72,190,Watsonville,CA,USA,19.0,72.0,11.0,16.0,1.0,9.0,3.0,.222,.278,.292,.570,,,,,,,,,,
142,670242,Matt Wallner,38,RF,Outfielder,Active,Minnesota Twins,Hitter,Matt,,L,R,1997-12-12,28,"6' 4""",76,220,Forest Lake,MN,USA,18.0,68.0,11.0,13.0,3.0,6.0,0.0,.191,.276,.353,.629,,,,,,,,,,
142,680777,Ryan Jeffers,27,C,Catcher,Active,Minnesota Twins,Hitter,Ryan,,R,R,1997-06-03,28,"6' 2""",74,235,Raleigh,NC,USA,13.0,45.0,10.0,13.0,2.0,10.0,0.0,.289,.407,.467,.874,,,,,,,,,,
142,668952,Ryan Kreidler,5,CF,Outfielder,Active,Minnesota Twins,Hitter,Ryan,,R,R,1997-11-12,28,"6' 3""",75,208,Davis,CA,USA,3.0,11.0,2.0,2.0,2.0,4.0,0.0,.182,.250,.727,.977,,,,,,,,,,
142,663616,Trevor Larnach,9,RF,Outfielder,Active,Minnesota Twins,Hitter,Trevor,,L,R,1997-02-26,29,"6' 3""",75,223,Walnut Creek,CA,USA,13.0,30.0,6.0,8.0,1.0,7.0,0.0,.267,.421,.433,.854,,,,,,,,,,
142,656484,Tristan Gray,4,3B,Infielder,Active,Minnesota Twins,Hitter,Tristan,,L,R,1996-03-22,30,"6' 1""",73,215,Houston,TX,USA,10.0,27.0,4.0,8.0,2.0,11.0,0.0,.296,.355,.556,.911,,,,,,,,,,
142,605170,Victor Caratini,37,C,Catcher,Active,Minnesota Twins,Hitter,Victor,Vic,S,R,1993-08-17,32,"6' 0""",72,225,Ponce,,Puerto Rico,16.0,54.0,5.0,14.0,1.0,8.0,0.0,.259,.373,.333,.706,,,,,,,,,,
142,702193,Andrew Morris,78,P,Pitcher,Active,Minnesota Twins,Pitcher,Andrew,,R,R,2001-09-01,24,"6' 0""",72,195,New York,NY,USA,,,,,,,,,,,,1.0,0.0,3.0,0.0,0.0,3.00,2.00,2.0,0.0,0.0
142,607455,Anthony Banda,43,P,Pitcher,Active,Minnesota Twins,Pitcher,Anthony,,L,L,1993-08-10,32,"6' 2""",74,221,Corpus Christi,TX,USA,,,,,,,,,,,,9.0,0.0,8.2,1.0,0.0,10.38,1.62,8.0,2.0,0.0
142,641927,Bailey Ober,17,P,Pitcher,Active,Minnesota Twins,Pitcher,Bailey,,R,R,1995-07-12,30,"6' 9""",81,260,Huntersville,NC,USA,,,,,,,,,,,,4.0,4.0,19.2,2.0,0.0,5.49,1.27,14.0,5.0,0.0
142,663485,Cole Sands,44,P,Pitcher,Active,Minnesota Twins,Pitcher,Cole,,R,R,1997-07-17,28,"6' 3""",75,215,Tallahassee,FL,USA,,,,,,,,,,,,7.0,0.0,6.1,0.0,0.0,4.26,1.58,5.0,3.0,1.0
142,679358,Eric Orze,19,P,Pitcher,Active,Minnesota Twins,Pitcher,Eric,,R,R,1997-08-21,28,"6' 4""",76,205,Elk Grove,IL,USA,,,,,,,,,,,,7.0,0.0,7.2,0.0,0.0,3.52,1.43,5.0,4.0,1.0
142,670183,Garrett Acton,50,P,Pitcher,Active,Minnesota Twins,Pitcher,Garrett,,L,R,1998-06-15,27,"6' 2""",74,215,Naperville,IL,USA,,,,,,,,,,,,2.0,0.0,4.0,1.0,0.0,2.25,0.75,5.0,2.0,0.0
142,657746,Joe Ryan,41,P,Pitcher,Active,Minnesota Twins,Pitcher,Joe,,R,R,1996-06-05,29,"6' 2""",74,205,San Francisco,CA,USA,,,,,,,,,,,,4.0,4.0,21.1,2.0,1.0,3.80,0.98,22.0,6.0,0.0
142,623437,Justin Topa,48,P,Pitcher,Active,Minnesota Twins,Pitcher,Justin,,R,R,1991-03-07,35,"6' 4""",76,200,Binghamton,NY,USA,,,,,,,,,,,,11.0,0.0,8.2,0.0,1.0,4.15,1.62,5.0,4.0,1.0
142,681892,Kody Funderburk,57,P,Pitcher,Active,Minnesota Twins,Pitcher,Kody,,L,L,1996-11-27,29,"6' 4""",76,230,Mesa,AZ,USA,,,,,,,,,,,,10.0,0.0,7.2,1.0,1.0,2.35,1.70,8.0,7.0,1.0
142,690953,Mick Abel,20,P,Pitcher,Active,Minnesota Twins,Pitcher,Mick,,R,R,2001-08-18,24,"6' 5""",77,190,Portland,OR,USA,,,,,,,,,,,,4.0,3.0,20.1,1.0,2.0,3.98,1.57,23.0,10.0,0.0
142,680573,Simeon Woods Richardson,24,P,Pitcher,Active,Minnesota Twins,Pitcher,Simeon,,R,R,2000-09-27,25,"6' 3""",75,210,Sugar Land,TX,USA,,,,,,,,,,,,4.0,4.0,20.2,0.0,3.0,6.10,1.60,11.0,7.0,0.0
142,671737,Taj Bradley,26,P,Pitcher,Active,Minnesota Twins,Pitcher,Taj,,R,R,2001-03-20,25,"6' 2""",74,220,Los Angeles,CA,USA,,,,,,,,,,,,4.0,4.0,21.2,3.0,0.0,1.25,1.25,29.0,8.0,0.0
142,573124,Taylor Rogers,55,P,Pitcher,Active,Minnesota Twins,Pitcher,Taylor,Lefty Piece,L,L,1990-12-17,35,"6' 3""",75,190,Denver,CO,USA,,,,,,,,,,,,8.0,0.0,7.1,0.0,0.0,3.68,1.64,7.0,3.0,0.0
143,666969,Adolis García,53,RF,Outfielder,Active,Philadelphia Phillies,Hitter,Adolis,El Bombi,R,R,1993-03-02,33,"6' 0""",72,205,Ciego de Avila,,Cuba,18.0,65.0,5.0,15.0,2.0,5.0,1.0,.231,.301,.385,.686,,,,,,,,,,
143,664761,Alec Bohm,28,3B,Infielder,Active,Philadelphia Phillies,Hitter,Alec,,R,R,1996-08-03,29,"6' 4""",76,218,Omaha,NE,USA,17.0,62.0,4.0,9.0,1.0,10.0,0.0,.145,.217,.210,.427,,,,,,,,,,
143,669016,Brandon Marsh,16,CF,Outfielder,Active,Philadelphia Phillies,Hitter,Brandon,,L,R,1997-12-18,28,"6' 2""",74,215,Buford,GA,USA,17.0,62.0,8.0,18.0,2.0,11.0,2.0,.290,.318,.452,.770,,,,,,,,,,
143,547180,Bryce Harper,3,1B,Infielder,Active,Philadelphia Phillies,Hitter,Bryce,Harp,L,R,1992-10-16,33,"6' 1""",73,210,Las Vegas,NV,USA,18.0,66.0,10.0,17.0,4.0,11.0,1.0,.258,.355,.515,.870,,,,,,,,,,
143,681082,Bryson Stott,5,2B,Infielder,Active,Philadelphia Phillies,Hitter,Bryson,,L,R,1997-10-06,28,"6' 0""",72,200,Las Vegas,NV,USA,15.0,54.0,2.0,11.0,0.0,3.0,4.0,.204,.271,.222,.493,,,,,,,,,,
143,664238,Dylan Moore,25,2B,Infielder,Active,Philadelphia Phillies,Hitter,Dylan,D Mo,R,R,1992-08-02,33,"6' 1""",73,205,Yorba Linda,CA,USA,8.0,6.0,1.0,0.0,0.0,0.0,0.0,.000,.250,.000,.250,2.0,0.0,1.2,0.0,0.0,5.40,1.20,0.0,1.0,0.0
143,624641,Edmundo Sosa,33,2B,Infielder,Active,Philadelphia Phillies,Hitter,Edmundo,,R,R,1996-03-06,30,"5' 11""",71,210,Panama City,,Panama,9.0,21.0,4.0,6.0,1.0,5.0,0.0,.286,.348,.524,.872,,,,,,,,,,
143,592663,J.T. Realmuto,10,C,Catcher,Active,Philadelphia Phillies,Hitter,J.T.,Real,R,R,1991-03-18,35,"6' 0""",72,212,Del City,OK,USA,14.0,44.0,5.0,12.0,1.0,4.0,0.0,.273,.373,.386,.759,,,,,,,,,,
143,702222,Justin Crawford,2,CF,Outfielder,Active,Philadelphia Phillies,Hitter,Justin,,L,R,2004-01-13,22,"6' 2""",74,188,Phoenix,AZ,USA,17.0,53.0,7.0,15.0,0.0,1.0,1.0,.283,.345,.396,.741,,,,,,,,,,
143,656941,Kyle Schwarber,12,LF,Outfielder,Active,Philadelphia Phillies,Hitter,Kyle,Schwarbs,L,R,1993-03-05,33,"5' 11""",71,229,Middletown,OH,USA,18.0,63.0,12.0,14.0,6.0,12.0,0.0,.222,.380,.556,.936,,,,,,,,,,
143,805249,Otto Kemp,4,OF,Outfielder,Active,Philadelphia Phillies,Hitter,Otto,,R,R,1999-09-09,26,"5' 11""",71,185,Fullerton,CA,USA,9.0,16.0,0.0,2.0,0.0,0.0,0.0,.125,.222,.125,.347,,,,,,,,,,
143,665561,Rafael Marchán,13,C,Catcher,Active,Philadelphia Phillies,Hitter,Rafael,,S,R,1999-02-25,27,"5' 9""",69,170,San Cristobal,,Venezuela,6.0,21.0,1.0,1.0,1.0,2.0,0.0,.048,.091,.190,.281,,,,,,,,,,
143,607208,Trea Turner,7,SS,Infielder,Active,Philadelphia Phillies,Hitter,Trea,T2,R,R,1993-06-30,32,"6' 1""",73,185,Boynton Beach,FL,USA,18.0,73.0,13.0,19.0,2.0,7.0,1.0,.260,.308,.397,.705,,,,,,,,,,
143,605400,Aaron Nola,27,P,Pitcher,Active,Philadelphia Phillies,Pitcher,Aaron,Nols,R,R,1993-06-04,32,"6' 2""",74,200,Baton Rouge,LA,USA,,,,,,,,,,,,4.0,4.0,22.1,1.0,1.0,4.03,1.30,24.0,6.0,0.0
143,691725,Andrew Painter,24,P,Pitcher,Active,Philadelphia Phillies,Pitcher,Andrew,,R,R,2003-04-10,23,"6' 7""",79,215,Pompano Beach,FL,USA,,,,,,,,,,,,3.0,2.0,14.1,1.0,0.0,3.77,1.33,16.0,3.0,0.0
143,641745,Brad Keller,40,P,Pitcher,Active,Philadelphia Phillies,Pitcher,Brad,Yeldarb,R,R,1995-07-27,30,"6' 5""",77,255,Snellville,GA,USA,,,,,,,,,,,,8.0,0.0,7.2,0.0,0.0,4.70,1.30,8.0,2.0,0.0
143,663767,Chase Shugart,55,P,Pitcher,Active,Philadelphia Phillies,Pitcher,Chase,,L,R,1996-10-24,29,"5' 11""",71,200,Bridge City,TX,USA,,,,,,,,,,,,1.0,0.0,2.0,0.0,0.0,0.00,1.50,3.0,1.0,0.0
143,650911,Cristopher Sánchez,61,P,Pitcher,Active,Philadelphia Phillies,Pitcher,Cristopher,,L,L,1996-12-12,29,"6' 6""",78,200,La Romana,,Dominican Republic,,,,,,,,,,,,4.0,4.0,22.1,2.0,1.0,2.01,1.39,31.0,7.0,0.0
143,666200,Jesús Luzardo,44,P,Pitcher,Active,Philadelphia Phillies,Pitcher,Jesús,,L,L,1997-09-30,28,"6' 0""",72,218,Lima,,Peru,,,,,,,,,,,,4.0,4.0,22.2,1.0,3.0,7.94,1.46,30.0,5.0,0.0
143,661395,Jhoan Duran,59,P,Pitcher,Active,Philadelphia Phillies,Pitcher,Jhoan,,R,R,1998-01-08,28,"6' 5""",77,230,Esperanza,,Dominican Republic,,,,,,,,,,,,7.0,0.0,6.2,1.0,1.0,1.35,0.75,8.0,0.0,5.0
143,621237,José Alvarado,46,P,Pitcher,Active,Philadelphia Phillies,Pitcher,José,El Pocho,L,L,1995-05-21,30,"6' 2""",74,245,Maracaibo,,Venezuela,,,,,,,,,,,,9.0,0.0,6.0,0.0,1.0,10.50,2.00,8.0,3.0,0.0
143,679775,Kyle Backhus,19,P,Pitcher,Active,Philadelphia Phillies,Pitcher,Kyle,,L,L,1998-01-31,28,"6' 4""",76,185,New Waverly,TX,USA,,,,,,,,,,,,5.0,0.0,4.2,0.0,0.0,7.71,1.71,7.0,1.0,0.0
143,689147,Orion Kerkering,50,P,Pitcher,Active,Philadelphia Phillies,Pitcher,Orion,,R,R,2001-04-04,25,"6' 2""",74,204,Huntington Beach,CA,USA,,,,,,,,,,,,4.0,0.0,4.1,0.0,0.0,4.15,1.15,4.0,1.0,0.0
143,592836,Taijuan Walker,99,P,Pitcher,Active,Philadelphia Phillies,Pitcher,Taijuan,Tai Weezy,R,R,1992-08-13,33,"6' 4""",76,235,Shreveport,LA,USA,,,,,,,,,,,,3.0,3.0,14.2,1.0,2.0,7.36,1.91,12.0,7.0,0.0
143,621383,Tanner Banks,58,P,Pitcher,Active,Philadelphia Phillies,Pitcher,Tanner,,R,L,1991-10-24,34,"6' 1""",73,205,Riverton,UT,USA,,,,,,,,,,,,6.0,0.0,6.2,0.0,0.0,5.40,1.35,7.0,1.0,0.0
143,641835,Tim Mayza,37,P,Pitcher,Active,Philadelphia Phillies,Pitcher,Tim,Mayz,L,L,1992-01-15,34,"6' 3""",75,215,Allentown,PA,USA,,,,,,,,,,,,8.0,0.0,9.0,0.0,1.0,3.00,0.67,10.0,3.0,0.0
144,663586,Austin Riley,27,3B,Infielder,Active,Atlanta Braves,Hitter,Austin,Ocho,R,R,1997-04-02,29,"6' 1""",73,225,Memphis,TN,USA,19.0,70.0,10.0,16.0,1.0,9.0,2.0,.229,.316,.329,.645,,,,,,,,,,
144,642086,Dominic Smith,8,1B,Infielder,Active,Atlanta Braves,Hitter,Dominic,Sug,L,L,1995-06-15,30,"5' 11""",71,224,Los Angeles,CA,USA,15.0,42.0,9.0,16.0,3.0,15.0,0.0,.381,.400,.643,1.043,,,,,,,,,,
144,686948,Drake Baldwin,30,C,Catcher,Active,Atlanta Braves,Hitter,Drake,,L,R,2001-03-28,25,"6' 0""",72,225,Madison,WI,USA,19.0,78.0,19.0,25.0,5.0,19.0,0.0,.321,.384,.551,.935,,,,,,,,,,
144,642201,Eli White,36,RF,Outfielder,Active,Atlanta Braves,Hitter,Eli,,R,R,1994-06-26,31,"6' 2""",74,195,Greenville,SC,USA,7.0,13.0,1.0,2.0,0.0,2.0,0.0,.154,.200,.231,.431,,,,,,,,,,
144,641680,Jonah Heim,20,C,Catcher,Active,Atlanta Braves,Hitter,Jonah,,S,R,1995-06-27,30,"6' 4""",76,220,Buffalo,NY,USA,6.0,19.0,1.0,3.0,0.0,2.0,0.0,.158,.273,.211,.484,,,,,,,,,,
144,622761,Jorge Mateo,2,SS,Infielder,Active,Atlanta Braves,Hitter,Jorge,,R,R,1995-06-23,30,"6' 0""",72,200,Santo Domingo Oeste,,Dominican Republic,9.0,16.0,7.0,7.0,1.0,3.0,1.0,.438,.471,.688,1.159,,,,,,,,,,
144,571657,Kyle Farmer,15,2B,Infielder,Active,Atlanta Braves,Hitter,Kyle,Farm Dawg,R,R,1990-08-17,35,"5' 11""",71,205,Atlanta,GA,USA,5.0,6.0,1.0,2.0,0.0,3.0,0.0,.333,.286,.500,.786,,,,,,,,,,
144,621566,Matt Olson,28,1B,Infielder,Active,Atlanta Braves,Hitter,Matt,Oly,L,R,1994-03-29,32,"6' 4""",76,225,Atlanta,GA,USA,19.0,75.0,15.0,22.0,5.0,14.0,0.0,.293,.369,.613,.982,,,,,,,,,,
144,643289,Mauricio Dubón,14,2B,Infielder,Active,Atlanta Braves,Hitter,Mauricio,,R,R,1994-07-19,31,"5' 11""",71,173,San Pedro Sula,,Honduras,18.0,66.0,11.0,22.0,2.0,12.0,0.0,.333,.371,.515,.886,,,,,,,,,,
144,671739,Michael Harris II,23,CF,Outfielder,Active,Atlanta Braves,Hitter,Michael,,L,L,2001-03-07,25,"5' 11""",71,195,DeKalb,GA,USA,17.0,62.0,5.0,14.0,2.0,7.0,2.0,.226,.262,.339,.601,,,,,,,,,,
144,573262,Mike Yastrzemski,18,RF,Outfielder,Active,Atlanta Braves,Hitter,Mike,Yaz,L,L,1990-08-23,35,"5' 10""",70,180,Andover,MA,USA,18.0,59.0,8.0,12.0,0.0,4.0,1.0,.203,.309,.271,.580,,,,,,,,,,
144,645277,Ozzie Albies,1,2B,Infielder,Active,Atlanta Braves,Hitter,Ozzie,Bolly,S,R,1997-01-07,29,"5' 7""",67,165,Willemstad,,Curacao,19.0,73.0,13.0,21.0,4.0,8.0,0.0,.288,.338,.466,.804,,,,,,,,,,
144,660670,Ronald Acuña Jr.,13,RF,Outfielder,Active,Atlanta Braves,Hitter,Ronald,El De La Sabana,R,R,1997-12-18,28,"6' 0""",72,205,La Guaira,,Venezuela,19.0,73.0,6.0,18.0,1.0,5.0,4.0,.247,.341,.384,.725,,,,,,,,,,
144,607481,Aaron Bummer,49,P,Pitcher,Active,Atlanta Braves,Pitcher,Aaron,Bum,L,L,1993-09-21,32,"6' 3""",75,215,Valencia,CA,USA,,,,,,,,,,,,7.0,0.0,5.0,0.0,1.0,5.40,1.60,5.0,3.0,0.0
144,693821,Bryce Elder,55,P,Pitcher,Active,Atlanta Braves,Pitcher,Bryce,,R,R,1999-05-19,26,"6' 2""",74,220,Decatur,TX,USA,,,,,,,,,,,,4.0,4.0,23.1,2.0,1.0,0.77,1.03,23.0,7.0,0.0
144,519242,Chris Sale,51,P,Pitcher,Active,Atlanta Braves,Pitcher,Chris,The Conductor,L,L,1989-03-30,37,"6' 6""",78,180,Lakeland,FL,USA,,,,,,,,,,,,4.0,4.0,22.0,3.0,1.0,3.27,1.05,22.0,6.0,0.0
144,669276,Dylan Lee,52,P,Pitcher,Active,Atlanta Braves,Pitcher,Dylan,,L,L,1994-08-01,31,"6' 3""",75,214,Dinuba,CA,USA,,,,,,,,,,,,9.0,0.0,8.0,0.0,0.0,1.13,0.75,8.0,1.0,0.0
144,656550,Grant Holmes,66,P,Pitcher,Active,Atlanta Braves,Pitcher,Grant,,L,R,1996-03-22,30,"6' 0""",72,226,Conway,SC,USA,,,,,,,,,,,,4.0,4.0,21.2,1.0,1.0,3.32,1.11,17.0,10.0,0.0
144,641656,Ian Hamilton,71,P,Pitcher,Active,Atlanta Braves,Pitcher,Ian,,R,R,1995-06-16,30,"6' 1""",73,200,Dover,NH,USA,,,,,,,,,,,,,,,,,,,,,
144,606303,Joel Payamps,34,P,Pitcher,Active,Atlanta Braves,Pitcher,Joel,,R,R,1994-04-07,32,"6' 3""",75,214,Santiago,,Dominican Republic,,,,,,,,,,,,7.0,0.0,3.1,0.0,1.0,5.40,1.80,5.0,1.0,0.0
144,660761,José Suarez,54,P,Pitcher,Active,Atlanta Braves,Pitcher,José,Ranciss,L,L,1998-01-03,28,"5' 10""",70,225,Naguanagua,,Venezuela,,,,,,,,,,,,4.0,1.0,8.1,0.0,1.0,8.64,2.28,11.0,4.0,0.0
144,628452,Raisel Iglesias,26,P,Pitcher,Active,Atlanta Braves,Pitcher,Raisel,Oliver,R,R,1990-01-04,36,"6' 2""",74,190,Isla de la Juventud,,Cuba,7.0,0.0,0.0,0.0,0.0,0.0,0.0,.000,.000,.000,.000,7.0,0.0,7.2,0.0,0.0,0.00,0.52,10.0,0.0,4.0
144,625643,Reynaldo López,40,P,Pitcher,Active,Atlanta Braves,Pitcher,Reynaldo,Rey,R,R,1994-01-04,32,"6' 1""",73,225,San Pedro de Macoris,,Dominican Republic,,,,,,,,,,,,4.0,4.0,20.2,1.0,0.0,2.18,1.11,19.0,8.0,0.0
144,663158,Robert Suarez,75,P,Pitcher,Active,Atlanta Braves,Pitcher,Robert,,R,R,1991-03-01,35,"6' 2""",74,210,Bolivar,,Venezuela,8.0,0.0,0.0,0.0,0.0,0.0,0.0,.000,.000,.000,.000,8.0,0.0,7.2,2.0,0.0,1.17,1.04,8.0,1.0,0.0
144,641755,Tyler Kinley,45,P,Pitcher,Active,Atlanta Braves,Pitcher,Tyler,TK,R,R,1991-01-31,35,"6' 4""",76,220,Plantation,FL,USA,,,,,,,,,,,,9.0,0.0,8.0,2.0,0.0,1.13,0.75,6.0,2.0,0.0
145,643217,Andrew Benintendi,23,LF,Outfielder,Active,Chicago White Sox,Hitter,Andrew,Benny,L,L,1994-07-06,31,"5' 9""",69,185,Cincinnati,OH,USA,17.0,45.0,2.0,8.0,0.0,2.0,0.0,.178,.245,.289,.534,,,,,,,,,,
145,805367,Chase Meidroth,10,SS,Infielder,Active,Chicago White Sox,Hitter,Chase,,R,R,2001-07-23,24,"5' 9""",69,190,Torrance,CA,USA,17.0,60.0,7.0,13.0,1.0,2.0,1.0,.217,.309,.317,.626,,,,,,,,,,
145,695657,Colson Montgomery,12,SS,Infielder,Active,Chicago White Sox,Hitter,Colson,,L,R,2002-02-27,24,"6' 3""",75,230,Holland,IN,USA,18.0,63.0,5.0,11.0,3.0,9.0,1.0,.175,.268,.365,.633,,,,,,,,,,
145,656537,Derek Hill,25,CF,Outfielder,Active,Chicago White Sox,Hitter,Derek,,R,R,1995-12-30,30,"6' 0""",72,206,Des Moines,IA,USA,15.0,19.0,3.0,5.0,0.0,0.0,3.0,.263,.391,.263,.654,,,,,,,,,,
145,700337,Edgar Quero,26,C,Catcher,Active,Chicago White Sox,Hitter,Edgar,,S,R,2003-04-06,23,"5' 10""",70,205,Cienfuegos,,Cuba,15.0,42.0,1.0,6.0,0.0,0.0,1.0,.143,.234,.143,.377,,,,,,,,,,
145,677592,Everson Pereira,28,CF,Outfielder,Active,Chicago White Sox,Hitter,Everson,,R,R,2001-04-10,25,"5' 11""",71,203,Cabudare,,Venezuela,7.0,21.0,4.0,5.0,2.0,4.0,0.0,.238,.273,.571,.844,,,,,,,,,,
145,682668,Luisangel Acuña,0,2B,Infielder,Active,Chicago White Sox,Hitter,Luisangel,Jose,R,R,2002-03-12,24,"5' 7""",67,181,Caracas,,Venezuela,16.0,53.0,4.0,9.0,0.0,2.0,4.0,.170,.211,.170,.381,,,,,,,,,,
145,678246,Miguel Vargas,20,3B,Infielder,Active,Chicago White Sox,Hitter,Miguel,,R,R,1999-11-17,26,"6' 2""",74,225,Havana,,Cuba,18.0,59.0,9.0,9.0,1.0,7.0,3.0,.153,.292,.288,.580,,,,,,,,,,
145,808959,Munetaka Murakami,5,3B,Infielder,Active,Chicago White Sox,Hitter,Munetaka,,L,R,2000-02-02,26,"6' 2""",74,213,Kumamoto,,Japan,19.0,57.0,12.0,10.0,5.0,9.0,0.0,.175,.360,.439,.799,,,,,,,,,,
145,624512,Reese McGuire,30,C,Catcher,Active,Chicago White Sox,Hitter,Reese,Pieces,L,R,1995-03-02,31,"6' 0""",72,230,Seattle,WA,USA,8.0,20.0,0.0,4.0,0.0,1.0,0.0,.200,.238,.200,.438,1.0,0.0,1.0,0.0,0.0,0.00,0.00,0.0,0.0,0.0
145,803011,Sam Antonacci,17,SS,Infielder,Active,Chicago White Sox,Hitter,Sam,,L,R,2003-02-06,23,"5' 11""",71,193,Springfield,IL,USA,2.0,3.0,1.0,1.0,0.0,0.0,0.0,.333,.500,.333,.833,,,,,,,,,,
145,695020,Tanner Murray,41,2B,Infielder,Active,Chicago White Sox,Hitter,Tanner,,R,R,1999-09-03,26,"6' 1""",73,190,Santa Clara,CA,USA,8.0,18.0,2.0,5.0,1.0,2.0,0.0,.278,.350,.444,.794,,,,,,,,,,
145,671976,Tristan Peters,29,LF,Outfielder,Active,Chicago White Sox,Hitter,Tristan,,L,R,2000-02-29,26,"6' 0""",72,180,Winkler,MB,Canada,16.0,40.0,1.0,9.0,0.0,1.0,1.0,.225,.279,.250,.529,,,,,,,,,,
145,641743,Anthony Kay,18,P,Pitcher,Active,Chicago White Sox,Pitcher,Anthony,,L,L,1995-03-21,31,"6' 0""",72,225,Stony Brook,NY,USA,,,,,,,,,,,,4.0,2.0,15.1,1.0,0.0,2.35,1.11,12.0,8.0,0.0
145,663542,Bryan Hudson,60,P,Pitcher,Active,Chicago White Sox,Pitcher,Bryan,,L,L,1997-05-08,28,"6' 8""",80,248,Godfrey,IL,USA,,,,,,,,,,,,8.0,0.0,7.2,0.0,0.0,2.35,1.30,9.0,4.0,0.0
145,663436,Davis Martin,65,P,Pitcher,Active,Chicago White Sox,Pitcher,Davis,,L,R,1997-01-04,29,"6' 2""",74,215,Abilene,TX,USA,,,,,,,,,,,,3.0,3.0,18.0,2.0,1.0,2.50,1.11,15.0,4.0,0.0
145,607200,Erick Fedde,47,P,Pitcher,Active,Chicago White Sox,Pitcher,Erick,Feddeccini,R,R,1993-02-25,33,"6' 4""",76,205,Las Vegas,NV,USA,,,,,,,,,,,,3.0,2.0,16.0,0.0,3.0,3.38,1.06,12.0,3.0,0.0
145,691799,Grant Taylor,31,P,Pitcher,Active,Chicago White Sox,Pitcher,Grant,,R,R,2002-05-20,23,"6' 3""",75,230,Florence,AL,USA,,,,,,,,,,,,7.0,4.0,8.1,0.0,0.0,1.08,0.96,10.0,2.0,0.0
145,663855,Jordan Hicks,44,P,Pitcher,Active,Chicago White Sox,Pitcher,Jordan,Type 1,R,R,1996-09-06,29,"6' 2""",74,217,Houston,TX,USA,,,,,,,,,,,,9.0,0.0,9.0,0.0,1.0,6.00,1.89,5.0,7.0,1.0
145,673929,Jordan Leasure,49,P,Pitcher,Active,Chicago White Sox,Pitcher,Jordan,,R,R,1998-08-15,27,"6' 3""",75,220,Riverview,FL,USA,,,,,,,,,,,,9.0,1.0,10.1,1.0,0.0,3.48,0.97,9.0,4.0,0.0
145,608371,Lucas Sims,39,P,Pitcher,Active,Chicago White Sox,Pitcher,Lucas,Loosh,R,R,1994-05-10,31,"6' 2""",74,213,Lawrenceville,GA,USA,,,,,,,,,,,,5.0,0.0,6.2,0.0,1.0,4.05,1.50,6.0,3.0,0.0
145,702273,Noah Schultz,22,P,Pitcher,Active,Chicago White Sox,Pitcher,Noah,,L,L,2003-08-05,22,"6' 10""",82,240,Naperville,IL,USA,,,,,,,,,,,,1.0,1.0,4.1,0.0,1.0,6.23,1.62,4.0,4.0,0.0
145,680732,Sean Burke,59,P,Pitcher,Active,Chicago White Sox,Pitcher,Sean,,R,R,1999-12-18,26,"6' 6""",78,240,Sutton,MA,USA,,,,,,,,,,,,4.0,3.0,20.1,0.0,2.0,4.43,1.28,17.0,6.0,0.0
145,656794,Sean Newcomb,15,P,Pitcher,Active,Chicago White Sox,Pitcher,Sean,Newk,L,L,1993-06-12,32,"6' 5""",77,255,Brockton,MA,USA,,,,,,,,,,,,8.0,0.0,10.2,0.0,0.0,5.06,1.50,10.0,5.0,0.0
145,622554,Seranthony Domínguez,58,P,Pitcher,Active,Chicago White Sox,Pitcher,Seranthony,Sir Anthony,R,R,1994-11-25,31,"6' 1""",73,225,Esperanza Valverde Mao,,Dominican Republic,,,,,,,,,,,,6.0,0.0,5.2,1.0,1.0,3.18,1.41,7.0,4.0,3.0
145,656457,Tyler Gilbert,40,P,Pitcher,Active,Chicago White Sox,Pitcher,Tyler,,L,L,1993-12-22,32,"6' 3""",75,225,Santa Cruz,CA,USA,,,,,,,,,,,,2.0,0.0,2.2,0.0,0.0,20.25,2.63,2.0,3.0,0.0
146,682663,Agustín Ramírez,50,C,Catcher,Active,Miami Marlins,Hitter,Agustín,,R,R,2001-09-10,24,"6' 1""",73,210,Santo Domingo,,Dominican Republic,18.0,64.0,10.0,16.0,1.0,9.0,1.0,.250,.338,.375,.713,,,,,,,,,,
146,596103,Austin Slater,15,LF,Outfielder,Active,Miami Marlins,Hitter,Austin,AC,R,R,1992-12-13,33,"6' 1""",73,205,Jacksonville,FL,USA,10.0,21.0,1.0,4.0,0.0,1.0,1.0,.190,.308,.190,.498,,,,,,,,,,
146,681393,Connor Norby,1,3B,Infielder,Active,Miami Marlins,Hitter,Connor,,R,R,2000-06-08,25,"5' 10""",70,180,Brooklyn Park,MN,USA,17.0,55.0,6.0,15.0,2.0,6.0,0.0,.273,.379,.473,.852,,,,,,,,,,
146,691277,Deyvison De Los Santos,63,3B,Infielder,Active,Miami Marlins,Hitter,Deyvison,,R,R,2003-06-21,22,"6' 1""",73,185,Santo Domingo,,Dominican Republic,3.0,7.0,0.0,2.0,0.0,0.0,0.0,.286,.286,.429,.715,,,,,,,,,,
146,688363,Graham Pauley,21,3B,Infielder,Active,Miami Marlins,Hitter,Graham,,L,R,2000-09-24,25,"6' 1""",73,200,Alpharetta,GA,USA,15.0,44.0,5.0,8.0,0.0,5.0,1.0,.182,.200,.318,.518,,,,,,,,,,
146,681715,Heriberto Hernández,13,LF,Outfielder,Active,Miami Marlins,Hitter,Heriberto,,R,R,1999-12-16,26,"5' 11""",71,195,Bonao,,Dominican Republic,15.0,47.0,3.0,7.0,0.0,6.0,3.0,.149,.259,.191,.450,,,,,,,,,,
146,805300,Jakob Marsee,87,CF,Outfielder,Active,Miami Marlins,Hitter,Jakob,,L,L,2001-06-28,24,"6' 0""",72,180,Dearborn,MI,USA,19.0,73.0,13.0,12.0,0.0,4.0,8.0,.164,.279,.233,.512,,,,,,,,,,
146,691594,Javier Sanoja,8,2B,Infielder,Active,Miami Marlins,Hitter,Javier,,R,R,2002-09-03,23,"5' 7""",67,150,Maracay,,Venezuela,13.0,42.0,1.0,15.0,0.0,7.0,2.0,.357,.372,.429,.801,,,,,,,,,,
146,677870,Leo Jiménez,19,SS,Infielder,Active,Miami Marlins,Hitter,Leo,,R,R,2001-05-17,24,"5' 10""",70,215,Chitre,,Panama,6.0,11.0,0.0,3.0,0.0,0.0,0.0,.273,.333,.273,.606,,,,,,,,,,
146,689414,Liam Hicks,34,C,Catcher,Active,Miami Marlins,Hitter,Liam,,L,R,1999-06-02,26,"5' 9""",69,185,Toronto,ON,Canada,18.0,55.0,11.0,17.0,4.0,18.0,1.0,.309,.355,.545,.900,,,,,,,,,,
146,672640,Otto Lopez,6,2B,Infielder,Active,Miami Marlins,Hitter,Otto,,R,R,1998-10-01,27,"5' 10""",70,185,Santo Domingo,,Dominican Republic,18.0,67.0,12.0,22.0,2.0,8.0,3.0,.328,.387,.507,.894,,,,,,,,,,
146,683357,Owen Caissie,17,RF,Outfielder,Active,Miami Marlins,Hitter,Owen,,L,R,2002-07-08,23,"6' 4""",76,190,Burlington,ON,Canada,17.0,51.0,6.0,12.0,2.0,12.0,1.0,.235,.298,.431,.729,,,,,,,,,,
146,669364,Xavier Edwards,9,SS,Infielder,Active,Miami Marlins,Hitter,Xavier,,S,R,1999-08-09,26,"5' 9""",69,175,Mineola,NY,USA,19.0,71.0,14.0,24.0,1.0,6.0,2.0,.338,.405,.479,.884,,,,,,,,,,
146,677053,Andrew Nardi,43,P,Pitcher,Active,Miami Marlins,Pitcher,Andrew,,L,L,1998-08-18,27,"6' 3""",75,215,West Hills,CA,USA,,,,,,,,,,,,7.0,0.0,6.0,1.0,0.0,6.00,1.50,8.0,3.0,0.0
146,669622,Anthony Bender,37,P,Pitcher,Active,Miami Marlins,Pitcher,Anthony,,R,R,1995-02-03,31,"6' 4""",76,205,Petaluma,CA,USA,,,,,,,,,,,,8.0,0.0,7.0,1.0,0.0,6.43,1.86,8.0,6.0,1.0
146,676534,Calvin Faucher,53,P,Pitcher,Active,Miami Marlins,Pitcher,Calvin,,R,R,1995-09-22,30,"6' 1""",73,190,Chula Vista,CA,USA,,,,,,,,,,,,7.0,0.0,6.0,1.0,1.0,4.50,1.67,10.0,7.0,0.0
146,663978,Chris Paddack,33,P,Pitcher,Active,Miami Marlins,Pitcher,Chris,Sheriff,R,R,1996-01-08,30,"6' 5""",77,217,Austin,TX,USA,,,,,,,,,,,,4.0,3.0,19.1,0.0,3.0,5.59,1.45,18.0,5.0,0.0
146,691587,Eury Pérez,39,P,Pitcher,Active,Miami Marlins,Pitcher,Eury,,R,R,2003-04-15,23,"6' 8""",80,220,Santiago,,Dominican Republic,,,,,,,,,,,,4.0,4.0,20.0,1.0,1.0,5.40,1.55,20.0,11.0,0.0
146,676083,Janson Junk,26,P,Pitcher,Active,Miami Marlins,Pitcher,Janson,,R,R,1996-01-15,30,"6' 2""",74,197,Federal Way,WA,USA,,,,,,,,,,,,3.0,3.0,16.2,0.0,2.0,4.32,1.26,12.0,4.0,0.0
146,667463,John King,47,P,Pitcher,Active,Miami Marlins,Pitcher,John,,L,L,1994-09-14,31,"6' 2""",74,215,Laredo,TX,USA,,,,,,,,,,,,8.0,0.0,6.1,1.0,0.0,1.42,0.79,6.0,3.0,0.0
146,669199,Lake Bachar,84,P,Pitcher,Active,Miami Marlins,Pitcher,Lake,,R,R,1995-06-03,30,"6' 2""",74,219,Winfield,IL,USA,,,,,,,,,,,,5.0,0.0,9.0,0.0,0.0,3.00,1.00,14.0,4.0,0.0
146,676974,Max Meyer,23,P,Pitcher,Active,Miami Marlins,Pitcher,Max,,L,R,1999-03-12,27,"6' 0""",72,196,Woodbury,MN,USA,,,,,,,,,,,,4.0,4.0,19.2,1.0,0.0,4.12,1.32,20.0,9.0,0.0
146,656848,Michael Petersen,49,P,Pitcher,Active,Miami Marlins,Pitcher,Michael,,R,R,1994-05-16,31,"6' 7""",79,195,Middlesex,,United Kingdom,,,,,,,,,,,,7.0,0.0,8.0,1.0,1.0,3.38,1.13,7.0,4.0,1.0
146,664126,Pete Fairbanks,29,P,Pitcher,Active,Miami Marlins,Pitcher,Pete,,R,R,1993-12-16,32,"6' 6""",78,235,Milwaukee,WI,USA,,,,,,,,,,,,5.0,1.0,5.0,0.0,1.0,10.80,1.60,7.0,1.0,2.0
146,645261,Sandy Alcantara,22,P,Pitcher,Active,Miami Marlins,Pitcher,Sandy,Sandman,R,R,1995-09-07,30,"6' 5""",77,200,Azua,,Dominican Republic,,,,,,,,,,,,4.0,4.0,30.1,2.0,1.0,2.67,0.86,22.0,6.0,0.0
146,663969,Tyler Phillips,30,P,Pitcher,Active,Miami Marlins,Pitcher,Tyler,,R,R,1997-10-27,28,"6' 5""",77,225,Lumberton,NJ,USA,,,,,,,,,,,,5.0,0.0,10.2,0.0,0.0,0.84,1.03,12.0,5.0,1.0
147,592450,Aaron Judge,99,RF,Outfielder,Active,New York Yankees,Hitter,Aaron,Baj,R,R,1992-04-26,33,"6' 7""",79,282,Linden,CA,USA,19.0,70.0,16.0,17.0,8.0,14.0,3.0,.243,.329,.614,.943,,,,,,,,,,
147,642708,Amed Rosario,14,3B,Infielder,Active,New York Yankees,Hitter,Amed,Rosie,R,R,1995-11-20,30,"6' 1""",73,227,Santo Domingo,,Dominican Republic,12.0,31.0,2.0,9.0,2.0,6.0,0.0,.290,.324,.581,.905,,,,,,,,,,
147,669224,Austin Wells,28,C,Catcher,Active,New York Yankees,Hitter,Austin,,L,R,1999-07-12,26,"6' 1""",73,220,Scottsdale,AZ,USA,16.0,47.0,4.0,9.0,1.0,1.0,0.0,.191,.333,.277,.610,,,,,,,,,,
147,700250,Ben Rice,22,1B,Infielder,Active,New York Yankees,Hitter,Ben,,L,R,1999-02-22,27,"6' 2""",74,228,Cohasset,MA,USA,18.0,53.0,15.0,17.0,4.0,13.0,1.0,.321,.456,.660,1.116,,,,,,,,,,
147,641355,Cody Bellinger,35,LF,Outfielder,Active,New York Yankees,Hitter,Cody,Belli,L,L,1995-07-13,30,"6' 3""",75,204,Scottsdale,AZ,USA,18.0,63.0,10.0,16.0,1.0,6.0,3.0,.254,.355,.365,.720,,,,,,,,,,
147,519317,Giancarlo Stanton,27,DH,Hitter,Active,New York Yankees,Hitter,Giancarlo,Parmigiancarlo,R,R,1989-11-08,36,"6' 5""",77,245,Panorama,CA,USA,18.0,64.0,6.0,18.0,2.0,10.0,1.0,.281,.343,.422,.765,,,,,,,,,,
147,641555,J.C. Escarra,25,C,Catcher,Active,New York Yankees,Hitter,J.C.,,L,R,1995-04-24,30,"6' 2""",74,220,Hialeah,FL,USA,6.0,12.0,0.0,0.0,0.0,1.0,0.0,.000,.077,.000,.077,,,,,,,,,,
147,665862,Jazz Chisholm Jr.,13,2B,Infielder,Active,New York Yankees,Hitter,Jazz,,L,R,1998-02-01,28,"5' 11""",71,184,Nassau,,Bahamas,19.0,65.0,6.0,12.0,0.0,3.0,8.0,.185,.254,.262,.516,,,,,,,,,,
147,676609,José Caballero,72,SS,Infielder,Active,New York Yankees,Hitter,José,,R,R,1996-08-30,29,"5' 9""",69,190,Las Tablas,,Panama,18.0,60.0,6.0,12.0,1.0,8.0,7.0,.200,.250,.317,.567,,,,,,,,,,
147,502671,Paul Goldschmidt,48,1B,Infielder,Active,New York Yankees,Hitter,Paul,Goldy,R,R,1987-09-10,38,"6' 2""",74,225,Wilmington,DE,USA,7.0,16.0,4.0,3.0,1.0,3.0,0.0,.188,.350,.500,.850,,,,,,,,,,
147,545341,Randal Grichuk,34,RF,Outfielder,Active,New York Yankees,Hitter,Randal,Grich,R,R,1991-08-13,34,"6' 0""",72,210,Rosenberg,TX,USA,11.0,16.0,5.0,1.0,0.0,0.0,0.0,.063,.118,.125,.243,,,,,,,,,,
147,641857,Ryan McMahon,19,3B,Infielder,Active,New York Yankees,Hitter,Ryan,Ry Mac,L,R,1994-12-14,31,"6' 2""",74,211,Yorba Linda,CA,USA,17.0,42.0,2.0,5.0,0.0,2.0,0.0,.119,.260,.119,.379,,,,,,,,,,
147,663757,Trent Grisham,12,CF,Outfielder,Active,New York Yankees,Hitter,Trent,Grish,L,L,1996-11-01,29,"5' 10""",70,221,Burleson,TX,USA,19.0,56.0,9.0,9.0,2.0,11.0,1.0,.161,.329,.321,.650,,,,,,,,,,
147,683409,Angel Chivilli,57,P,Pitcher,Active,New York Yankees,Pitcher,Angel,,R,R,2002-07-28,23,"6' 2""",74,185,La Victoria,,Dominican Republic,,,,,,,,,,,,,,,,,,,,,
147,687396,Brent Headrick,47,P,Pitcher,Active,New York Yankees,Pitcher,Brent,,L,L,1997-12-17,28,"6' 6""",78,235,Braidwood,IL,USA,,,,,,,,,,,,12.0,0.0,10.1,1.0,0.0,1.74,1.65,12.0,5.0,0.0
147,693645,Cam Schlittler,31,P,Pitcher,Active,New York Yankees,Pitcher,Cam,,R,R,2001-02-05,25,"6' 6""",78,215,Weymouth,MA,USA,,,,,,,,,,,,4.0,4.0,21.2,2.0,1.0,2.49,0.74,30.0,1.0,0.0
147,666808,Camilo Doval,75,P,Pitcher,Active,New York Yankees,Pitcher,Camilo,,R,R,1997-07-04,28,"6' 2""",74,205,Yamasa,,Dominican Republic,,,,,,,,,,,,9.0,0.0,7.1,0.0,0.0,7.36,1.23,7.0,1.0,0.0
147,670280,David Bednar,53,P,Pitcher,Active,New York Yankees,Pitcher,David,,L,R,1994-10-10,31,"6' 1""",73,250,Pittsburgh,PA,USA,,,,,,,,,,,,8.0,0.0,7.2,1.0,2.0,4.70,1.96,10.0,4.0,5.0
147,518585,Fernando Cruz,63,P,Pitcher,Active,New York Yankees,Pitcher,Fernando,,R,R,1990-03-28,36,"6' 2""",74,237,Bayamon,,Puerto Rico,,,,,,,,,,,,9.0,0.0,6.2,1.0,0.0,1.35,1.20,8.0,6.0,0.0
147,661563,Luis Gil,81,P,Pitcher,Active,New York Yankees,Pitcher,Luis,,R,R,1998-06-03,27,"6' 3""",75,215,Azua,,Dominican Republic,,,,,,,,,,,,2.0,2.0,9.0,0.0,1.0,7.00,1.44,7.0,5.0,0.0
147,608331,Max Fried,54,P,Pitcher,Active,New York Yankees,Pitcher,Max,Maximus,L,L,1994-01-18,32,"6' 4""",76,190,Santa Monica,CA,USA,,,,,,,,,,,,5.0,5.0,31.1,2.0,0.0,2.30,0.77,23.0,7.0,0.0
147,621112,Paul Blackburn,58,P,Pitcher,Active,New York Yankees,Pitcher,Paul,Blackie,R,R,1993-12-04,32,"6' 1""",73,196,Antioch,CA,USA,5.0,0.0,0.0,0.0,0.0,0.0,0.0,.000,.000,.000,.000,5.0,0.0,6.0,1.0,1.0,3.00,2.00,4.0,2.0,0.0
147,677960,Ryan Weathers,40,P,Pitcher,Active,New York Yankees,Pitcher,Ryan,,R,L,1999-12-17,26,"6' 1""",73,230,Loretto,TN,USA,,,,,,,,,,,,4.0,4.0,21.0,0.0,2.0,4.29,1.38,28.0,7.0,0.0
147,642232,Ryan Yarbrough,33,P,Pitcher,Active,New York Yankees,Pitcher,Ryan,Yarbs,R,L,1991-12-31,34,"6' 5""",77,205,Austin,TX,USA,,,,,,,,,,,,4.0,0.0,5.2,0.0,0.0,1.59,1.06,4.0,2.0,0.0
147,657612,Tim Hill,41,P,Pitcher,Active,New York Yankees,Pitcher,Tim,Tim Jim,R,L,1990-02-10,36,"6' 4""",76,210,Mission Hills,CA,USA,,,,,,,,,,,,9.0,0.0,9.0,0.0,0.0,1.00,0.56,3.0,0.0,0.0
147,701542,Will Warren,29,P,Pitcher,Active,New York Yankees,Pitcher,Will,,R,R,1999-06-16,26,"6' 2""",74,200,Brandon,MS,USA,,,,,,,,,,,,4.0,4.0,18.1,1.0,0.0,2.45,1.25,20.0,6.0,0.0
158,663368,Blake Perkins,16,CF,Outfielder,Active,Milwaukee Brewers,Hitter,Blake,,S,R,1996-09-10,29,"6' 0""",72,185,Litchfield Park,AZ,USA,11.0,30.0,1.0,4.0,0.0,2.0,1.0,.133,.235,.200,.435,,,,,,,,,,
158,663604,Brandon Lockridge,20,LF,Outfielder,Active,Milwaukee Brewers,Hitter,Brandon,,R,R,1997-03-14,29,"6' 0""",72,197,Pensacola,FL,USA,16.0,45.0,5.0,12.0,0.0,5.0,3.0,.267,.340,.311,.651,,,,,,,,,,
158,668930,Brice Turang,2,2B,Infielder,Active,Milwaukee Brewers,Hitter,Brice,,L,R,1999-11-21,26,"6' 0""",72,190,Corona,CA,USA,16.0,58.0,17.0,18.0,3.0,11.0,6.0,.310,.437,.586,1.023,,,,,,,,,,
158,666152,David Hamilton,6,2B,Infielder,Active,Milwaukee Brewers,Hitter,David,,L,R,1997-09-29,28,"5' 10""",70,192,San Marcos,TX,USA,14.0,36.0,8.0,7.0,0.0,3.0,4.0,.194,.370,.194,.564,,,,,,,,,,
158,669003,Garrett Mitchell,5,CF,Outfielder,Active,Milwaukee Brewers,Hitter,Garrett,,L,R,1998-09-04,27,"6' 2""",74,229,Orange,CA,USA,15.0,41.0,5.0,11.0,1.0,13.0,3.0,.268,.412,.415,.827,,,,,,,,,,
158,596142,Gary Sánchez,99,C,Catcher,Active,Milwaukee Brewers,Hitter,Gary,Kraken,R,R,1992-12-02,33,"6' 2""",74,251,Santo Domingo,,Dominican Republic,12.0,32.0,7.0,8.0,5.0,9.0,0.0,.250,.400,.719,1.119,,,,,,,,,,
158,675659,Greg Jones,14,RF,Outfielder,Active,Milwaukee Brewers,Hitter,Greg,,S,R,1998-03-07,28,"6' 0""",72,189,Cary,NC,USA,1.0,1.0,0.0,0.0,0.0,0.0,0.0,.000,.000,.000,.000,,,,,,,,,,
158,641343,Jake Bauers,9,1B,Infielder,Active,Milwaukee Brewers,Hitter,Jake,JB,L,L,1995-10-06,30,"6' 0""",72,216,Newport Beach,CA,USA,16.0,53.0,10.0,12.0,5.0,13.0,2.0,.226,.305,.528,.833,,,,,,,,,,
158,687401,Joey Ortiz,3,SS,Infielder,Active,Milwaukee Brewers,Hitter,Joey,,R,R,1998-07-14,27,"5' 10""",70,192,Garden Grove,CA,USA,14.0,48.0,7.0,10.0,0.0,3.0,4.0,.208,.255,.208,.463,,,,,,,,,,
158,682641,Luis Matos,21,RF,Outfielder,Active,Milwaukee Brewers,Hitter,Luis,,R,R,2002-01-28,24,"5' 11""",71,205,Valera,,Venezuela,6.0,14.0,0.0,3.0,0.0,0.0,0.0,.214,.267,.214,.481,,,,,,,,,,
158,650859,Luis Rengifo,13,3B,Infielder,Active,Milwaukee Brewers,Hitter,Luis,Fifo,S,R,1997-02-26,29,"5' 9""",69,204,Naguanagua,,Venezuela,14.0,48.0,4.0,6.0,0.0,3.0,0.0,.125,.173,.208,.381,,,,,,,,,,
158,686217,Sal Frelick,10,RF,Outfielder,Active,Milwaukee Brewers,Hitter,Sal,,L,R,2000-04-19,25,"5' 9""",69,191,Boston,MA,USA,16.0,56.0,7.0,10.0,1.0,3.0,1.0,.179,.303,.268,.571,,,,,,,,,,
158,661388,William Contreras,24,C,Catcher,Active,Milwaukee Brewers,Hitter,William,,R,R,1997-12-24,28,"5' 10""",70,217,Puerto Cabello,,Venezuela,16.0,61.0,9.0,19.0,2.0,11.0,0.0,.311,.408,.475,.883,,,,,,,,,,
158,676879,Aaron Ashby,26,P,Pitcher,Active,Milwaukee Brewers,Pitcher,Aaron,,R,L,1998-05-24,27,"6' 0""",72,194,Kansas City,MO,USA,,,,,,,,,,,,10.0,1.0,13.2,4.0,0.0,3.29,1.32,22.0,6.0,0.0
158,682842,Abner Uribe,45,P,Pitcher,Active,Milwaukee Brewers,Pitcher,Abner,,R,R,2000-06-20,25,"6' 3""",75,205,Santo Domingo,,Dominican Republic,,,,,,,,,,,,8.0,0.0,7.1,0.0,0.0,4.91,1.23,8.0,1.0,1.0
158,672582,Angel Zerpa,61,P,Pitcher,Active,Milwaukee Brewers,Pitcher,Angel,,L,L,1999-09-27,26,"6' 0""",72,237,Valle de la Pascua,,Venezuela,,,,,,,,,,,,8.0,0.0,9.0,0.0,1.0,6.00,1.67,4.0,4.0,1.0
158,687075,Brandon Sproat,23,P,Pitcher,Active,Milwaukee Brewers,Pitcher,Brandon,,R,R,2000-09-17,25,"6' 3""",75,205,Pensacola,FL,USA,,,,,,,,,,,,4.0,2.0,15.1,0.0,1.0,7.63,1.76,16.0,10.0,0.0
158,605540,Brandon Woodruff,53,P,Pitcher,Active,Milwaukee Brewers,Pitcher,Brandon,Woody,L,R,1993-02-10,33,"6' 4""",76,241,Tupelo,MS,USA,,,,,,,,,,,,3.0,3.0,16.2,1.0,0.0,4.32,1.08,16.0,3.0,0.0
158,694477,Chad Patrick,39,P,Pitcher,Active,Milwaukee Brewers,Pitcher,Chad,,R,R,1998-08-14,27,"6' 1""",73,217,Crown Point,IN,USA,,,,,,,,,,,,4.0,3.0,19.0,1.0,0.0,0.95,1.16,9.0,7.0,0.0
158,669084,DL Hall,37,P,Pitcher,Active,Milwaukee Brewers,Pitcher,DL,,L,L,1998-09-19,27,"6' 1""",73,209,Valdosta,GA,USA,,,,,,,,,,,,8.0,0.0,8.2,0.0,0.0,0.00,1.27,10.0,6.0,0.0
158,668834,Easton McGee,50,P,Pitcher,Active,Milwaukee Brewers,Pitcher,Easton,,R,R,1997-12-26,28,"6' 7""",79,222,Hopkinsville,KY,USA,,,,,,,,,,,,1.0,0.0,1.0,0.0,0.0,0.00,1.00,0.0,0.0,0.0
158,681982,Grant Anderson,56,P,Pitcher,Active,Milwaukee Brewers,Pitcher,Grant,,R,R,1997-06-21,28,"6' 0""",72,213,Port Arthur,TX,USA,,,,,,,,,,,,9.0,0.0,9.2,0.0,1.0,3.72,1.14,9.0,5.0,0.0
158,694819,Jacob Misiorowski,32,P,Pitcher,Active,Milwaukee Brewers,Pitcher,Jacob,,R,R,2002-04-03,24,"6' 7""",79,201,Blue Springs,MO,USA,,,,,,,,,,,,4.0,4.0,21.2,1.0,1.0,3.32,1.02,33.0,9.0,0.0
158,663765,Jake Woodford,41,P,Pitcher,Active,Milwaukee Brewers,Pitcher,Jake,,R,R,1996-10-28,29,"6' 4""",76,215,St. Petersburg,FL,USA,,,,,,,,,,,,5.0,0.0,7.1,1.0,0.0,3.68,1.36,5.0,2.0,0.0
158,690986,Kyle Harrison,52,P,Pitcher,Active,Milwaukee Brewers,Pitcher,Kyle,,R,L,2001-08-12,24,"6' 2""",74,216,San Jose,CA,USA,,,,,,,,,,,,3.0,3.0,14.2,1.0,1.0,3.07,1.09,15.0,4.0,0.0
158,656730,Trevor Megill,29,P,Pitcher,Active,Milwaukee Brewers,Pitcher,Trevor,Gorilla,L,R,1993-12-05,32,"6' 8""",80,253,Long Beach,CA,USA,6.0,0.0,0.0,0.0,0.0,0.0,0.0,.000,.000,.000,.000,6.0,0.0,5.0,0.0,2.0,14.40,2.40,5.0,4.0,3.0
